# Blender v3.0.1 OBJ File: 'PoolFloats5.blend'
# www.blender.org
mtllib PoolFloatPack.mtl
o Torus
v -4.328481 0.250979 0.664127
v -4.173934 1.072008 0.699208
v -3.571994 0.191206 1.294057
v -3.720357 1.061480 1.347250
v -4.819285 0.130528 1.416578
v -4.819284 1.011170 1.587451
v -4.819284 0.260757 0.892333
v -4.819284 0.820494 0.887453
v -4.337964 0.861635 0.734735
v -3.512421 0.155032 -0.119473
v -4.279623 1.070594 1.295442
v -4.238807 0.234345 -0.119473
v -4.253932 0.796722 -0.119473
v -3.704344 1.033293 -0.119473
v -4.090080 1.043264 -0.119473
v -3.691487 1.079269 0.716923
v -3.522548 0.159122 0.704478
v -3.789168 1.329691 1.197745
v -4.115012 1.329136 1.196394
v -3.789140 1.278954 0.935981
v -4.112838 1.278167 0.932052
v -4.404278 1.017825 1.590976
v -4.230738 0.105303 1.403921
v -3.936344 1.010664 1.583875
v -3.827526 0.123038 1.395867
v -3.524802 0.399577 1.389673
v -3.709936 0.026636 -0.119473
v -3.738321 0.033452 0.729093
v -4.076159 0.023191 0.725245
v -4.031648 0.017984 -0.119473
v -3.528613 0.811889 1.384007
v -4.819284 0.802524 1.697906
v -4.819284 0.380839 1.684750
v -3.460517 0.791670 -0.119473
v -3.446145 0.401632 -0.119473
v -3.455989 0.804055 0.684326
v -3.446726 0.400583 0.681657
v -4.487183 0.842822 1.695240
v -4.451452 0.347413 1.678737
v -3.913324 0.848522 1.668027
v -3.883005 0.359539 1.651299
v -4.373515 0.746925 1.896771
v -4.374082 0.451435 1.896707
v -4.048831 0.747365 1.896849
v -4.048103 0.451129 1.896761
v -4.819284 1.056236 1.324146
v -3.797066 1.927853 1.135312
v -3.797590 1.793460 0.905921
v -4.124668 1.929044 1.134923
v -4.123746 1.794873 0.905493
v -4.328481 0.250979 -0.903073
v -4.179840 1.089456 -0.931707
v -3.571994 0.191206 -1.533003
v -3.720357 1.103604 -1.586196
v -4.819284 0.130528 -1.655524
v -4.819284 1.011170 -1.826397
v -4.819284 0.260757 -1.131279
v -4.819284 0.820494 -1.126399
v -4.337964 0.861635 -0.973681
v -4.290414 1.110876 -1.544740
v -3.691487 1.079269 -0.955869
v -3.522548 0.159122 -0.943424
v -3.789180 1.329663 -1.436704
v -4.115004 1.329097 -1.435352
v -3.789126 1.279013 -1.174948
v -4.112858 1.278237 -1.171026
v -4.404278 1.017825 -1.829921
v -4.230738 0.105303 -1.642867
v -3.936345 1.010664 -1.822821
v -3.827526 0.123038 -1.634813
v -3.524802 0.399577 -1.628618
v -3.738321 0.033452 -0.968040
v -4.076159 0.023191 -0.964191
v -3.528614 0.811889 -1.622953
v -4.819284 0.802524 -1.936852
v -4.819284 0.380839 -1.923696
v -3.455989 0.804055 -0.923272
v -3.446726 0.400583 -0.920603
v -4.451625 0.803410 -1.937321
v -4.416604 0.378420 -1.919337
v -3.924900 0.805952 -1.901178
v -3.917471 0.384073 -1.887518
v -4.819284 1.056236 -1.563091
v -3.797067 1.927853 -1.374258
v -3.797590 1.793460 -1.144867
v -4.124668 1.929045 -1.373869
v -4.123746 1.794872 -1.144439
v -3.668729 0.157004 1.362699
v -4.525208 0.256664 0.852986
v -4.357763 0.535746 0.650393
v -4.631002 1.013530 1.588701
v -4.557061 0.825476 0.871669
v -4.819284 0.535808 0.812961
v -4.819285 0.124305 1.119916
v -4.819284 0.220786 1.603629
v -3.635552 1.062806 1.066167
v -3.996286 1.094450 1.401280
v -4.819284 1.055075 1.486383
v -4.259051 1.001407 0.682180
v -3.514684 0.154888 0.298547
v -4.202279 0.966098 -0.119473
v -3.905185 1.065192 -0.119473
v -3.590122 0.078413 -0.119473
v -4.267626 0.520377 -0.119473
v -3.469317 0.257309 -0.119473
v -3.703764 1.041202 0.297144
v -3.540091 0.172921 1.069442
v -3.610875 0.084778 0.719203
v -4.361683 1.015005 1.039564
v -4.249080 1.074327 1.015384
v -4.266655 0.807925 0.318462
v -3.472938 0.257311 0.690718
v -4.115205 1.051607 0.290780
v -4.250230 0.247676 0.315861
v -3.941489 1.103600 0.619124
v -4.114910 1.616624 1.171646
v -4.114247 1.519275 0.936210
v -3.951063 1.266755 0.884334
v -4.172100 1.305494 1.063967
v -3.730806 1.306200 1.067513
v -3.952418 1.337635 1.246914
v -3.790665 1.123281 1.222267
v -4.128795 1.130397 1.216729
v -3.786327 1.120528 0.907749
v -4.117068 1.119107 0.895319
v -4.132317 1.018809 1.590910
v -4.502496 0.121544 1.405713
v -4.332839 0.208743 1.593473
v -4.349190 1.070860 1.493293
v -4.011499 0.104553 1.404759
v -3.878895 0.222218 1.570962
v -3.824954 1.045037 1.510521
v -3.869195 0.003786 -0.119473
v -3.898921 0.010200 0.729854
v -3.716398 0.025977 0.313468
v -4.819284 0.597163 1.710194
v -4.819284 0.935441 1.656234
v -4.238714 0.088464 0.710394
v -4.159055 0.084946 -0.119473
v -3.434794 0.595047 -0.119473
v -4.038720 0.016988 0.313880
v -3.544886 0.262059 1.358862
v -3.777479 0.062433 1.104680
v -3.513517 0.601968 1.395388
v -4.151972 0.049062 1.095834
v -3.433326 0.599817 0.679743
v -4.438438 0.942021 1.659017
v -4.660718 0.597190 1.711431
v -3.914376 0.948269 1.627756
v -3.678326 0.600389 1.588068
v -4.098773 0.205791 1.588504
v -4.172135 0.948310 1.656044
v -4.633179 0.378451 1.684869
v -4.656210 0.804633 1.699294
v -3.446195 0.401016 0.279946
v -3.458819 0.795937 0.283216
v -3.685475 0.390935 1.572936
v -3.687386 0.811284 1.575039
v -3.457469 0.401310 1.074020
v -3.463935 0.810019 1.070841
v -4.425733 0.599005 1.900914
v -3.996238 0.599005 1.901024
v -4.211303 0.387646 1.903460
v -4.211518 0.810228 1.903437
v -4.040413 0.444441 1.883259
v -4.393476 0.431699 1.707890
v -4.380895 0.753938 1.883301
v -4.025488 0.765030 1.699529
v -4.819284 0.990927 1.092243
v -4.570289 1.064881 1.324842
v -3.792762 1.615808 1.172049
v -3.792971 1.518522 0.936749
v -4.181773 1.862566 1.019440
v -3.960760 1.768490 0.861737
v -3.739787 1.860640 1.020291
v -3.960788 1.953655 1.179817
v -3.590429 0.970830 1.361487
v -3.550256 0.941786 -0.119473
v -3.538948 0.961007 0.694756
v -3.668729 0.157004 -1.601645
v -4.525208 0.256665 -1.091932
v -4.357763 0.535746 -0.889339
v -4.631003 1.013530 -1.827647
v -4.557061 0.825476 -1.110615
v -4.819284 0.535809 -1.051907
v -4.819284 0.124305 -1.358862
v -4.819284 0.220786 -1.842575
v -3.629315 1.093214 -1.303839
v -3.996286 1.107329 -1.640225
v -4.819284 1.055075 -1.725329
v -4.260199 1.004797 -0.919874
v -3.514684 0.154888 -0.537493
v -3.703763 1.041202 -0.536091
v -3.540092 0.172921 -1.308388
v -3.610876 0.084778 -0.958149
v -4.362715 1.017412 -1.278364
v -4.264510 1.110304 -1.252149
v -4.266655 0.807925 -0.557408
v -3.472938 0.257311 -0.929664
v -4.115205 1.051607 -0.529726
v -4.250230 0.247676 -0.554807
v -3.941489 1.103600 -0.858070
v -4.114910 1.616624 -1.410592
v -4.114247 1.519275 -1.175156
v -3.951063 1.266889 -1.123298
v -4.172101 1.305494 -1.302925
v -3.730806 1.306201 -1.306464
v -3.952423 1.337579 -1.485866
v -3.790780 1.137173 -1.461319
v -4.128676 1.136208 -1.455803
v -3.786245 1.117047 -1.146793
v -4.117162 1.115790 -1.134378
v -4.132317 1.018809 -1.829856
v -4.502496 0.121544 -1.644659
v -4.330065 0.211889 -1.830640
v -4.349190 1.071612 -1.732239
v -4.011499 0.104553 -1.643705
v -3.878923 0.225539 -1.807157
v -3.824954 1.045628 -1.749466
v -3.898921 0.010200 -0.968800
v -3.716398 0.025977 -0.552414
v -4.819284 0.597163 -1.949140
v -4.819284 0.935441 -1.895180
v -4.238714 0.088464 -0.949340
v -4.038720 0.016988 -0.552826
v -3.544886 0.262059 -1.597808
v -3.777479 0.062433 -1.343626
v -3.513518 0.601968 -1.634333
v -4.151972 0.049062 -1.334781
v -3.433326 0.599817 -0.918689
v -4.437017 0.938379 -1.896736
v -4.452113 0.596972 -1.948654
v -3.914318 0.944677 -1.864383
v -3.931599 0.598280 -1.913101
v -4.171893 0.379386 -1.914395
v -4.195969 0.804090 -1.932995
v -4.628382 0.379759 -1.922036
v -4.652769 0.802828 -1.937013
v -3.446196 0.401016 -0.518893
v -3.458819 0.795937 -0.522162
v -3.687522 0.392419 -1.809131
v -3.689349 0.809530 -1.811667
v -3.457470 0.401309 -1.312966
v -3.463935 0.810019 -1.309787
v -4.819284 0.990927 -1.331189
v -4.570289 1.064881 -1.563788
v -3.792762 1.615808 -1.410995
v -3.792971 1.518523 -1.175694
v -4.181773 1.862566 -1.258386
v -3.960760 1.768490 -1.100683
v -3.739787 1.860640 -1.259237
v -3.960788 1.953655 -1.418763
v -3.590430 0.973470 -1.600433
v -3.538948 0.961007 -0.933702
v -4.024704 0.433796 1.701687
v -4.381664 0.444699 1.883241
v -4.394351 0.765235 1.709135
v -4.041337 0.754351 1.883332
v -4.433596 0.101228 1.058371
v -4.553661 0.536084 0.791664
v -3.538777 0.971299 1.065877
v -4.562354 0.996706 1.086900
v -4.283162 1.033137 0.937532
v -4.220767 0.975164 0.302353
v -4.169708 0.084389 0.316449
v -4.279080 0.525457 0.316625
v -4.572091 0.216772 1.598725
v -3.547024 0.947597 0.292408
v -3.918654 1.072836 0.286632
v -3.716571 0.959799 1.540611
v -4.171125 1.568769 1.053522
v -3.961084 1.119159 1.275862
v -3.732275 1.122190 1.069352
v -3.951420 1.115130 0.840888
v -4.171907 1.116690 1.057098
v -4.647608 0.936910 1.657032
v -4.061898 1.061432 1.503038
v -3.594869 0.078233 0.308016
v -3.638873 0.108077 1.089128
v -3.944720 0.040484 1.106869
v -3.875415 0.002803 0.313887
v -4.211171 0.369595 1.883468
v -3.470085 0.256500 0.287820
v -3.434222 0.596729 0.278457
v -3.682954 0.245241 1.510901
v -3.485721 0.262166 1.070897
v -3.443087 0.601811 1.073937
v -4.211928 0.599107 1.946934
v -4.211405 0.828251 1.883462
v -3.980809 0.598983 1.882360
v -4.441039 0.598983 1.882333
v -4.599730 1.060141 1.488353
v -3.953727 1.499954 0.891205
v -3.736220 1.567532 1.054374
v -3.953829 1.634152 1.217492
v -4.433596 0.101227 -1.297317
v -4.553661 0.536084 -1.030610
v -3.538096 0.971632 -1.304683
v -4.562355 0.996706 -1.325846
v -4.287840 1.044045 -1.175816
v -4.220767 0.975164 -0.541299
v -4.169708 0.084389 -0.555395
v -4.279080 0.525457 -0.555571
v -4.571397 0.217099 -1.837275
v -3.547024 0.947597 -0.531354
v -3.918654 1.072836 -0.525578
v -3.716557 0.959360 -1.779025
v -4.171125 1.568769 -1.292468
v -3.961077 1.135783 -1.514823
v -3.731079 1.130202 -1.308247
v -3.951428 1.110802 -1.079895
v -4.177203 1.129040 -1.295495
v -4.651587 0.597066 -1.948953
v -4.647253 0.936459 -1.895719
v -4.171762 0.940070 -1.893431
v -4.061898 1.072568 -1.741984
v -3.594869 0.078233 -0.546962
v -3.638873 0.108077 -1.328074
v -3.944720 0.040484 -1.345816
v -3.875415 0.002803 -0.552833
v -4.098089 0.213839 -1.825645
v -3.470085 0.256500 -0.526767
v -3.434222 0.596729 -0.517403
v -3.682961 0.245612 -1.749207
v -3.686402 0.600321 -1.825074
v -3.485721 0.262166 -1.309843
v -3.443087 0.601811 -1.312883
v -4.201696 0.597213 -1.944113
v -4.599731 1.060141 -1.727299
v -3.953727 1.499953 -1.130151
v -3.736221 1.567532 -1.293320
v -3.953829 1.634152 -1.456438
v -4.458224 0.598776 1.710255
v -3.961797 0.598895 1.702751
v -4.209840 0.847285 1.698619
v -4.206966 0.350700 1.697528
v -4.021134 2.562236 0.772015
v -4.192165 2.534800 0.772724
v -4.021134 2.667522 0.881545
v -4.192165 2.665373 0.915612
v -3.999304 2.826156 0.762232
v -3.999304 2.627529 0.602232
v -4.199289 2.861677 0.784738
v -4.192165 2.577872 0.562232
v -4.819284 2.665373 0.915612
v -4.819284 2.534800 0.772724
v -4.819284 2.833937 0.805158
v -4.819284 2.577872 0.562232
v -4.244936 2.772593 0.657759
v -4.819284 2.751426 0.658198
v -4.390761 2.833937 0.805158
v -4.390761 2.665373 0.915613
v -4.390761 2.534800 0.772724
v -4.390761 2.577872 0.562232
v -4.390761 2.751427 0.658198
v -4.173947 2.957417 0.522571
v -4.192165 2.670500 0.355157
v -3.999304 2.936624 0.508793
v -3.999304 2.723725 0.385884
v -4.819284 2.795262 0.437825
v -4.235826 2.827693 0.454774
v -4.819284 2.670500 0.355157
v -4.390761 2.670500 0.355157
v -4.390761 2.795262 0.437824
v -4.021134 2.562236 -1.010961
v -4.192165 2.534800 -1.011670
v -4.021134 2.667522 -1.120491
v -4.192165 2.665373 -1.154559
v -3.999304 2.826156 -1.001178
v -3.999304 2.627529 -0.841178
v -4.199289 2.861677 -1.023684
v -4.192165 2.577872 -0.801178
v -4.819284 2.665373 -1.154559
v -4.819284 2.534800 -1.011669
v -4.819284 2.833937 -1.044104
v -4.819284 2.577872 -0.801178
v -4.244936 2.772593 -0.896705
v -4.819284 2.751427 -0.897144
v -4.390761 2.833937 -1.044104
v -4.390761 2.665373 -1.154559
v -4.390761 2.534800 -1.011670
v -4.390761 2.577872 -0.801178
v -4.390761 2.751427 -0.897144
v -4.173947 2.957418 -0.761517
v -4.192165 2.670500 -0.594103
v -3.999304 2.936624 -0.747739
v -3.999304 2.723725 -0.624830
v -4.819284 2.795262 -0.676770
v -4.235826 2.827693 -0.693720
v -4.819284 2.670500 -0.594103
v -4.390761 2.670500 -0.594103
v -4.390761 2.795262 -0.676771
v -4.091733 2.665843 0.909810
v -4.003044 2.740739 0.842742
v -4.003044 2.583715 0.696272
v -4.006783 2.605154 0.838211
v -4.192165 2.577897 0.870251
v -4.091733 2.539398 0.772569
v -3.999304 2.881673 0.668875
v -3.999304 2.667463 0.516210
v -4.192929 2.775506 0.880109
v -4.192165 2.543527 0.662137
v -4.088902 2.584079 0.567232
v -3.966558 2.726842 0.682232
v -4.233602 2.819251 0.706675
v -4.089287 2.868196 0.795445
v -4.819284 2.577897 0.870250
v -4.819284 2.771858 0.881751
v -4.819284 2.543527 0.662138
v -4.819284 2.805968 0.728827
v -4.581082 2.833937 0.805158
v -4.277063 2.665373 0.915613
v -4.277063 2.534800 0.772724
v -4.277063 2.577872 0.562232
v -4.581082 2.751426 0.658198
v -4.278736 2.836889 0.803067
v -4.581082 2.665372 0.915613
v -4.581082 2.534800 0.772724
v -4.581082 2.577872 0.562232
v -4.283701 2.755056 0.658137
v -4.390761 2.744771 0.579269
v -4.390761 2.805968 0.728827
v -4.390761 2.543527 0.662137
v -4.390761 2.577897 0.870251
v -4.390761 2.771857 0.881751
v -4.176608 2.904881 0.685842
v -4.192165 2.613910 0.478044
v -4.819284 2.744772 0.579269
v -4.237386 2.777377 0.598013
v -4.819284 2.613910 0.478044
v -4.390761 2.613910 0.478044
v -4.282521 2.799316 0.439943
v -4.277063 2.670500 0.355157
v -4.581082 2.670500 0.355157
v -4.581082 2.795262 0.437824
v -4.086626 2.979142 0.533561
v -4.214427 2.892556 0.488672
v -4.088903 2.677153 0.358998
v -3.966558 2.830174 0.447338
v -4.091733 2.665843 -1.148756
v -4.003044 2.740739 -1.081688
v -4.003044 2.583715 -0.935218
v -4.006783 2.605155 -1.077157
v -4.192165 2.577897 -1.109197
v -4.091733 2.539398 -1.011515
v -3.999304 2.881673 -0.907821
v -3.999304 2.667463 -0.755156
v -4.192929 2.775507 -1.119055
v -4.192165 2.543527 -0.901084
v -4.088903 2.584079 -0.806178
v -3.966559 2.726843 -0.921178
v -4.233602 2.819251 -0.945621
v -4.089287 2.868196 -1.034391
v -4.819284 2.577897 -1.109196
v -4.819284 2.771857 -1.120697
v -4.819284 2.543527 -0.901084
v -4.819284 2.805968 -0.967773
v -4.581082 2.833937 -1.044104
v -4.277063 2.665373 -1.154559
v -4.277063 2.534800 -1.011670
v -4.277063 2.577872 -0.801178
v -4.581082 2.751427 -0.897144
v -4.278736 2.836890 -1.042013
v -4.581082 2.665372 -1.154559
v -4.581082 2.534800 -1.011670
v -4.581082 2.577872 -0.801178
v -4.283702 2.755055 -0.897083
v -4.390761 2.744772 -0.818215
v -4.390761 2.805968 -0.967773
v -4.390761 2.543527 -0.901083
v -4.390761 2.577897 -1.109197
v -4.390761 2.771857 -1.120697
v -4.176608 2.904882 -0.924788
v -4.192165 2.613910 -0.716990
v -4.819284 2.744772 -0.818215
v -4.237387 2.777377 -0.836959
v -4.819284 2.613910 -0.716990
v -4.390761 2.613910 -0.716990
v -4.282521 2.799316 -0.678889
v -4.277063 2.670500 -0.594103
v -4.581082 2.670500 -0.594103
v -4.581082 2.795262 -0.676770
v -4.086626 2.979142 -0.772507
v -4.214427 2.892555 -0.727618
v -4.088903 2.677153 -0.597944
v -3.966559 2.830174 -0.686285
v -4.089801 2.772692 0.875957
v -4.581082 2.771857 0.881751
v -4.089610 2.548708 0.666103
v -3.971612 2.661268 0.770634
v -4.216811 2.840943 0.640585
v -4.087196 2.924886 0.699772
v -4.090318 2.581321 0.866225
v -4.581082 2.577897 0.870250
v -4.581082 2.543527 0.662138
v -4.581082 2.805968 0.728827
v -4.581082 2.613910 0.478044
v -4.277063 2.613910 0.478044
v -4.282097 2.808053 0.726391
v -4.277063 2.543527 0.662137
v -4.277063 2.577897 0.870251
v -4.277254 2.772552 0.881356
v -4.282816 2.748928 0.581433
v -4.581082 2.744772 0.579269
v -4.088902 2.620605 0.482815
v -3.966558 2.774568 0.592543
v -4.089801 2.772692 -1.114904
v -4.581082 2.771857 -1.120697
v -4.089610 2.548708 -0.905049
v -3.971612 2.661268 -1.009580
v -4.216811 2.840943 -0.879531
v -4.087196 2.924887 -0.938718
v -4.090318 2.581321 -1.105171
v -4.581082 2.577897 -1.109196
v -4.581082 2.543527 -0.901084
v -4.581082 2.805968 -0.967773
v -4.581082 2.613910 -0.716990
v -4.277063 2.613911 -0.716990
v -4.282097 2.808052 -0.965337
v -4.277063 2.543527 -0.901084
v -4.277063 2.577897 -1.109197
v -4.277254 2.772551 -1.120301
v -4.282816 2.748928 -0.820379
v -4.581082 2.744772 -0.818215
v -4.088903 2.620605 -0.721761
v -3.966559 2.774568 -0.831489
v -4.410197 0.680592 1.900496
v -4.410394 0.517558 1.900445
v -4.011910 0.680896 1.900606
v -4.011665 0.517305 1.900538
v -4.116298 0.407925 1.902148
v -4.306190 0.408188 1.902104
v -4.117068 0.790255 1.902174
v -4.305749 0.789865 1.902110
v -4.037590 0.441910 1.840167
v -4.432467 0.383499 1.688608
v -4.383698 0.756521 1.840073
v -3.961443 0.805405 1.686700
v -3.956050 0.390808 1.683801
v -4.384475 0.442174 1.840259
v -4.445625 0.806939 1.705786
v -4.038518 0.756947 1.839931
v -4.211167 0.365068 1.832241
v -4.114594 0.391261 1.884538
v -4.307708 0.391471 1.884525
v -4.039604 0.599056 1.922626
v -4.211769 0.762907 1.925077
v -4.382901 0.599055 1.922387
v -4.211601 0.435078 1.925123
v -4.211407 0.832773 1.832279
v -4.307051 0.806667 1.884536
v -4.115608 0.807030 1.884560
v -3.977037 0.598983 1.837260
v -3.996715 0.681298 1.883707
v -3.996516 0.516973 1.883655
v -4.444789 0.598983 1.837433
v -4.425415 0.517182 1.883627
v -4.425244 0.681033 1.883670
v -4.526568 0.598195 1.708597
v -4.441817 0.509826 1.701529
v -4.442134 0.687293 1.708826
v -3.879198 0.598973 1.687041
v -3.977852 0.687033 1.701613
v -3.977833 0.510966 1.700697
v -4.201611 0.884192 1.680748
v -4.315286 0.823783 1.694499
v -4.104256 0.823506 1.693826
v -4.184563 0.307114 1.674899
v -4.102324 0.375379 1.693397
v -4.313099 0.373201 1.693198
v -4.058271 0.341528 1.672363
v -4.316327 0.334870 1.669745
v -4.335883 0.854326 1.678481
v -4.067477 0.852383 1.676071
v -3.909588 0.708982 1.686285
v -3.908067 0.487895 1.685556
v -4.516397 0.463609 1.689882
v -4.505680 0.715482 1.703088
v -4.429433 0.515633 1.835313
v -4.429280 0.682605 1.835170
v -3.992652 0.682880 1.834970
v -3.992476 0.515417 1.835152
v -4.309118 0.811133 1.831568
v -4.113536 0.811514 1.831455
v -4.352193 0.471299 1.915015
v -4.351919 0.726813 1.915025
v -4.070837 0.727292 1.915190
v -4.070393 0.470907 1.915151
v -4.112486 0.386811 1.831536
v -4.309807 0.387028 1.831605
v -3.806820 2.293001 0.703567
v -3.808511 2.437504 0.555057
v -4.147808 2.437887 0.554514
v -4.143037 2.293805 0.702804
v -3.805897 2.516937 0.894461
v -3.807194 2.647320 0.751985
v -4.148736 2.647664 0.751594
v -4.144894 2.517589 0.893916
v -3.808511 2.437503 -0.794003
v -3.806820 2.293001 -0.942513
v -4.143037 2.293804 -0.941750
v -4.147808 2.437887 -0.793460
v -3.807194 2.647320 -0.990931
v -3.805897 2.516937 -1.133406
v -4.144895 2.517589 -1.132862
v -4.148736 2.647665 -0.990540
v -3.800982 2.177840 1.077168
v -3.803819 2.360375 0.998989
v -3.977939 2.687667 0.789844
v -3.975443 2.559428 0.930955
v -3.808002 2.780771 0.508279
v -3.808064 2.844128 0.321871
v -3.801460 1.993930 0.856025
v -3.804896 2.185795 0.773364
v -3.808862 2.533460 0.397233
v -3.808987 2.606936 0.203623
v -3.746916 2.541819 0.652782
v -3.745735 2.404835 0.798439
v -4.209228 2.542372 0.652118
v -4.204688 2.405924 0.797434
v -3.974831 2.251245 0.667713
v -3.978185 2.398333 0.518269
v -4.153044 2.844182 0.321757
v -4.151620 2.780909 0.508042
v -4.152193 2.606966 0.203478
v -4.150424 2.533611 0.396915
v -4.139774 2.361278 0.998418
v -4.133640 2.178995 1.076653
v -4.131817 1.995330 0.855343
v -4.139309 2.186928 0.772597
v -3.803819 2.360375 -1.237935
v -3.800982 2.177840 -1.316113
v -3.975443 2.559428 -1.169901
v -3.977939 2.687668 -1.028790
v -3.808064 2.844128 -0.560817
v -3.808002 2.780771 -0.747225
v -3.804896 2.185795 -1.012311
v -3.801460 1.993930 -1.094971
v -3.808987 2.606935 -0.442569
v -3.808862 2.533459 -0.636179
v -3.745735 2.404835 -1.037385
v -3.746916 2.541819 -0.891728
v -4.204688 2.405924 -1.036380
v -4.209228 2.542372 -0.891064
v -3.978185 2.398333 -0.757215
v -3.974831 2.251245 -0.906659
v -4.151620 2.780909 -0.746988
v -4.153044 2.844182 -0.560703
v -4.150424 2.533611 -0.635861
v -4.152193 2.606966 -0.442424
v -4.133640 2.178995 -1.315598
v -4.139774 2.361278 -1.237364
v -4.139310 2.186928 -1.011543
v -4.131817 1.995330 -1.094289
v -3.971691 2.393779 1.042100
v -3.967322 2.213058 1.119802
v -3.979841 2.828225 0.529834
v -3.980553 2.890540 0.344733
v -3.744397 2.272944 0.885670
v -3.742359 2.085670 0.966071
v -4.211877 2.657261 0.451925
v -4.213200 2.724914 0.262229
v -3.972239 2.153259 0.730810
v -3.966595 1.959851 0.813861
v -3.747958 2.724834 0.262419
v -3.747616 2.657019 0.452340
v -3.980588 2.561478 0.181325
v -3.979586 2.486204 0.376192
v -4.191700 2.087580 0.964981
v -4.199515 2.274363 0.884595
v -3.971691 2.393779 -1.281046
v -3.967322 2.213058 -1.358748
v -3.979841 2.828225 -0.768780
v -3.980553 2.890540 -0.583679
v -3.744397 2.272944 -1.124616
v -3.742359 2.085670 -1.205017
v -4.211877 2.657262 -0.690871
v -4.213200 2.724915 -0.501175
v -3.972239 2.153259 -0.969756
v -3.966595 1.959851 -1.052807
v -3.747958 2.724834 -0.501365
v -3.747616 2.657019 -0.691286
v -3.980588 2.561478 -0.420271
v -3.979586 2.486204 -0.615138
v -4.191700 2.087580 -1.203927
v -4.199516 2.274362 -1.123541
v -5.310089 0.250979 0.664127
v -5.464635 1.072009 0.699208
v -6.066576 0.191207 1.294057
v -5.918212 1.061481 1.347250
v -5.300605 0.861635 0.734735
v -6.126148 0.155033 -0.119473
v -5.358946 1.070595 1.295442
v -5.399762 0.234345 -0.119473
v -5.384638 0.796722 -0.119473
v -5.934225 1.033294 -0.119473
v -5.548489 1.043265 -0.119473
v -5.947082 1.079269 0.716923
v -6.116021 0.159123 0.704478
v -5.849401 1.329692 1.197745
v -5.523557 1.329136 1.196393
v -5.849429 1.278954 0.935981
v -5.525731 1.278168 0.932052
v -5.234291 1.017825 1.590976
v -5.407831 0.105303 1.403921
v -5.702225 1.010665 1.583875
v -5.811043 0.123038 1.395867
v -6.113767 0.399578 1.389673
v -5.928633 0.026637 -0.119473
v -5.900249 0.033452 0.729093
v -5.562410 0.023192 0.725245
v -5.606921 0.017985 -0.119473
v -6.109956 0.811890 1.384007
v -6.178052 0.791671 -0.119473
v -6.192424 0.401633 -0.119473
v -6.182580 0.804056 0.684326
v -6.191843 0.400583 0.681657
v -5.151386 0.842822 1.695240
v -5.187117 0.347413 1.678737
v -5.725245 0.848523 1.668027
v -5.755564 0.359539 1.651299
v -5.265055 0.746925 1.896771
v -5.264488 0.451435 1.896707
v -5.589738 0.747366 1.896849
v -5.590466 0.451129 1.896761
v -5.841502 1.927853 1.135312
v -5.840979 1.793461 0.905921
v -5.513901 1.929045 1.134923
v -5.514822 1.794873 0.905493
v -5.310089 0.250979 -0.903073
v -5.458729 1.089457 -0.931707
v -6.066576 0.191207 -1.533003
v -5.918211 1.103604 -1.586196
v -5.300605 0.861636 -0.973681
v -5.348155 1.110877 -1.544740
v -5.947082 1.079269 -0.955869
v -6.116021 0.159123 -0.943424
v -5.849389 1.329664 -1.436704
v -5.523565 1.329097 -1.435352
v -5.849443 1.279013 -1.174948
v -5.525710 1.278237 -1.171026
v -5.234291 1.017825 -1.829921
v -5.407831 0.105303 -1.642867
v -5.702224 1.010665 -1.822821
v -5.811043 0.123038 -1.634813
v -6.113767 0.399578 -1.628618
v -5.900248 0.033453 -0.968040
v -5.562410 0.023192 -0.964191
v -6.109955 0.811890 -1.622953
v -6.182580 0.804056 -0.923272
v -6.191843 0.400584 -0.920603
v -5.186944 0.803410 -1.937321
v -5.221965 0.378420 -1.919337
v -5.713669 0.805953 -1.901178
v -5.721098 0.384074 -1.887518
v -5.841502 1.927853 -1.374258
v -5.840978 1.793461 -1.144867
v -5.513900 1.929045 -1.373869
v -5.514822 1.794873 -1.144439
v -5.969840 0.157004 1.362699
v -5.113361 0.256665 0.852986
v -5.280807 0.535746 0.650393
v -5.007566 1.013530 1.588701
v -5.081508 0.825476 0.871669
v -6.003017 1.062807 1.066167
v -5.642283 1.094450 1.401280
v -5.379518 1.001407 0.682180
v -6.123885 0.154889 0.298547
v -5.436290 0.966098 -0.119473
v -5.733384 1.065193 -0.119473
v -6.048448 0.078414 -0.119473
v -5.370943 0.520378 -0.119473
v -6.169252 0.257310 -0.119473
v -5.934805 1.041202 0.297144
v -6.098478 0.172922 1.069442
v -6.027694 0.084778 0.719203
v -5.276886 1.015005 1.039564
v -5.389489 1.074327 1.015384
v -5.371914 0.807925 0.318462
v -6.165631 0.257312 0.690718
v -5.523364 1.051607 0.290780
v -5.388339 0.247676 0.315861
v -5.697080 1.103600 0.619124
v -5.523659 1.616625 1.171646
v -5.524322 1.519276 0.936210
v -5.687506 1.266755 0.884334
v -5.466469 1.305495 1.063967
v -5.907763 1.306200 1.067513
v -5.686151 1.337635 1.246914
v -5.847903 1.123282 1.222267
v -5.509774 1.130398 1.216729
v -5.852242 1.120528 0.907749
v -5.521501 1.119107 0.895319
v -5.506252 1.018810 1.590910
v -5.136073 0.121544 1.405713
v -5.305730 0.208743 1.593473
v -5.289379 1.070860 1.493293
v -5.627070 0.104553 1.404759
v -5.759675 0.222219 1.570962
v -5.813615 1.045038 1.510521
v -5.769374 0.003787 -0.119473
v -5.739648 0.010201 0.729854
v -5.922171 0.025977 0.313468
v -5.399856 0.088464 0.710394
v -5.479514 0.084946 -0.119473
v -6.203775 0.595048 -0.119473
v -5.599850 0.016988 0.313880
v -6.093684 0.262060 1.358862
v -5.861091 0.062433 1.104680
v -6.125052 0.601968 1.395388
v -5.486597 0.049063 1.095834
v -6.205244 0.599817 0.679743
v -5.200131 0.942021 1.659017
v -4.977851 0.597190 1.711431
v -5.724193 0.948269 1.627756
v -5.960243 0.600389 1.588068
v -5.539797 0.205791 1.588504
v -5.466434 0.948310 1.656044
v -5.005391 0.378451 1.684869
v -4.982359 0.804633 1.699294
v -6.192374 0.401016 0.279946
v -6.179750 0.795937 0.283216
v -5.953094 0.390936 1.572936
v -5.951183 0.811284 1.575039
v -6.181100 0.401310 1.074019
v -6.174634 0.810020 1.070841
v -5.212836 0.599005 1.900914
v -5.642331 0.599005 1.901024
v -5.427267 0.387646 1.903460
v -5.427051 0.810229 1.903437
v -5.598156 0.444442 1.883259
v -5.245094 0.431699 1.707890
v -5.257674 0.753938 1.883301
v -5.613081 0.765030 1.699529
v -5.068280 1.064881 1.324842
v -5.845806 1.615809 1.172049
v -5.845598 1.518523 0.936748
v -5.456796 1.862566 1.019440
v -5.677809 1.768490 0.861737
v -5.898782 1.860640 1.020291
v -5.677781 1.953655 1.179817
v -6.048140 0.970831 1.361487
v -6.088313 0.941786 -0.119473
v -6.099621 0.961008 0.694755
v -5.969840 0.157004 -1.601645
v -5.113361 0.256665 -1.091932
v -5.280806 0.535746 -0.889339
v -5.007566 1.013530 -1.827647
v -5.081508 0.825476 -1.110615
v -6.009254 1.093215 -1.303839
v -5.642283 1.107330 -1.640225
v -5.378370 1.004797 -0.919874
v -6.123885 0.154889 -0.537493
v -5.934805 1.041202 -0.536091
v -6.098478 0.172922 -1.308388
v -6.027694 0.084778 -0.958149
v -5.275854 1.017412 -1.278364
v -5.374059 1.110304 -1.252149
v -5.371914 0.807925 -0.557408
v -6.165631 0.257312 -0.929664
v -5.523364 1.051607 -0.529726
v -5.388339 0.247676 -0.554807
v -5.697079 1.103600 -0.858070
v -5.523659 1.616625 -1.410592
v -5.524322 1.519276 -1.175156
v -5.687505 1.266889 -1.123298
v -5.466468 1.305494 -1.302925
v -5.907762 1.306202 -1.306464
v -5.686146 1.337579 -1.485866
v -5.847789 1.137173 -1.461319
v -5.509893 1.136208 -1.455803
v -5.852324 1.117048 -1.146793
v -5.521407 1.115791 -1.134378
v -5.506252 1.018810 -1.829856
v -5.136073 0.121544 -1.644659
v -5.308505 0.211889 -1.830640
v -5.289379 1.071612 -1.732239
v -5.627070 0.104553 -1.643705
v -5.759646 0.225540 -1.807157
v -5.813615 1.045629 -1.749466
v -5.739648 0.010201 -0.968800
v -5.922171 0.025977 -0.552414
v -5.399856 0.088464 -0.949340
v -5.599850 0.016988 -0.552826
v -6.093683 0.262060 -1.597808
v -5.861090 0.062433 -1.343626
v -6.125051 0.601968 -1.634333
v -5.486597 0.049063 -1.334781
v -6.205244 0.599817 -0.918689
v -5.201552 0.938379 -1.896736
v -5.186456 0.596972 -1.948654
v -5.724251 0.944678 -1.864383
v -5.706970 0.598280 -1.913101
v -5.466676 0.379386 -1.914395
v -5.442600 0.804090 -1.932995
v -5.010187 0.379759 -1.922036
v -4.985800 0.802828 -1.937013
v -6.192374 0.401016 -0.518893
v -6.179750 0.795937 -0.522162
v -5.951046 0.392419 -1.809131
v -5.949220 0.809530 -1.811667
v -6.181099 0.401310 -1.312966
v -6.174634 0.810020 -1.309787
v -5.068280 1.064881 -1.563788
v -5.845806 1.615809 -1.410995
v -5.845597 1.518523 -1.175694
v -5.456795 1.862567 -1.258386
v -5.677809 1.768490 -1.100683
v -5.898782 1.860640 -1.259237
v -5.677780 1.953655 -1.418763
v -6.048140 0.973471 -1.600433
v -6.099621 0.961008 -0.933702
v -5.613865 0.433796 1.701687
v -5.256905 0.444700 1.883241
v -5.244219 0.765236 1.709135
v -5.597232 0.754351 1.883332
v -5.204974 0.101228 1.058371
v -5.084908 0.536084 0.791664
v -6.099792 0.971300 1.065877
v -5.076215 0.996706 1.086900
v -5.355407 1.033137 0.937532
v -5.417801 0.975164 0.302353
v -5.468861 0.084390 0.316449
v -5.359489 0.525457 0.316625
v -5.066479 0.216772 1.598725
v -6.091545 0.947597 0.292408
v -5.719915 1.072836 0.286632
v -5.921998 0.959799 1.540611
v -5.467443 1.568769 1.053522
v -5.677485 1.119160 1.275862
v -5.906294 1.122190 1.069352
v -5.687149 1.115130 0.840888
v -5.466662 1.116690 1.057098
v -4.990961 0.936910 1.657032
v -5.576671 1.061432 1.503038
v -6.043700 0.078234 0.308016
v -5.999697 0.108078 1.089128
v -5.693850 0.040485 1.106869
v -5.763155 0.002804 0.313887
v -5.427399 0.369595 1.883468
v -6.168485 0.256500 0.287820
v -6.204347 0.596730 0.278457
v -5.955616 0.245241 1.510901
v -6.152849 0.262167 1.070897
v -6.195482 0.601812 1.073937
v -5.426641 0.599107 1.946934
v -5.427164 0.828252 1.883462
v -5.657760 0.598984 1.882360
v -5.197530 0.598983 1.882333
v -5.038838 1.060141 1.488353
v -5.684842 1.499954 0.891205
v -5.902349 1.567533 1.054374
v -5.684740 1.634152 1.217492
v -5.204974 0.101228 -1.297317
v -5.084908 0.536084 -1.030610
v -6.100473 0.971633 -1.304683
v -5.076214 0.996707 -1.325846
v -5.350729 1.044045 -1.175816
v -5.417801 0.975164 -0.541299
v -5.468861 0.084390 -0.555395
v -5.359489 0.525457 -0.555571
v -5.067173 0.217099 -1.837275
v -6.091545 0.947597 -0.531354
v -5.719915 1.072836 -0.525578
v -5.922012 0.959361 -1.779025
v -5.467443 1.568769 -1.292468
v -5.677492 1.135783 -1.514823
v -5.907490 1.130203 -1.308247
v -5.687141 1.110802 -1.079895
v -5.461366 1.129040 -1.295495
v -4.986982 0.597066 -1.948953
v -4.991316 0.936459 -1.895719
v -5.466807 0.940070 -1.893431
v -5.576671 1.072569 -1.741984
v -6.043700 0.078234 -0.546962
v -5.999697 0.108078 -1.328074
v -5.693849 0.040485 -1.345816
v -5.763155 0.002803 -0.552833
v -5.540480 0.213840 -1.825645
v -6.168485 0.256501 -0.526767
v -6.204347 0.596730 -0.517403
v -5.955608 0.245612 -1.749207
v -5.952168 0.600322 -1.825074
v -6.152848 0.262167 -1.309843
v -6.195481 0.601812 -1.312883
v -5.436873 0.597213 -1.944113
v -5.038838 1.060141 -1.727299
v -5.684842 1.499954 -1.130151
v -5.902348 1.567533 -1.293320
v -5.684740 1.634152 -1.456438
v -5.180346 0.598776 1.710255
v -5.676773 0.598895 1.702751
v -5.428729 0.847285 1.698619
v -5.431603 0.350700 1.697528
v -5.617434 2.562236 0.772015
v -5.446403 2.534800 0.772724
v -5.617434 2.667523 0.881545
v -5.446403 2.665373 0.915612
v -5.639264 2.826157 0.762232
v -5.639264 2.627529 0.602232
v -5.439279 2.861677 0.784738
v -5.446403 2.577872 0.562232
v -5.393633 2.772594 0.657759
v -5.247807 2.833937 0.805158
v -5.247807 2.665373 0.915613
v -5.247807 2.534800 0.772724
v -5.247807 2.577872 0.562232
v -5.247807 2.751427 0.658198
v -5.464621 2.957418 0.522571
v -5.446403 2.670500 0.355157
v -5.639264 2.936624 0.508793
v -5.639264 2.723725 0.385884
v -5.402742 2.827694 0.454774
v -5.247807 2.670500 0.355157
v -5.247807 2.795263 0.437824
v -5.617434 2.562236 -1.010961
v -5.446403 2.534801 -1.011670
v -5.617434 2.667523 -1.120491
v -5.446403 2.665373 -1.154559
v -5.639264 2.826157 -1.001178
v -5.639264 2.627529 -0.841178
v -5.439279 2.861677 -1.023684
v -5.446403 2.577872 -0.801178
v -5.393632 2.772594 -0.896705
v -5.247807 2.833938 -1.044104
v -5.247807 2.665373 -1.154559
v -5.247807 2.534800 -1.011670
v -5.247807 2.577872 -0.801178
v -5.247807 2.751427 -0.897144
v -5.464621 2.957418 -0.761517
v -5.446403 2.670500 -0.594103
v -5.639264 2.936624 -0.747739
v -5.639264 2.723725 -0.624830
v -5.402742 2.827694 -0.693720
v -5.247807 2.670500 -0.594103
v -5.247807 2.795262 -0.676771
v -5.546835 2.665843 0.909810
v -5.635525 2.740739 0.842742
v -5.635525 2.583716 0.696272
v -5.631785 2.605155 0.838211
v -5.446403 2.577897 0.870251
v -5.546835 2.539398 0.772569
v -5.639264 2.881674 0.668875
v -5.639264 2.667464 0.516210
v -5.445640 2.775507 0.880109
v -5.446403 2.543527 0.662137
v -5.549665 2.584080 0.567232
v -5.672009 2.726843 0.682232
v -5.404966 2.819252 0.706675
v -5.549282 2.868196 0.795445
v -5.057486 2.833937 0.805158
v -5.361505 2.665373 0.915613
v -5.361505 2.534800 0.772724
v -5.361505 2.577872 0.562232
v -5.057486 2.751426 0.658198
v -5.359832 2.836890 0.803067
v -5.057486 2.665372 0.915613
v -5.057486 2.534800 0.772724
v -5.057486 2.577872 0.562232
v -5.354867 2.755056 0.658137
v -5.247807 2.744772 0.579269
v -5.247807 2.805968 0.728827
v -5.247807 2.543527 0.662137
v -5.247807 2.577897 0.870251
v -5.247807 2.771858 0.881751
v -5.461960 2.904882 0.685842
v -5.446403 2.613911 0.478044
v -5.401182 2.777377 0.598013
v -5.247807 2.613910 0.478044
v -5.356047 2.799316 0.439943
v -5.361505 2.670500 0.355157
v -5.057486 2.670500 0.355157
v -5.057486 2.795263 0.437824
v -5.551942 2.979142 0.533561
v -5.424141 2.892556 0.488672
v -5.549665 2.677154 0.358998
v -5.672009 2.830175 0.447338
v -5.546835 2.665844 -1.148756
v -5.635524 2.740739 -1.081688
v -5.635525 2.583716 -0.935218
v -5.631785 2.605155 -1.077157
v -5.446403 2.577897 -1.109197
v -5.546835 2.539398 -1.011515
v -5.639264 2.881674 -0.907821
v -5.639264 2.667464 -0.755156
v -5.445639 2.775507 -1.119055
v -5.446403 2.543528 -0.901084
v -5.549665 2.584080 -0.806178
v -5.672009 2.726843 -0.921178
v -5.404966 2.819251 -0.945621
v -5.549281 2.868196 -1.034391
v -5.057486 2.833937 -1.044104
v -5.361505 2.665373 -1.154559
v -5.361505 2.534800 -1.011670
v -5.361505 2.577872 -0.801178
v -5.057486 2.751427 -0.897144
v -5.359832 2.836890 -1.042013
v -5.057486 2.665372 -1.154559
v -5.057486 2.534800 -1.011670
v -5.057486 2.577872 -0.801178
v -5.354867 2.755056 -0.897083
v -5.247807 2.744772 -0.818215
v -5.247807 2.805968 -0.967773
v -5.247807 2.543527 -0.901083
v -5.247807 2.577897 -1.109197
v -5.247807 2.771857 -1.120697
v -5.461960 2.904882 -0.924788
v -5.446403 2.613911 -0.716990
v -5.401182 2.777377 -0.836959
v -5.247807 2.613910 -0.716990
v -5.356047 2.799316 -0.678889
v -5.361505 2.670500 -0.594103
v -5.057486 2.670500 -0.594103
v -5.057486 2.795262 -0.676770
v -5.551942 2.979142 -0.772507
v -5.424140 2.892556 -0.727618
v -5.549665 2.677153 -0.597944
v -5.672009 2.830175 -0.686285
v -5.548767 2.772692 0.875957
v -5.057486 2.771857 0.881751
v -5.548958 2.548709 0.666103
v -5.666956 2.661269 0.770634
v -5.421757 2.840943 0.640585
v -5.551372 2.924887 0.699772
v -5.548250 2.581321 0.866225
v -5.057486 2.577897 0.870250
v -5.057486 2.543527 0.662138
v -5.057486 2.805968 0.728827
v -5.057486 2.613910 0.478044
v -5.361505 2.613911 0.478044
v -5.356471 2.808053 0.726391
v -5.361505 2.543527 0.662137
v -5.361505 2.577897 0.870251
v -5.361314 2.772552 0.881356
v -5.355752 2.748928 0.581433
v -5.057486 2.744772 0.579269
v -5.549665 2.620605 0.482815
v -5.672009 2.774569 0.592543
v -5.548767 2.772692 -1.114904
v -5.057486 2.771858 -1.120697
v -5.548958 2.548708 -0.905049
v -5.666956 2.661268 -1.009580
v -5.421757 2.840943 -0.879531
v -5.551372 2.924887 -0.938718
v -5.548250 2.581322 -1.105171
v -5.057486 2.577897 -1.109196
v -5.057486 2.543527 -0.901084
v -5.057486 2.805968 -0.967773
v -5.057486 2.613910 -0.716990
v -5.361505 2.613911 -0.716990
v -5.356471 2.808053 -0.965337
v -5.361505 2.543528 -0.901084
v -5.361505 2.577897 -1.109197
v -5.361314 2.772552 -1.120301
v -5.355752 2.748929 -0.820379
v -5.057486 2.744772 -0.818215
v -5.549665 2.620605 -0.721761
v -5.672009 2.774569 -0.831489
v -5.228372 0.680592 1.900496
v -5.228175 0.517559 1.900445
v -5.626658 0.680897 1.900606
v -5.626904 0.517306 1.900538
v -5.522271 0.407926 1.902148
v -5.332379 0.408188 1.902104
v -5.521501 0.790255 1.902174
v -5.332820 0.789865 1.902110
v -5.600979 0.441911 1.840167
v -5.206103 0.383499 1.688608
v -5.254871 0.756522 1.840073
v -5.677125 0.805406 1.686700
v -5.682519 0.390808 1.683801
v -5.254095 0.442174 1.840259
v -5.192944 0.806940 1.705786
v -5.600051 0.756947 1.839931
v -5.427402 0.365068 1.832241
v -5.523975 0.391261 1.884538
v -5.330862 0.391471 1.884525
v -5.598965 0.599056 1.922626
v -5.426801 0.762907 1.925077
v -5.255668 0.599055 1.922387
v -5.426968 0.435078 1.925123
v -5.427163 0.832773 1.832279
v -5.331518 0.806667 1.884536
v -5.522962 0.807031 1.884560
v -5.661532 0.598983 1.837260
v -5.641854 0.681299 1.883707
v -5.642054 0.516973 1.883655
v -5.193779 0.598983 1.837433
v -5.213154 0.517183 1.883627
v -5.213325 0.681033 1.883670
v -5.112001 0.598195 1.708597
v -5.196752 0.509826 1.701529
v -5.196435 0.687294 1.708826
v -5.759372 0.598974 1.687041
v -5.660717 0.687034 1.701613
v -5.660736 0.510967 1.700697
v -5.436958 0.884193 1.680748
v -5.323283 0.823784 1.694499
v -5.534313 0.823507 1.693826
v -5.454007 0.307115 1.674899
v -5.536245 0.375379 1.693397
v -5.325470 0.373201 1.693198
v -5.580298 0.341529 1.672363
v -5.322243 0.334871 1.669745
v -5.302686 0.854326 1.678481
v -5.571092 0.852383 1.676071
v -5.728981 0.708982 1.686285
v -5.730503 0.487896 1.685556
v -5.122172 0.463610 1.689882
v -5.132889 0.715482 1.703088
v -5.209136 0.515633 1.835313
v -5.209289 0.682605 1.835170
v -5.645916 0.682881 1.834970
v -5.646093 0.515417 1.835152
v -5.329451 0.811133 1.831568
v -5.525033 0.811514 1.831455
v -5.286376 0.471299 1.915015
v -5.286650 0.726813 1.915025
v -5.567732 0.727292 1.915190
v -5.568176 0.470907 1.915151
v -5.526083 0.386811 1.831536
v -5.328762 0.387028 1.831605
v -5.831748 2.293001 0.703567
v -5.830057 2.437504 0.555057
v -5.490761 2.437887 0.554514
v -5.495532 2.293805 0.702804
v -5.832672 2.516938 0.894461
v -5.831374 2.647321 0.751985
v -5.489831 2.647665 0.751594
v -5.493674 2.517589 0.893916
v -5.830057 2.437504 -0.794003
v -5.831748 2.293001 -0.942513
v -5.495532 2.293805 -0.941750
v -5.490760 2.437887 -0.793460
v -5.831374 2.647321 -0.990931
v -5.832671 2.516938 -1.133406
v -5.493674 2.517589 -1.132862
v -5.489831 2.647665 -0.990540
v -5.837587 2.177841 1.077168
v -5.834749 2.360376 0.998989
v -5.660629 2.687668 0.789844
v -5.663126 2.559429 0.930955
v -5.830565 2.780771 0.508279
v -5.830504 2.844128 0.321871
v -5.837109 1.993930 0.856025
v -5.833672 2.185795 0.773364
v -5.829706 2.533460 0.397233
v -5.829581 2.606936 0.203623
v -5.891652 2.541819 0.652782
v -5.892833 2.404835 0.798439
v -5.429341 2.542372 0.652118
v -5.433881 2.405924 0.797434
v -5.663737 2.251245 0.667713
v -5.660384 2.398333 0.518269
v -5.485524 2.844182 0.321757
v -5.486948 2.780909 0.508042
v -5.486375 2.606966 0.203478
v -5.488144 2.533611 0.396915
v -5.498794 2.361278 0.998418
v -5.504929 2.178995 1.076653
v -5.506752 1.995330 0.855343
v -5.499259 2.186929 0.772597
v -5.834749 2.360376 -1.237935
v -5.837587 2.177840 -1.316113
v -5.663126 2.559429 -1.169901
v -5.660629 2.687668 -1.028790
v -5.830504 2.844128 -0.560817
v -5.830565 2.780771 -0.747225
v -5.833672 2.185795 -1.012311
v -5.837109 1.993930 -1.094971
v -5.829581 2.606936 -0.442569
v -5.829706 2.533460 -0.636179
v -5.892833 2.404835 -1.037385
v -5.891652 2.541819 -0.891728
v -5.433881 2.405924 -1.036380
v -5.429340 2.542372 -0.891064
v -5.660383 2.398333 -0.757215
v -5.663737 2.251245 -0.906659
v -5.486948 2.780910 -0.746988
v -5.485524 2.844182 -0.560703
v -5.488144 2.533611 -0.635861
v -5.486375 2.606966 -0.442424
v -5.504928 2.178996 -1.315598
v -5.498794 2.361278 -1.237364
v -5.499259 2.186929 -1.011543
v -5.506752 1.995330 -1.094289
v -5.666877 2.393780 1.042100
v -5.671247 2.213058 1.119802
v -5.658727 2.828225 0.529834
v -5.658015 2.890540 0.344733
v -5.894171 2.272944 0.885670
v -5.896210 2.085670 0.966071
v -5.426691 2.657262 0.451925
v -5.425368 2.724915 0.262229
v -5.666329 2.153260 0.730810
v -5.671973 1.959851 0.813861
v -5.890610 2.724834 0.262419
v -5.890952 2.657019 0.452340
v -5.657980 2.561479 0.181325
v -5.658982 2.486204 0.376192
v -5.446868 2.087581 0.964981
v -5.439053 2.274363 0.884595
v -5.666877 2.393780 -1.281046
v -5.671247 2.213058 -1.358748
v -5.658727 2.828225 -0.768780
v -5.658015 2.890540 -0.583679
v -5.894171 2.272944 -1.124616
v -5.896209 2.085670 -1.205017
v -5.426691 2.657262 -0.690871
v -5.425368 2.724915 -0.501175
v -5.666329 2.153260 -0.969756
v -5.671973 1.959851 -1.052807
v -5.890610 2.724834 -0.501365
v -5.890952 2.657020 -0.691286
v -5.657980 2.561479 -0.420271
v -5.658982 2.486204 -0.615138
v -5.446868 2.087580 -1.203927
v -5.439053 2.274363 -1.123541
v -4.819284 1.314845 1.173421
v -4.819284 1.287598 1.184181
v -4.819284 1.258622 1.179875
v -4.819284 1.235681 1.161658
v -4.819284 1.224921 1.134411
v -4.819284 1.229227 1.105435
v -4.819284 1.247444 1.082494
v -4.819284 1.274691 1.071734
v -4.819284 1.303667 1.076040
v -4.819284 1.326608 1.094257
v -4.819284 1.337368 1.121504
v -4.819284 1.333062 1.150480
v -4.874487 1.311607 1.169053
v -4.873008 1.284447 1.179930
v -4.868967 1.255708 1.175944
v -4.863447 1.233091 1.158164
v -4.857926 1.222655 1.131354
v -4.853886 1.227197 1.102697
v -4.852406 1.245501 1.079873
v -4.853885 1.272661 1.068997
v -4.857926 1.301400 1.072982
v -4.863447 1.324018 1.090762
v -4.868967 1.334454 1.117573
v -4.873008 1.329911 1.146229
v -4.927569 1.302019 1.156118
v -4.924668 1.275115 1.167341
v -4.916741 1.247078 1.164302
v -4.905912 1.225419 1.147815
v -4.895084 1.215943 1.122299
v -4.887157 1.221187 1.094589
v -4.884255 1.239748 1.072112
v -4.887157 1.266651 1.060889
v -4.895084 1.294688 1.063927
v -4.905912 1.316347 1.080414
v -4.916741 1.325824 1.105930
v -4.924668 1.320579 1.133640
v -4.976490 1.286447 1.135111
v -4.972277 1.259961 1.146897
v -4.960769 1.233064 1.145396
v -4.945048 1.212962 1.131010
v -4.929328 1.205043 1.107594
v -4.917820 1.211427 1.081423
v -4.913608 1.230405 1.059508
v -4.917820 1.256891 1.047722
v -4.929328 1.283788 1.049223
v -4.945048 1.303890 1.063609
v -4.960769 1.311809 1.087025
v -4.972277 1.305425 1.113196
v -5.019369 1.265492 1.106841
v -5.014008 1.239567 1.119385
v -4.999360 1.214204 1.119953
v -4.979352 1.196198 1.108394
v -4.959343 1.190374 1.087805
v -4.944696 1.198292 1.063703
v -4.939335 1.217831 1.042546
v -4.944696 1.243756 1.030002
v -4.959343 1.269119 1.029434
v -4.979352 1.287125 1.040993
v -4.999360 1.292949 1.061581
v -5.014008 1.285031 1.085684
v -5.054559 1.239957 1.072394
v -5.048254 1.214717 1.085860
v -5.031031 1.191223 1.088951
v -5.007504 1.175770 1.080836
v -4.983976 1.172500 1.063692
v -4.966753 1.182287 1.042112
v -4.960449 1.202511 1.021877
v -4.966753 1.227751 1.008411
v -4.983976 1.251245 1.005321
v -5.007504 1.266698 1.013435
v -5.031031 1.269968 1.030579
v -5.048254 1.260181 1.052160
v -5.080707 1.210825 1.033094
v -5.073702 1.186365 1.047613
v -5.054565 1.165004 1.053580
v -5.028422 1.152465 1.049396
v -5.002280 1.152107 1.036182
v -4.983143 1.164028 1.017478
v -4.976138 1.185032 0.998297
v -4.983143 1.209491 0.983778
v -5.002280 1.230853 0.977811
v -5.028422 1.243392 0.981995
v -5.054564 1.243750 0.995209
v -5.073702 1.231829 1.013912
v -5.096809 1.179215 0.990450
v -5.089373 1.155602 1.006112
v -5.069057 1.136555 1.015201
v -5.041304 1.127177 1.015281
v -5.013552 1.129980 1.006331
v -4.993236 1.144215 0.990750
v -4.985799 1.166066 0.972711
v -4.993236 1.189678 0.957049
v -5.013552 1.208726 0.947960
v -5.041304 1.218104 0.947880
v -5.069057 1.215300 0.956830
v -5.089373 1.201066 0.972411
v -5.102246 1.146342 0.946102
v -5.094664 1.123610 0.962953
v -5.073950 1.106969 0.975288
v -5.045654 1.100878 0.979803
v -5.017358 1.106969 0.975288
v -4.996644 1.123610 0.962953
v -4.996644 1.169073 0.929252
v -5.017358 1.185714 0.916917
v -5.045654 1.191805 0.912402
v -5.073950 1.185714 0.916917
v -5.094664 1.169073 0.929252
v -5.096809 1.113468 0.901755
v -5.089373 1.091617 0.919793
v -5.069057 1.077383 0.935375
v -5.041304 1.074579 0.944325
v -5.013552 1.083957 0.944245
v -4.993236 1.103005 0.935156
v -4.985799 1.126617 0.919494
v -4.993236 1.148468 0.901455
v -5.013552 1.162703 0.885873
v -5.041304 1.165506 0.876923
v -5.069057 1.156128 0.877004
v -5.089373 1.137081 0.886093
v -5.080707 1.081858 0.859111
v -5.073702 1.060854 0.878293
v -5.054565 1.048934 0.896996
v -5.028422 1.049291 0.910210
v -5.002280 1.061830 0.914394
v -4.983143 1.083192 0.908427
v -4.976138 1.107651 0.893908
v -4.983143 1.128655 0.874726
v -5.002280 1.140576 0.856023
v -5.028422 1.140218 0.842809
v -5.054565 1.127679 0.838625
v -5.073702 1.106318 0.844592
v -5.054558 1.052726 0.819811
v -5.048254 1.032502 0.840045
v -5.031031 1.022715 0.861626
v -5.007504 1.025985 0.878770
v -4.983976 1.041438 0.886884
v -4.966753 1.064932 0.883794
v -4.960449 1.090172 0.870327
v -4.966753 1.110396 0.850093
v -4.983976 1.120183 0.828513
v -5.007504 1.116913 0.811368
v -5.031031 1.101460 0.803254
v -5.048254 1.077966 0.806344
v -5.019369 1.027191 0.785364
v -5.014008 1.007652 0.806521
v -4.999360 0.999734 0.830623
v -4.979352 1.005558 0.851212
v -4.959343 1.023564 0.862771
v -4.944696 1.048927 0.862203
v -4.939335 1.074852 0.849659
v -4.944696 1.094391 0.828502
v -4.959343 1.102309 0.804400
v -4.979352 1.096485 0.783811
v -4.999360 1.078479 0.772252
v -5.014008 1.053116 0.772820
v -4.976490 1.006236 0.757094
v -4.972277 0.987258 0.779009
v -4.960769 0.980874 0.805180
v -4.945049 0.988793 0.828596
v -4.929328 1.008895 0.842982
v -4.917820 1.035792 0.844483
v -4.913608 1.062278 0.832697
v -4.917820 1.081256 0.810782
v -4.929328 1.087640 0.784611
v -4.945049 1.079721 0.761195
v -4.960769 1.059619 0.746809
v -4.972277 1.032722 0.745308
v -4.927569 0.990664 0.736087
v -4.924668 0.972104 0.758565
v -4.916741 0.966859 0.786274
v -4.905912 0.976336 0.811791
v -4.895084 0.997995 0.828277
v -4.887157 1.026032 0.831316
v -4.884255 1.052935 0.820093
v -4.887157 1.071496 0.797616
v -4.895084 1.076740 0.769906
v -4.905912 1.067264 0.744390
v -4.916741 1.045605 0.727903
v -4.924668 1.017568 0.724864
v -4.874487 0.981076 0.723151
v -4.873008 0.962772 0.745976
v -4.868967 0.958229 0.774632
v -4.863447 0.968665 0.801442
v -4.857927 0.991283 0.819222
v -4.853886 1.020022 0.823208
v -4.852407 1.047182 0.812332
v -4.853886 1.065486 0.789508
v -4.857927 1.070028 0.760851
v -4.863447 1.059592 0.734041
v -4.868967 1.036975 0.716261
v -4.873008 1.008236 0.712275
v -4.819284 0.977838 0.718784
v -4.819284 0.959621 0.741725
v -4.819284 0.955315 0.770701
v -4.819284 0.966075 0.797948
v -4.819284 0.989016 0.816165
v -4.819284 1.017992 0.820471
v -4.819284 1.045239 0.809711
v -4.819284 1.063456 0.786770
v -4.819284 1.067762 0.757794
v -4.819284 1.057002 0.730547
v -4.819284 1.034061 0.712330
v -4.819284 1.005085 0.708024
v -4.764081 0.981076 0.723151
v -4.765561 0.962772 0.745976
v -4.769602 0.958229 0.774632
v -4.775122 0.968665 0.801442
v -4.780643 0.991283 0.819222
v -4.784683 1.020022 0.823208
v -4.786162 1.047182 0.812332
v -4.784683 1.065485 0.789508
v -4.780643 1.070028 0.760851
v -4.775122 1.059592 0.734041
v -4.769602 1.036975 0.716261
v -4.765561 1.008236 0.712275
v -4.711000 0.990664 0.736087
v -4.713902 0.972104 0.758565
v -4.721828 0.966859 0.786274
v -4.732657 0.976336 0.811791
v -4.743485 0.997995 0.828277
v -4.751412 1.026032 0.831316
v -4.754313 1.052935 0.820093
v -4.751412 1.071496 0.797616
v -4.743485 1.076740 0.769906
v -4.732656 1.067264 0.744390
v -4.721828 1.045605 0.727903
v -4.713901 1.017568 0.724864
v -4.662079 1.006236 0.757094
v -4.666292 0.987258 0.779009
v -4.677800 0.980874 0.805180
v -4.693521 0.988793 0.828596
v -4.709241 1.008895 0.842982
v -4.720749 1.035792 0.844483
v -4.764175 1.126523 0.961515
v -4.720749 1.081256 0.810782
v -4.709241 1.087640 0.784611
v -4.693521 1.079721 0.761195
v -4.677800 1.059619 0.746809
v -4.666292 1.032722 0.745308
v -4.619200 1.027191 0.785364
v -4.624562 1.007652 0.806521
v -4.639209 0.999734 0.830623
v -4.659217 1.005558 0.851212
v -4.679225 1.023564 0.862771
v -4.693873 1.048927 0.862203
v -4.699234 1.074851 0.849659
v -4.693873 1.094391 0.828502
v -4.679225 1.102309 0.804400
v -4.659217 1.096485 0.783811
v -4.639209 1.078479 0.772252
v -4.624562 1.053116 0.772820
v -4.584011 1.052726 0.819811
v -4.590314 1.032502 0.840045
v -4.607538 1.022714 0.861626
v -4.631065 1.025985 0.878770
v -4.654593 1.041438 0.886884
v -4.671816 1.064932 0.883794
v -4.678120 1.090172 0.870327
v -4.671816 1.110395 0.850093
v -4.654593 1.120183 0.828513
v -4.631065 1.116913 0.811368
v -4.607538 1.101460 0.803254
v -4.590314 1.077966 0.806344
v -4.557862 1.081858 0.859111
v -4.564867 1.060854 0.878293
v -4.584004 1.048933 0.896996
v -4.610147 1.049291 0.910210
v -4.636289 1.061830 0.914394
v -4.655426 1.083192 0.908427
v -4.662431 1.107651 0.893908
v -4.655426 1.128655 0.874726
v -4.636289 1.140576 0.856023
v -4.610147 1.140218 0.842809
v -4.584004 1.127679 0.838625
v -4.564867 1.106318 0.844592
v -4.541759 1.113468 0.901755
v -4.549196 1.091617 0.919793
v -4.569512 1.077382 0.935375
v -4.597265 1.074579 0.944325
v -4.625017 1.083957 0.944245
v -4.645333 1.103005 0.935156
v -4.652770 1.126617 0.919494
v -4.645333 1.148468 0.901455
v -4.625017 1.162703 0.885873
v -4.597265 1.165506 0.876923
v -4.569512 1.156128 0.877004
v -4.549196 1.137081 0.886093
v -4.536323 1.146341 0.946102
v -4.543905 1.123610 0.962953
v -4.564619 1.106969 0.975288
v -4.592915 1.100878 0.979803
v -4.621211 1.106969 0.975288
v -4.641925 1.123610 0.962953
v -4.649508 1.146341 0.946102
v -4.641925 1.169073 0.929252
v -4.621211 1.185714 0.916917
v -4.592915 1.191805 0.912402
v -4.564619 1.185714 0.916917
v -4.543905 1.169073 0.929252
v -4.541759 1.179215 0.990450
v -4.549196 1.155602 1.006112
v -4.569512 1.136555 1.015201
v -4.597265 1.127176 1.015281
v -4.625017 1.129980 1.006332
v -4.645333 1.144214 0.990750
v -4.652770 1.166065 0.972711
v -4.645333 1.189678 0.957049
v -4.625017 1.208726 0.947960
v -4.597265 1.218104 0.947880
v -4.569512 1.215300 0.956830
v -4.549196 1.201066 0.972411
v -4.557862 1.210825 1.033094
v -4.564867 1.186365 1.047613
v -4.584004 1.165004 1.053580
v -4.610147 1.152465 1.049396
v -4.636289 1.152107 1.036182
v -4.655426 1.164028 1.017478
v -4.662431 1.185032 0.998297
v -4.655426 1.209491 0.983778
v -4.636289 1.230853 0.977811
v -4.610147 1.243392 0.981995
v -4.584004 1.243749 0.995209
v -4.564867 1.231829 1.013912
v -4.584010 1.239957 1.072394
v -4.590314 1.214717 1.085860
v -4.607538 1.191223 1.088951
v -4.631065 1.175770 1.080836
v -4.654593 1.172500 1.063692
v -4.671816 1.182287 1.042112
v -4.678120 1.202511 1.021877
v -4.671816 1.227751 1.008411
v -4.654593 1.251245 1.005321
v -4.631065 1.266698 1.013435
v -4.607538 1.269968 1.030579
v -4.590314 1.260180 1.052160
v -4.619200 1.265491 1.106841
v -4.624561 1.239567 1.119385
v -4.639209 1.214204 1.119953
v -4.659217 1.196198 1.108394
v -4.679225 1.190374 1.087805
v -4.693872 1.198292 1.063703
v -4.699234 1.217831 1.042546
v -4.693872 1.243756 1.030002
v -4.679225 1.269119 1.029434
v -4.659217 1.287125 1.040993
v -4.639208 1.292949 1.061581
v -4.624561 1.285031 1.085684
v -4.662079 1.286447 1.135111
v -4.666292 1.259961 1.146897
v -4.677800 1.233064 1.145396
v -4.693521 1.212962 1.131010
v -4.709241 1.205043 1.107594
v -4.720749 1.211427 1.081423
v -4.765901 1.116742 0.968580
v -4.720749 1.256891 1.047722
v -4.709241 1.283788 1.049223
v -4.693520 1.303890 1.063609
v -4.677800 1.311809 1.087025
v -4.666292 1.305425 1.113196
v -4.710999 1.302019 1.156118
v -4.713901 1.275115 1.167341
v -4.721828 1.247078 1.164302
v -4.732656 1.225419 1.147815
v -4.743485 1.215943 1.122299
v -4.751412 1.221187 1.094589
v -4.754313 1.239748 1.072112
v -4.751412 1.266651 1.060889
v -4.743485 1.294688 1.063927
v -4.732656 1.316347 1.080414
v -4.721828 1.325824 1.105930
v -4.713901 1.320579 1.133640
v -4.764081 1.311607 1.169053
v -4.765561 1.284447 1.179930
v -4.769602 1.255708 1.175944
v -4.775122 1.233090 1.158164
v -4.780643 1.222655 1.131354
v -4.784683 1.227197 1.102697
v -4.786162 1.245501 1.079873
v -4.784683 1.272661 1.068997
v -4.780642 1.301400 1.072982
v -4.775122 1.324018 1.090762
v -4.769602 1.334454 1.117573
v -4.765561 1.329911 1.146229
v -4.805845 1.144153 1.005559
v -4.856316 1.127175 0.982655
v -4.857812 1.137794 0.976719
v -4.856330 1.105819 0.953845
v -4.857772 1.114596 0.945425
v -4.784131 1.113811 0.970545
v -4.774002 1.100779 0.947045
v -4.856316 1.146561 0.968285
v -4.787991 1.159604 0.985881
v -4.805845 1.163539 0.991189
v -4.856330 1.125205 0.939475
v -4.787971 1.112149 0.921862
v -4.772095 1.110344 0.939687
v -4.859879 1.135885 0.953883
v -4.806643 1.155056 1.000007
v -4.774002 1.120164 0.932675
v -4.774022 1.132213 0.989451
v -4.772041 1.142053 0.982464
v -4.805839 1.088821 0.930914
v -4.806658 1.097388 0.922209
v -4.774022 1.151598 0.975081
v -4.805839 1.108207 0.916544
v -4.838186 1.140068 1.000048
v -4.835420 1.092687 0.936129
v -4.836374 1.101430 0.927662
v -4.839242 1.150752 0.994200
v -4.765901 1.136127 0.954210
v -4.835420 1.112073 0.921759
v -4.838186 1.159454 0.985678
v -4.808578 1.130588 0.993177
v -4.839467 1.120197 0.979160
v -4.839476 1.107126 0.961527
v -4.789089 1.104041 0.957366
v -4.839467 1.145246 0.960592
v -4.797650 1.153228 0.971361
v -4.808578 1.155637 0.974610
v -4.839476 1.132175 0.942960
v -4.797638 1.124185 0.932180
v -4.841648 1.138712 0.951777
v -4.789089 1.129090 0.938798
v -4.789101 1.123280 0.983319
v -4.808574 1.096723 0.947493
v -4.789101 1.148329 0.964751
v -4.808574 1.121772 0.928925
v -4.828372 1.128087 0.989805
v -4.826678 1.099089 0.950685
v -4.784131 1.138860 0.951977
v -4.826678 1.124138 0.932117
v -4.828372 1.153136 0.971237
v -4.812889 1.139987 0.950816
v -4.784131 0.981976 1.065610
v -4.808578 0.998752 1.088242
v -4.839467 0.988361 1.074224
v -4.839476 0.975291 1.056592
v -4.789089 0.972206 1.052430
v -4.789101 0.991444 1.078384
v -4.808574 0.964888 1.042558
v -4.828372 0.996252 1.084869
v -4.826678 0.967254 1.045749
v -4.819284 0.907301 0.951304
v -4.698378 0.924560 0.970792
v -4.701042 1.036871 1.174677
v -4.819284 1.038710 1.193645
v -4.676486 0.997542 1.069934
v -4.819284 0.993888 1.067998
v -4.940191 0.924560 0.970792
v -4.937527 1.036871 1.174677
v -4.962083 0.997542 1.069934
v -4.749797 0.909716 0.953897
v -4.680279 1.023882 1.129640
v -4.819284 0.954510 1.008812
v -4.751614 1.039474 1.191764
v -4.678462 0.959046 1.012528
v -4.819284 1.020214 1.129983
v -4.747885 0.995030 1.068603
v -4.888772 0.909716 0.953897
v -4.958290 1.023882 1.129640
v -4.886955 1.039474 1.191764
v -4.960107 0.959046 1.012528
v -4.890684 0.995030 1.068603
v -4.748812 1.021494 1.130279
v -4.747848 0.955630 1.009624
v -4.889757 1.021494 1.130279
v -4.890721 0.955630 1.009624
v -4.819284 0.876525 0.967841
v -4.698378 0.893784 0.987329
v -4.701042 1.006095 1.191214
v -4.819284 1.007934 1.210181
v -4.676486 0.966766 1.086470
v -4.940191 0.893784 0.987329
v -4.937527 1.006095 1.191214
v -4.962083 0.966766 1.086470
v -4.749797 0.878940 0.970434
v -4.680279 0.993106 1.146177
v -4.751614 1.008698 1.208301
v -4.678462 0.928270 1.029065
v -4.888772 0.878940 0.970434
v -4.958290 0.993106 1.146177
v -4.886955 1.008698 1.208301
v -4.960107 0.928270 1.029065
v -4.819284 0.234345 -0.119473
v -4.819284 0.084946 -0.119473
v -4.819284 0.250979 -0.903073
v -4.819284 0.247676 -0.554807
v -4.819284 0.088464 -0.949340
v -4.819284 0.084390 -0.555395
v -4.819284 0.234345 -0.119473
v -4.819284 0.084946 -0.119473
v -4.819284 0.250979 -0.903073
v -4.819284 0.247676 -0.554807
v -4.819284 0.088464 -0.949340
v -4.819284 0.084389 -0.555395
v -4.153703 2.887556 0.050685
v -4.153703 2.887556 -0.289632
v -4.153874 2.898834 -0.119473
v -3.807866 2.887535 -0.289632
v -3.807866 2.887535 0.050686
v -3.807815 2.898817 -0.119473
v -4.152267 2.634469 -0.289489
v -4.152267 2.634469 0.050543
v -4.152301 2.647133 -0.119473
v -3.809237 2.634470 0.050542
v -3.809237 2.634470 -0.289488
v -3.809352 2.647137 -0.119473
v -3.748024 2.760315 -0.289625
v -3.748024 2.760315 0.050679
v -3.748045 2.772125 -0.119473
v -4.213530 2.760344 0.050676
v -4.213530 2.760344 -0.289622
v -4.213640 2.772147 -0.119473
v -3.980792 2.937062 0.050714
v -3.980792 2.937062 -0.289660
v -3.980849 2.948216 -0.119473
v -3.980736 2.585814 -0.289286
v -3.980736 2.585814 0.050340
v -3.980815 2.598881 -0.119473
v -5.484865 2.887556 -0.289632
v -5.484865 2.887556 0.050685
v -5.484694 2.898834 -0.119473
v -5.830702 2.887536 0.050686
v -5.830702 2.887536 -0.289632
v -5.830753 2.898818 -0.119473
v -5.486301 2.634469 0.050543
v -5.486301 2.634469 -0.289489
v -5.486268 2.647133 -0.119473
v -5.829331 2.634470 -0.289488
v -5.829331 2.634471 0.050542
v -5.829216 2.647137 -0.119473
v -5.890545 2.760316 0.050679
v -5.890545 2.760316 -0.289625
v -5.890523 2.772126 -0.119473
v -5.425038 2.760344 -0.289622
v -5.425038 2.760344 0.050676
v -5.424928 2.772147 -0.119473
v -5.657776 2.937063 -0.289660
v -5.657776 2.937063 0.050714
v -5.657719 2.948217 -0.119473
v -5.657832 2.585814 0.050340
v -5.657832 2.585814 -0.289286
v -5.657753 2.598882 -0.119473
v -4.173947 3.057395 -0.009208
v -4.173947 3.057395 -0.229738
v -4.173947 3.061169 -0.119473
v -3.999304 3.036410 -0.229631
v -3.999304 3.036410 -0.009316
v -3.999304 3.040263 -0.119473
v -4.192165 2.786062 -0.010157
v -4.192165 2.786062 -0.228789
v -4.192165 2.794399 -0.119473
v -3.999304 2.838421 -0.009671
v -3.999304 2.838421 -0.229275
v -3.999304 2.846151 -0.119473
v -4.235826 2.934772 -0.229720
v -4.235826 2.934772 -0.009226
v -4.235826 2.939469 -0.119473
v -4.819284 2.786095 -0.010336
v -4.819284 2.786095 -0.228610
v -4.819284 2.794419 -0.119473
v -4.819284 2.904043 -0.229618
v -4.819284 2.904042 -0.009328
v -4.819284 2.909000 -0.119473
v -4.390761 2.904041 -0.009315
v -4.390761 2.904041 -0.229631
v -4.390761 2.909000 -0.119473
v -4.390761 2.786088 -0.010295
v -4.390761 2.786088 -0.228652
v -4.390761 2.794414 -0.119473
v -4.173947 3.046190 0.126391
v -4.173947 3.007148 0.344702
v -4.173947 3.030932 0.236590
v -4.192165 2.715181 0.247171
v -4.192165 2.777576 0.035929
v -4.192165 2.750995 0.142911
v -3.966558 2.942785 -0.009498
v -3.966558 2.942786 -0.229448
v -3.966558 2.949447 -0.119473
v -4.214427 2.996145 -0.009211
v -4.214427 2.996145 -0.229736
v -4.214427 3.000355 -0.119473
v -4.086626 3.077714 -0.009224
v -4.086626 3.077714 -0.229722
v -4.086626 3.081345 -0.119473
v -4.088903 2.792601 -0.010004
v -4.088903 2.792600 -0.228942
v -4.088903 2.800865 -0.119473
v -4.819284 2.894299 0.080334
v -4.819284 2.845482 0.295312
v -4.819284 2.875025 0.189086
v -4.235826 2.877941 0.305275
v -4.235826 2.924632 0.089365
v -4.235826 2.906230 0.198559
v -4.819284 2.715187 0.247158
v -4.819284 2.777575 0.035939
v -4.819284 2.750996 0.142910
v -4.581082 2.904042 -0.229621
v -4.581082 2.904042 -0.009325
v -4.581082 2.909000 -0.119473
v -4.277063 2.786077 -0.228706
v -4.277063 2.786077 -0.010240
v -4.277063 2.794408 -0.119473
v -4.282521 2.907883 -0.229657
v -4.282521 2.907883 -0.009289
v -4.282521 2.912809 -0.119473
v -4.581082 2.786093 -0.228620
v -4.581082 2.786093 -0.010326
v -4.581082 2.794418 -0.119473
v -4.390761 2.715185 0.247161
v -4.390761 2.777575 0.035937
v -4.390761 2.750996 0.142910
v -3.999304 3.025615 0.118529
v -3.999304 2.985751 0.336853
v -3.999304 3.010026 0.228810
v -3.999304 2.769744 0.265393
v -3.999304 2.827815 0.052729
v -3.999304 2.803118 0.160257
v -4.390761 2.845481 0.295315
v -4.390761 2.894307 0.080257
v -4.390761 2.875027 0.189064
v -4.173947 3.007148 -0.583649
v -4.173947 3.046190 -0.365337
v -4.173947 3.030932 -0.475536
v -4.192165 2.777576 -0.274875
v -4.192165 2.715181 -0.486117
v -4.192165 2.750995 -0.381857
v -4.819284 2.845482 -0.534258
v -4.819284 2.894299 -0.319280
v -4.819284 2.875025 -0.428032
v -4.235826 2.924632 -0.328311
v -4.235826 2.877942 -0.544222
v -4.235826 2.906230 -0.437505
v -4.819284 2.777575 -0.274885
v -4.819284 2.715187 -0.486104
v -4.819284 2.750997 -0.381856
v -4.390761 2.777575 -0.274883
v -4.390761 2.715185 -0.486107
v -4.390761 2.750996 -0.381857
v -3.999304 2.985751 -0.575799
v -3.999304 3.025615 -0.357475
v -3.999304 3.010026 -0.467756
v -3.999304 2.827815 -0.291675
v -3.999304 2.769744 -0.504339
v -3.999304 2.803118 -0.399203
v -4.390761 2.894307 -0.319203
v -4.390761 2.845481 -0.534261
v -4.390761 2.875027 -0.428011
v -3.966558 2.928788 0.086223
v -3.966558 2.878172 0.301276
v -3.966558 2.907303 0.194752
v -4.088903 2.783847 0.038026
v -4.088903 2.722012 0.249469
v -4.088903 2.757511 0.145085
v -4.581082 2.894301 0.080315
v -4.581082 2.845482 0.295313
v -4.581082 2.875025 0.189081
v -4.282521 2.898103 0.081326
v -4.282521 2.849541 0.296567
v -4.282521 2.878930 0.190233
v -4.277063 2.715184 0.247165
v -4.277063 2.777575 0.035934
v -4.277063 2.750996 0.142911
v -4.581082 2.715186 0.247159
v -4.581082 2.777575 0.035938
v -4.581082 2.750996 0.142910
v -4.086626 3.028600 0.351062
v -4.086626 3.066452 0.132406
v -4.086626 3.051684 0.242750
v -4.214427 2.942673 0.325036
v -4.214427 2.985358 0.107809
v -4.214427 2.968604 0.217568
v -3.966558 2.928788 -0.325169
v -3.966558 2.878172 -0.540222
v -3.966558 2.907303 -0.433698
v -4.088903 2.783846 -0.276972
v -4.088903 2.722012 -0.488415
v -4.088903 2.757511 -0.384031
v -4.581082 2.894300 -0.319261
v -4.581082 2.845482 -0.534259
v -4.581082 2.875025 -0.428027
v -4.282521 2.898103 -0.320272
v -4.282521 2.849541 -0.535513
v -4.282521 2.878930 -0.429179
v -4.277063 2.715184 -0.486111
v -4.277063 2.777575 -0.274880
v -4.277063 2.750996 -0.381857
v -4.581082 2.715186 -0.486105
v -4.581082 2.777575 -0.274884
v -4.581082 2.750996 -0.381857
v -4.086626 3.028600 -0.590008
v -4.086626 3.066452 -0.371352
v -4.086626 3.051684 -0.481695
v -4.214427 2.942673 -0.563982
v -4.214427 2.985358 -0.346755
v -4.214427 2.968603 -0.456514
v -5.464621 3.057395 -0.229738
v -5.464621 3.057395 -0.009208
v -5.464621 3.061169 -0.119473
v -5.639264 3.036411 -0.009316
v -5.639264 3.036411 -0.229631
v -5.639264 3.040264 -0.119473
v -5.446403 2.786063 -0.228789
v -5.446403 2.786062 -0.010157
v -5.446403 2.794400 -0.119473
v -5.639264 2.838421 -0.229275
v -5.639264 2.838421 -0.009671
v -5.639264 2.846151 -0.119473
v -5.402742 2.934772 -0.009226
v -5.402742 2.934772 -0.229720
v -5.402742 2.939469 -0.119473
v -5.247807 2.904041 -0.229631
v -5.247807 2.904041 -0.009315
v -5.247807 2.909000 -0.119473
v -5.247807 2.786088 -0.228652
v -5.247807 2.786088 -0.010295
v -5.247807 2.794415 -0.119473
v -5.464621 3.007148 0.344702
v -5.464621 3.046190 0.126391
v -5.464621 3.030933 0.236590
v -5.446403 2.777577 0.035929
v -5.446403 2.715181 0.247171
v -5.446403 2.750996 0.142911
v -5.672009 2.942786 -0.229448
v -5.672009 2.942786 -0.009498
v -5.672009 2.949447 -0.119473
v -5.424140 2.996145 -0.229736
v -5.424140 2.996145 -0.009211
v -5.424140 3.000355 -0.119473
v -5.551942 3.077714 -0.229722
v -5.551942 3.077714 -0.009224
v -5.551942 3.081346 -0.119473
v -5.549665 2.792601 -0.228942
v -5.549665 2.792601 -0.010005
v -5.549665 2.800865 -0.119473
v -5.402742 2.924632 0.089365
v -5.402742 2.877942 0.305275
v -5.402742 2.906230 0.198559
v -5.057486 2.904042 -0.009325
v -5.057486 2.904042 -0.229621
v -5.057486 2.909000 -0.119473
v -5.361505 2.786077 -0.010240
v -5.361505 2.786077 -0.228706
v -5.361505 2.794409 -0.119473
v -5.356047 2.907883 -0.009289
v -5.356047 2.907884 -0.229657
v -5.356047 2.912809 -0.119473
v -5.057486 2.786093 -0.010326
v -5.057486 2.786093 -0.228620
v -5.057486 2.794418 -0.119473
v -5.247807 2.777575 0.035937
v -5.247807 2.715185 0.247161
v -5.247807 2.750996 0.142910
v -5.639264 2.985751 0.336853
v -5.639264 3.025615 0.118529
v -5.639264 3.010026 0.228810
v -5.639264 2.827816 0.052729
v -5.639264 2.769744 0.265393
v -5.639264 2.803118 0.160257
v -5.247807 2.894307 0.080257
v -5.247807 2.845481 0.295315
v -5.247807 2.875027 0.189064
v -5.464621 3.046190 -0.365337
v -5.464621 3.007148 -0.583649
v -5.464621 3.030932 -0.475536
v -5.446403 2.715182 -0.486117
v -5.446403 2.777577 -0.274875
v -5.446403 2.750996 -0.381857
v -5.402742 2.877942 -0.544222
v -5.402742 2.924633 -0.328311
v -5.402742 2.906230 -0.437505
v -5.247807 2.715186 -0.486107
v -5.247807 2.777575 -0.274883
v -5.247807 2.750996 -0.381857
v -5.639264 3.025615 -0.357475
v -5.639264 2.985751 -0.575799
v -5.639264 3.010026 -0.467756
v -5.639264 2.769744 -0.504339
v -5.639264 2.827816 -0.291675
v -5.639264 2.803118 -0.399203
v -5.247807 2.845481 -0.534261
v -5.247807 2.894307 -0.319203
v -5.247807 2.875028 -0.428011
v -5.672009 2.878172 0.301276
v -5.672009 2.928788 0.086223
v -5.672009 2.907304 0.194752
v -5.549665 2.722013 0.249469
v -5.549665 2.783847 0.038026
v -5.549665 2.757511 0.145085
v -5.057486 2.845482 0.295313
v -5.057486 2.894301 0.080315
v -5.057486 2.875026 0.189081
v -5.356047 2.849541 0.296567
v -5.356047 2.898103 0.081326
v -5.356047 2.878930 0.190233
v -5.361505 2.777576 0.035934
v -5.361505 2.715184 0.247165
v -5.361505 2.750996 0.142911
v -5.057486 2.777575 0.035938
v -5.057486 2.715187 0.247159
v -5.057486 2.750996 0.142910
v -5.551942 3.066453 0.132406
v -5.551942 3.028600 0.351062
v -5.551942 3.051684 0.242750
v -5.424140 2.985358 0.107809
v -5.424140 2.942673 0.325036
v -5.424140 2.968604 0.217568
v -5.672009 2.878172 -0.540222
v -5.672009 2.928788 -0.325169
v -5.672009 2.907304 -0.433698
v -5.549665 2.722013 -0.488415
v -5.549665 2.783847 -0.276972
v -5.549665 2.757511 -0.384031
v -5.057486 2.845482 -0.534259
v -5.057486 2.894300 -0.319261
v -5.057486 2.875025 -0.428027
v -5.356047 2.849541 -0.535513
v -5.356047 2.898104 -0.320272
v -5.356047 2.878930 -0.429179
v -5.361505 2.777576 -0.274880
v -5.361505 2.715184 -0.486111
v -5.361505 2.750996 -0.381857
v -5.057486 2.777575 -0.274884
v -5.057486 2.715186 -0.486105
v -5.057486 2.750997 -0.381857
v -5.551942 3.066453 -0.371352
v -5.551942 3.028600 -0.590008
v -5.551942 3.051684 -0.481695
v -5.424140 2.985359 -0.346755
v -5.424140 2.942674 -0.563982
v -5.424140 2.968604 -0.456514
vt 0.208460 0.839505
vt 0.228749 0.773437
vt 0.290440 0.789490
vt 0.257395 0.865211
vt 0.233262 0.704123
vt 0.278418 0.700418
vt 0.313661 0.688193
vt 0.336551 0.756181
vt 0.364529 0.803136
vt 0.338829 0.842509
vt 0.310629 0.897690
vt 0.084614 0.821579
vt 0.087684 0.764009
vt 0.157484 0.762977
vt 0.149081 0.825218
vt 0.084928 0.710104
vt 0.161118 0.703320
vt 0.579494 0.669544
vt 0.552576 0.727373
vt 0.532341 0.718988
vt 0.545556 0.659155
vt 0.536180 0.771680
vt 0.517779 0.758485
vt 0.497069 0.752069
vt 0.507236 0.711783
vt 0.515909 0.653022
vt 0.651850 0.982713
vt 0.601463 0.973473
vt 0.609771 0.923625
vt 0.663071 0.933530
vt 0.555307 0.966849
vt 0.561617 0.919581
vt 0.571499 0.864718
vt 0.623019 0.883358
vt 0.691140 0.891930
vt 0.688768 0.838906
vt 0.694699 0.859718
vt 0.643481 0.866333
vt 0.626756 0.857519
vt 0.030891 0.696431
vt 0.034322 0.612059
vt 0.061252 0.616431
vt 0.053700 0.695794
vt 0.032078 0.527179
vt 0.060922 0.525955
vt 0.099312 0.524341
vt 0.098840 0.620859
vt 0.227802 0.617367
vt 0.267940 0.612023
vt 0.221563 0.519396
vt 0.260917 0.517901
vt 0.291475 0.516785
vt 0.298756 0.605859
vt 0.163021 0.620934
vt 0.160358 0.521826
vt 0.384559 0.836232
vt 0.367658 0.873018
vt 0.400703 0.865125
vt 0.394100 0.896001
vt 0.382532 0.929006
vt 0.349098 0.916361
vt 0.586520 0.508093
vt 0.586106 0.589387
vt 0.551471 0.586708
vt 0.551761 0.508951
vt 0.519374 0.583643
vt 0.518769 0.509800
vt 0.664940 0.506253
vt 0.669655 0.591328
vt 0.629186 0.589264
vt 0.626737 0.507146
vt 0.676126 0.677030
vt 0.629651 0.656661
vt 0.522693 0.795995
vt 0.509314 0.784291
vt 0.515151 0.812923
vt 0.504767 0.810937
vt 0.491036 0.810589
vt 0.491082 0.780456
vt 0.918615 0.280632
vt 0.899308 0.279961
vt 0.899513 0.250049
vt 0.918877 0.249403
vt 0.919240 0.368073
vt 0.919596 0.397282
vt 0.901910 0.397063
vt 0.900577 0.368319
vt 0.840485 0.157888
vt 0.864818 0.157999
vt 0.865001 0.175274
vt 0.840424 0.174421
vt 0.973740 0.467125
vt 0.974138 0.494443
vt 0.956434 0.489051
vt 0.955195 0.460647
vt 0.970847 0.320525
vt 0.972179 0.340199
vt 0.954581 0.343763
vt 0.953639 0.318772
vt 0.954083 0.418046
vt 0.954416 0.436484
vt 0.937357 0.434827
vt 0.936957 0.415762
vt 0.884643 0.395835
vt 0.883924 0.368782
vt 0.840575 0.496652
vt 0.840881 0.469297
vt 0.864627 0.467765
vt 0.863904 0.495788
vt 0.953596 0.278570
vt 0.954486 0.253576
vt 0.938164 0.250586
vt 0.937858 0.280138
vt 0.840510 0.393278
vt 0.841065 0.369776
vt 0.865296 0.369568
vt 0.864953 0.394269
vt 0.901627 0.435594
vt 0.902063 0.416537
vt 0.919421 0.415366
vt 0.919466 0.434574
vt 0.899318 0.485748
vt 0.900755 0.456591
vt 0.919426 0.454500
vt 0.919365 0.483700
vt 0.939400 0.484651
vt 0.938108 0.455718
vt 0.816754 0.438360
vt 0.816295 0.421412
vt 0.840709 0.423158
vt 0.840810 0.439689
vt 0.883023 0.252574
vt 0.883377 0.278174
vt 0.881742 0.106719
vt 0.898908 0.111660
vt 0.900411 0.140836
vt 0.883219 0.135543
vt 0.815979 0.393498
vt 0.816523 0.368589
vt 0.883584 0.461921
vt 0.882179 0.490728
vt 0.865137 0.439518
vt 0.865278 0.422248
vt 0.884998 0.419113
vt 0.884581 0.437544
vt 0.937858 0.280138
vt 0.938164 0.250586
vt 0.883124 0.344919
vt 0.883422 0.319318
vt 0.899348 0.317497
vt 0.899618 0.347407
vt 0.937870 0.367665
vt 0.937086 0.396337
vt 0.817511 0.256452
vt 0.841490 0.256784
vt 0.841866 0.275077
vt 0.818113 0.276515
vt 0.865259 0.255458
vt 0.865954 0.275977
vt 0.973914 0.421730
vt 0.973769 0.439155
vt 0.976519 0.530693
vt 0.958705 0.526824
vt 0.981759 0.561836
vt 0.962434 0.561177
vt 0.943142 0.560911
vt 0.941078 0.523335
vt 0.547710 0.815411
vt 0.567925 0.802782
vt 0.585512 0.832660
vt 0.562085 0.768137
vt 0.922447 0.590145
vt 0.899194 0.589366
vt 0.898112 0.562242
vt 0.920606 0.561341
vt 0.945494 0.587192
vt 0.570142 0.737034
vt 0.590180 0.710035
vt 0.877967 0.588060
vt 0.856065 0.587638
vt 0.859476 0.566496
vt 0.879065 0.564019
vt 0.626081 0.702052
vt 0.659167 0.717484
vt 0.833014 0.586708
vt 0.811146 0.581764
vt 0.814003 0.560989
vt 0.836030 0.565760
vt 0.617525 0.840219
vt 0.967149 0.585549
vt 0.989227 0.581883
vt 0.648997 0.828078
vt 0.429963 0.912670
vt 0.465962 0.920916
vt 0.459173 0.950045
vt 0.422151 0.940697
vt 0.478124 0.893546
vt 0.497091 0.888603
vt 0.490742 0.924261
vt 0.514811 0.884928
vt 0.509569 0.924321
vt 0.503817 0.958855
vt 0.484801 0.955412
vt 0.517193 0.841541
vt 0.502582 0.847395
vt 0.532206 0.829435
vt 0.534559 0.876877
vt 0.372099 0.668066
vt 0.361277 0.595623
vt 0.385029 0.591741
vt 0.393682 0.661216
vt 0.356082 0.514564
vt 0.380642 0.513771
vt 0.400708 0.513144
vt 0.404473 0.588278
vt 0.411487 0.655862
vt 0.403730 0.760920
vt 0.387469 0.724569
vt 0.405412 0.714890
vt 0.417723 0.746859
vt 0.420086 0.708136
vt 0.425392 0.735070
vt 0.365671 0.737213
vt 0.386218 0.778124
vt 0.345295 0.676741
vt 0.331164 0.600237
vt 0.324700 0.515619
vt 0.417413 0.782160
vt 0.401339 0.805576
vt 0.046749 0.132011
vt 0.041335 0.103989
vt 0.054392 0.104111
vt 0.059741 0.126451
vt 0.047006 0.076114
vt 0.064609 0.056729
vt 0.072336 0.065126
vt 0.059972 0.081917
vt 0.065491 0.083179
vt 0.060743 0.104169
vt 0.420851 0.512533
vt 0.423743 0.585136
vt 0.447238 0.511761
vt 0.449212 0.582738
vt 0.451137 0.649310
vt 0.428453 0.651882
vt 0.482249 0.510785
vt 0.483573 0.582164
vt 0.482709 0.649520
vt 0.434805 0.740799
vt 0.429187 0.762002
vt 0.450074 0.744505
vt 0.444117 0.770407
vt 0.433366 0.791966
vt 0.472767 0.747650
vt 0.467084 0.775812
vt 0.433694 0.706151
vt 0.452328 0.705546
vt 0.478881 0.706976
vt 0.080060 0.073738
vt 0.107907 0.067162
vt 0.108036 0.104486
vt 0.072260 0.104299
vt 0.135845 0.073681
vt 0.150506 0.083170
vt 0.155249 0.104070
vt 0.143765 0.104253
vt 0.136304 0.135017
vt 0.150919 0.125140
vt 0.141646 0.140603
vt 0.126704 0.149071
vt 0.079916 0.135076
vt 0.108110 0.141873
vt 0.108102 0.152526
vt 0.089525 0.149120
vt 0.169159 0.076134
vt 0.174453 0.103781
vt 0.161579 0.103967
vt 0.156068 0.081948
vt 0.169890 0.131784
vt 0.152503 0.151918
vt 0.144404 0.143440
vt 0.156560 0.126212
vt 0.071938 0.143605
vt 0.065308 0.125296
vt 0.074633 0.140726
vt 0.084264 0.042858
vt 0.107799 0.039032
vt 0.107839 0.050996
vt 0.088807 0.054612
vt 0.131494 0.042657
vt 0.151489 0.056621
vt 0.143676 0.065123
vt 0.126983 0.054524
vt 0.141012 0.067987
vt 0.126172 0.059845
vt 0.107862 0.056581
vt 0.132354 0.166510
vt 0.108107 0.170440
vt 0.108098 0.158202
vt 0.127600 0.154457
vt 0.083929 0.166535
vt 0.063935 0.152028
vt 0.088640 0.154505
vt 0.089630 0.059911
vt 0.074940 0.068017
vt 0.524502 0.962229
vt 0.530438 0.921426
vt 0.973455 0.367868
vt 0.974503 0.393201
vt 0.954384 0.394765
vt 0.954547 0.367616
vt 0.817852 0.493261
vt 0.817522 0.466063
vt 0.816963 0.529690
vt 0.839081 0.533815
vt 0.862128 0.533586
vt 0.880451 0.529182
vt 0.898126 0.524732
vt 0.919599 0.522754
vt 0.277846 0.127893
vt 0.314173 0.182438
vt 0.269414 0.241648
vt 0.227553 0.167746
vt 0.345028 0.221095
vt 0.319679 0.271823
vt 0.301428 0.342862
vt 0.264738 0.333193
vt 0.218745 0.333215
vt 0.208114 0.263608
vt 0.208114 0.263608
vt 0.218745 0.333215
vt 0.058574 0.228703
vt 0.122800 0.218956
vt 0.137177 0.280678
vt 0.067098 0.286075
vt 0.180968 0.198815
vt 0.146175 0.340240
vt 0.069279 0.340179
vt 0.571684 0.346442
vt 0.538020 0.358556
vt 0.521915 0.299180
vt 0.544451 0.288751
vt 0.508400 0.366203
vt 0.496572 0.307257
vt 0.485056 0.266840
vt 0.505950 0.259332
vt 0.527491 0.244166
vt 0.647522 0.015092
vt 0.660643 0.068481
vt 0.602915 0.080320
vt 0.592830 0.026074
vt 0.691447 0.113352
vt 0.618084 0.123214
vt 0.559611 0.144620
vt 0.550243 0.086180
vt 0.542492 0.034051
vt 0.688132 0.173130
vt 0.620632 0.152790
vt 0.639592 0.141738
vt 0.694699 0.149284
vt 0.015092 0.359624
vt 0.038881 0.357343
vt 0.053600 0.435639
vt 0.027105 0.442364
vt 0.090790 0.428079
vt 0.264738 0.333193
vt 0.269414 0.241648
vt 0.292382 0.427072
vt 0.260957 0.423164
vt 0.221563 0.519396
vt 0.260917 0.517901
vt 0.154998 0.422629
vt 0.220230 0.420941
vt 0.341024 0.147301
vt 0.363480 0.185138
vt 0.315664 0.102830
vt 0.350330 0.084435
vt 0.367217 0.120214
vt 0.384342 0.155818
vt 0.547550 0.431139
vt 0.582166 0.426779
vt 0.515493 0.435839
vt 0.625331 0.424945
vt 0.665693 0.421081
vt 0.622868 0.357434
vt 0.669456 0.336102
vt 0.496432 0.233351
vt 0.510275 0.220688
vt 0.477602 0.237625
vt 0.470864 0.205996
vt 0.490451 0.205662
vt 0.501553 0.203048
vt 0.918654 0.316784
vt 0.918982 0.348011
vt 0.973411 0.130165
vt 0.954871 0.136673
vt 0.956069 0.108253
vt 0.973775 0.102840
vt 0.954403 0.229722
vt 0.937724 0.229708
vt 0.936880 0.201034
vt 0.954184 0.202571
vt 0.919091 0.229339
vt 0.900426 0.229133
vt 0.901697 0.200382
vt 0.919386 0.200125
vt 0.840097 0.100911
vt 0.863439 0.101706
vt 0.864238 0.129742
vt 0.840480 0.128273
vt 0.884429 0.201648
vt 0.883770 0.228707
vt 0.953837 0.179287
vt 0.936712 0.181605
vt 0.937074 0.162534
vt 0.954135 0.160845
vt 0.841584 0.340802
vt 0.841920 0.322508
vt 0.866004 0.321554
vt 0.865355 0.342074
vt 0.918978 0.113667
vt 0.919097 0.142889
vt 0.901331 0.161840
vt 0.919178 0.162824
vt 0.919172 0.182037
vt 0.901807 0.180903
vt 0.840296 0.204306
vt 0.864740 0.203259
vt 0.865139 0.227962
vt 0.840905 0.227809
vt 0.937785 0.141634
vt 0.939029 0.112680
vt 0.937897 0.317237
vt 0.938266 0.346787
vt 0.816429 0.159277
vt 0.816012 0.176228
vt 0.884274 0.159928
vt 0.884732 0.178364
vt 0.973663 0.175565
vt 0.973486 0.158139
vt 0.970801 0.276780
vt 0.953596 0.278570
vt 0.954486 0.253576
vt 0.972092 0.257104
vt 0.973311 0.229431
vt 0.974308 0.204095
vt 0.817607 0.341188
vt 0.818164 0.321124
vt 0.958319 0.070437
vt 0.976146 0.066586
vt 0.940658 0.073940
vt 0.942694 0.036213
vt 0.962105 0.035929
vt 0.981518 0.035443
vt 0.575778 0.179759
vt 0.558245 0.212031
vt 0.536532 0.199247
vt 0.944875 0.010614
vt 0.920056 0.035821
vt 0.921745 0.009115
vt 0.897474 0.035008
vt 0.898510 0.009652
vt 0.552112 0.247545
vt 0.560395 0.278760
vt 0.878367 0.033334
vt 0.877170 0.010322
vt 0.858742 0.030988
vt 0.855200 0.009406
vt 0.581369 0.305186
vt 0.617597 0.312117
vt 0.835316 0.031836
vt 0.832144 0.010348
vt 0.813308 0.036661
vt 0.810304 0.015471
vt 0.650224 0.295725
vt 0.610459 0.171221
vt 0.644258 0.185089
vt 0.966683 0.013058
vt 0.989227 0.014990
vt 0.405364 0.099424
vt 0.417934 0.134959
vt 0.393891 0.066874
vt 0.435706 0.054555
vt 0.444316 0.087413
vt 0.453583 0.124253
vt 0.471718 0.082299
vt 0.479347 0.121894
vt 0.464322 0.047705
vt 0.485533 0.043500
vt 0.492608 0.081792
vt 0.499219 0.125293
vt 0.462977 0.166735
vt 0.485825 0.167236
vt 0.502580 0.172786
vt 0.519693 0.185109
vt 0.521062 0.133830
vt 0.362104 0.359170
vt 0.384410 0.364725
vt 0.380074 0.435390
vt 0.355947 0.433025
vt 0.402764 0.369051
vt 0.399834 0.437654
vt 0.388645 0.262263
vt 0.403794 0.275976
vt 0.393037 0.309415
vt 0.374115 0.300629
vt 0.412298 0.287634
vt 0.408395 0.315437
vt 0.369498 0.245476
vt 0.350960 0.289122
vt 0.334341 0.352191
vt 0.325360 0.430425
vt 0.384235 0.215409
vt 0.401818 0.239557
vt 0.402361 0.191486
vt 0.418247 0.223438
vt 0.419387 0.439644
vt 0.420164 0.372068
vt 0.443239 0.373368
vt 0.445109 0.440563
vt 0.479639 0.439223
vt 0.475096 0.371442
vt 0.414797 0.259843
vt 0.421603 0.281266
vt 0.429802 0.250297
vt 0.436989 0.276693
vt 0.452811 0.242535
vt 0.460213 0.272197
vt 0.443581 0.211304
vt 0.422354 0.316679
vt 0.441320 0.316260
vt 0.468190 0.313431
vt 0.431508 0.174262
vt 0.515774 0.084647
vt 0.508505 0.039479
vt 0.815763 0.204144
vt 0.816365 0.229053
vt 0.817379 0.104370
vt 0.817126 0.131570
vt 0.838483 0.063743
vt 0.816375 0.067941
vt 0.861543 0.063887
vt 0.879899 0.068227
vt 0.897616 0.072627
vt 0.919134 0.074555
vt 0.456704 0.891853
vt 0.436681 0.889952
vt 0.440031 0.878819
vt 0.454755 0.880337
vt 0.415226 0.881703
vt 0.407580 0.864352
vt 0.417460 0.861093
vt 0.426694 0.872153
vt 0.108109 0.201582
vt 0.071859 0.196294
vt 0.446928 0.800697
vt 0.460908 0.801112
vt 0.458299 0.811255
vt 0.446964 0.809913
vt 0.473510 0.807722
vt 0.484574 0.816218
vt 0.478100 0.823937
vt 0.468982 0.815900
vt 0.489766 0.831024
vt 0.491818 0.850599
vt 0.485747 0.851054
vt 0.484610 0.835779
vt 0.484977 0.870011
vt 0.473464 0.885543
vt 0.468762 0.876053
vt 0.480281 0.865913
vt 0.406665 0.844065
vt 0.411462 0.824989
vt 0.416435 0.830619
vt 0.413329 0.846140
vt 0.422534 0.811105
vt 0.433908 0.802207
vt 0.435722 0.812180
vt 0.424826 0.818659
vt 0.937078 0.674496
vt 0.940217 0.660130
vt 0.951191 0.662464
vt 0.948931 0.674901
vt 0.943585 0.647658
vt 0.954122 0.650968
vt 0.962915 0.653906
vt 0.961212 0.663932
vt 0.959358 0.675704
vt 0.921271 0.641445
vt 0.918011 0.654326
vt 0.895892 0.649206
vt 0.898857 0.635972
vt 0.915278 0.665605
vt 0.893454 0.660724
vt 0.865098 0.655588
vt 0.867306 0.643543
vt 0.870062 0.629851
vt 0.919002 0.707793
vt 0.919583 0.724231
vt 0.907788 0.724145
vt 0.907776 0.707586
vt 0.709122 0.324328
vt 0.697623 0.325346
vt 0.697483 0.318191
vt 0.709038 0.318618
vt 0.950603 0.783319
vt 0.960851 0.783560
vt 0.960836 0.797154
vt 0.950621 0.798056
vt 0.710603 0.247655
vt 0.709944 0.261226
vt 0.698334 0.260879
vt 0.698857 0.246376
vt 0.886948 0.706198
vt 0.859152 0.704069
vt 0.858592 0.722087
vt 0.886402 0.723363
vt 0.721053 0.318554
vt 0.730882 0.318446
vt 0.730949 0.323872
vt 0.721130 0.324013
vt 0.926269 0.784250
vt 0.933330 0.783801
vt 0.933342 0.796489
vt 0.926154 0.795342
vt 0.989645 0.708962
vt 0.987799 0.724682
vt 0.973737 0.723734
vt 0.974605 0.706286
vt 0.723596 0.198794
vt 0.723529 0.211177
vt 0.712280 0.210696
vt 0.712278 0.198926
vt 0.723243 0.222846
vt 0.711837 0.222170
vt 0.700325 0.219754
vt 0.701774 0.208166
vt 0.703994 0.199410
vt 0.983253 0.655290
vt 0.987050 0.665281
vt 0.973315 0.664501
vt 0.972952 0.653037
vt 0.989276 0.678616
vt 0.973421 0.676992
vt 0.924799 0.707214
vt 0.924318 0.692591
vt 0.931305 0.689585
vt 0.932476 0.705724
vt 0.924509 0.687146
vt 0.929244 0.682163
vt 0.939757 0.686448
vt 0.940860 0.704056
vt 0.949241 0.685835
vt 0.950145 0.703313
vt 0.959417 0.686602
vt 0.960673 0.704043
vt 0.947233 0.636909
vt 0.958223 0.641272
vt 0.951887 0.624869
vt 0.963520 0.630016
vt 0.971452 0.635558
vt 0.968344 0.645510
vt 0.927942 0.617041
vt 0.924362 0.629898
vt 0.901621 0.624187
vt 0.904690 0.611263
vt 0.872651 0.617796
vt 0.875544 0.604745
vt 0.745407 0.223401
vt 0.745653 0.211560
vt 0.767007 0.211976
vt 0.766777 0.223847
vt 0.745876 0.199123
vt 0.767240 0.199518
vt 0.794007 0.200011
vt 0.793777 0.212476
vt 0.793558 0.224350
vt 0.912847 0.674571
vt 0.891602 0.670113
vt 0.910378 0.683995
vt 0.889821 0.680310
vt 0.861889 0.676297
vt 0.863457 0.665463
vt 0.933008 0.820114
vt 0.941157 0.820707
vt 0.940859 0.839638
vt 0.932475 0.837970
vt 0.920154 0.794814
vt 0.907847 0.794735
vt 0.907889 0.784470
vt 0.920275 0.784449
vt 0.885949 0.794959
vt 0.858137 0.795378
vt 0.858103 0.784818
vt 0.885907 0.784588
vt 0.925520 0.724049
vt 0.933009 0.723579
vt 0.744773 0.248934
vt 0.745163 0.233683
vt 0.766571 0.234146
vt 0.766265 0.249390
vt 0.793367 0.234647
vt 0.793092 0.249862
vt 0.722286 0.248241
vt 0.722889 0.233030
vt 0.732396 0.233342
vt 0.731907 0.248578
vt 0.732688 0.223100
vt 0.766030 0.262607
vt 0.792882 0.263003
vt 0.766265 0.249390
vt 0.743961 0.318336
vt 0.744015 0.323724
vt 0.886402 0.723363
vt 0.886948 0.706198
vt 0.924466 0.678436
vt 0.928107 0.669477
vt 0.920667 0.686408
vt 0.732947 0.211320
vt 0.733123 0.198910
vt 0.937642 0.633727
vt 0.941768 0.621220
vt 0.934289 0.644979
vt 0.930981 0.657658
vt 0.919217 0.693269
vt 0.908924 0.692098
vt 0.721138 0.287200
vt 0.721059 0.292658
vt 0.709045 0.292588
vt 0.709131 0.286878
vt 0.721794 0.261622
vt 0.950455 0.722670
vt 0.960765 0.722942
vt 0.765662 0.318203
vt 0.765703 0.323539
vt 0.941158 0.722986
vt 0.731503 0.261912
vt 0.744455 0.262219
vt 0.766030 0.262607
vt 0.792537 0.318072
vt 0.792578 0.323353
vt 0.888540 0.689263
vt 0.860702 0.685840
vt 0.972338 0.795018
vt 0.971664 0.784235
vt 0.972339 0.748675
vt 0.971665 0.759458
vt 0.960851 0.760133
vt 0.960836 0.746539
vt 0.926155 0.748351
vt 0.926270 0.759443
vt 0.920275 0.759244
vt 0.920155 0.748879
vt 0.941139 0.783415
vt 0.941247 0.797642
vt 0.711363 0.232358
vt 0.699573 0.230416
vt 0.990084 0.690826
vt 0.973835 0.688517
vt 0.937077 0.869198
vt 0.948930 0.868794
vt 0.951188 0.881231
vt 0.940213 0.883564
vt 0.959358 0.867990
vt 0.961211 0.879763
vt 0.962916 0.889792
vt 0.954116 0.892727
vt 0.943575 0.896033
vt 0.921290 0.902233
vt 0.898873 0.907729
vt 0.895899 0.894495
vt 0.918019 0.889365
vt 0.870051 0.913875
vt 0.867294 0.900169
vt 0.865086 0.888116
vt 0.893456 0.882975
vt 0.915281 0.878089
vt 0.919000 0.835901
vt 0.907775 0.836108
vt 0.907786 0.819548
vt 0.919582 0.819462
vt 0.710573 0.363557
vt 0.698823 0.364831
vt 0.698309 0.350325
vt 0.709921 0.349984
vt 0.950603 0.760375
vt 0.950622 0.745637
vt 0.984984 0.751245
vt 0.984281 0.758710
vt 0.886945 0.837496
vt 0.886400 0.820329
vt 0.858587 0.821603
vt 0.859145 0.839622
vt 0.989644 0.834731
vt 0.974605 0.837408
vt 0.973737 0.819959
vt 0.987799 0.819012
vt 0.697490 0.293009
vt 0.697634 0.285854
vt 0.984984 0.792449
vt 0.984281 0.784984
vt 0.723533 0.412446
vt 0.712220 0.412305
vt 0.712232 0.400535
vt 0.723490 0.400066
vt 0.703937 0.411816
vt 0.701722 0.403058
vt 0.700277 0.391467
vt 0.711795 0.389057
vt 0.723204 0.388388
vt 0.983256 0.888405
vt 0.972955 0.890660
vt 0.973317 0.879194
vt 0.987052 0.878412
vt 0.973422 0.866702
vt 0.989277 0.865077
vt 0.924798 0.836480
vt 0.931304 0.854109
vt 0.924317 0.851103
vt 0.939756 0.857246
vt 0.929244 0.861531
vt 0.924509 0.856549
vt 0.950144 0.840381
vt 0.949240 0.857859
vt 0.960672 0.839651
vt 0.959416 0.857093
vt 0.958205 0.902429
vt 0.947214 0.906749
vt 0.968347 0.898202
vt 0.971448 0.908185
vt 0.963486 0.913728
vt 0.951803 0.918855
vt 0.927985 0.926546
vt 0.904758 0.932478
vt 0.901652 0.919518
vt 0.924385 0.913805
vt 0.875553 0.939030
vt 0.872647 0.925950
vt 0.745383 0.387834
vt 0.766763 0.387390
vt 0.766995 0.399265
vt 0.745629 0.399682
vt 0.793550 0.386882
vt 0.793773 0.398759
vt 0.794007 0.411228
vt 0.767232 0.411729
vt 0.745854 0.412134
vt 0.891601 0.873585
vt 0.912848 0.869124
vt 0.863446 0.878237
vt 0.861879 0.867400
vt 0.889819 0.863387
vt 0.910377 0.859700
vt 0.933330 0.759892
vt 0.941140 0.760278
vt 0.941248 0.746052
vt 0.933342 0.747205
vt 0.925519 0.819645
vt 0.885949 0.794959
vt 0.885907 0.784588
vt 0.907848 0.748957
vt 0.907889 0.759222
vt 0.885908 0.759103
vt 0.885950 0.748733
vt 0.744753 0.362296
vt 0.766251 0.361841
vt 0.766556 0.377088
vt 0.745140 0.377548
vt 0.793082 0.361370
vt 0.793358 0.376585
vt 0.722261 0.362974
vt 0.731883 0.362653
vt 0.732366 0.377886
vt 0.722859 0.378197
vt 0.732658 0.388129
vt 0.766019 0.348623
vt 0.766251 0.361841
vt 0.792873 0.348230
vt 0.886945 0.837496
vt 0.886400 0.820329
vt 0.765666 0.293025
vt 0.792540 0.293162
vt 0.792583 0.287881
vt 0.765708 0.287689
vt 0.928106 0.874217
vt 0.924465 0.865259
vt 0.920666 0.857287
vt 0.732912 0.399916
vt 0.733082 0.412356
vt 0.941717 0.922347
vt 0.937637 0.909954
vt 0.934280 0.898724
vt 0.930977 0.886036
vt 0.919216 0.850425
vt 0.908923 0.851597
vt 0.730887 0.292771
vt 0.730957 0.287345
vt 0.744022 0.287498
vt 0.743966 0.292886
vt 0.950454 0.821024
vt 0.960765 0.820751
vt 0.721774 0.349593
vt 0.765708 0.287689
vt 0.765666 0.293025
vt 0.765662 0.318203
vt 0.765703 0.323539
vt 0.744440 0.349008
vt 0.766019 0.348623
vt 0.731485 0.349312
vt 0.888537 0.854432
vt 0.860693 0.857854
vt 0.933342 0.747205
vt 0.933330 0.759892
vt 0.941140 0.760278
vt 0.941248 0.746052
vt 0.711326 0.378863
vt 0.699530 0.380800
vt 0.973835 0.855177
vt 0.990084 0.852867
vt 0.174422 0.175463
vt 0.143055 0.193638
vt 0.107563 0.006507
vt 0.141781 0.013738
vt 0.173675 0.030034
vt 0.042948 0.031222
vt 0.073486 0.013921
vt 0.207889 0.102459
vt 0.199631 0.144395
vt 0.197393 0.060740
vt 0.009651 0.100995
vt 0.019539 0.061015
vt 0.040531 0.176061
vt 0.014053 0.143406
vt 0.290440 0.789490
vt 0.228749 0.773437
vt 0.233262 0.704123
vt 0.278418 0.700418
vt 0.313661 0.688193
vt 0.336551 0.756181
vt 0.364529 0.803136
vt 0.338829 0.842509
vt 0.157484 0.762977
vt 0.087684 0.764009
vt 0.161118 0.703320
vt 0.084928 0.710104
vt 0.579494 0.669544
vt 0.545556 0.659155
vt 0.532341 0.718988
vt 0.552576 0.727373
vt 0.517779 0.758485
vt 0.536180 0.771680
vt 0.507236 0.711783
vt 0.497069 0.752069
vt 0.515909 0.653022
vt 0.663071 0.933530
vt 0.609771 0.923625
vt 0.561617 0.919581
vt 0.623019 0.883358
vt 0.571499 0.864718
vt 0.691140 0.891930
vt 0.688768 0.838906
vt 0.626756 0.857519
vt 0.643481 0.866333
vt 0.694699 0.859718
vt 0.030891 0.696431
vt 0.053700 0.695794
vt 0.061252 0.616431
vt 0.034322 0.612059
vt 0.060922 0.525955
vt 0.032078 0.527179
vt 0.098840 0.620859
vt 0.099312 0.524341
vt 0.267940 0.612023
vt 0.227802 0.617367
vt 0.260917 0.517901
vt 0.221563 0.519396
vt 0.298756 0.605859
vt 0.291475 0.516785
vt 0.163021 0.620934
vt 0.160358 0.521826
vt 0.367658 0.873018
vt 0.384559 0.836232
vt 0.394100 0.896001
vt 0.400703 0.865125
vt 0.586520 0.508093
vt 0.551761 0.508951
vt 0.551471 0.586708
vt 0.586106 0.589387
vt 0.519374 0.583643
vt 0.518769 0.509800
vt 0.664940 0.506253
vt 0.626737 0.507146
vt 0.629186 0.589264
vt 0.669655 0.591328
vt 0.629651 0.656661
vt 0.676126 0.677030
vt 0.509314 0.784291
vt 0.522693 0.795995
vt 0.504767 0.810937
vt 0.515151 0.812923
vt 0.491082 0.780456
vt 0.491036 0.810589
vt 0.918615 0.280632
vt 0.918877 0.249403
vt 0.899513 0.250049
vt 0.899308 0.279961
vt 0.919240 0.368073
vt 0.900577 0.368319
vt 0.901910 0.397063
vt 0.919596 0.397282
vt 0.840485 0.157888
vt 0.840424 0.174421
vt 0.865001 0.175274
vt 0.864818 0.157999
vt 0.973740 0.467125
vt 0.955195 0.460647
vt 0.956434 0.489051
vt 0.974138 0.494443
vt 0.865259 0.255458
vt 0.865954 0.275977
vt 0.883377 0.278174
vt 0.883023 0.252574
vt 0.954083 0.418046
vt 0.936957 0.415762
vt 0.937357 0.434827
vt 0.954416 0.436484
vt 0.884643 0.395835
vt 0.883924 0.368782
vt 0.840575 0.496652
vt 0.863904 0.495788
vt 0.864627 0.467765
vt 0.840881 0.469297
vt 0.865355 0.342074
vt 0.883124 0.344919
vt 0.883422 0.319318
vt 0.866004 0.321554
vt 0.840510 0.393278
vt 0.864953 0.394269
vt 0.865296 0.369568
vt 0.841065 0.369776
vt 0.901627 0.435594
vt 0.919466 0.434574
vt 0.919421 0.415366
vt 0.902063 0.416537
vt 0.899318 0.485748
vt 0.919365 0.483700
vt 0.919426 0.454500
vt 0.900755 0.456591
vt 0.938108 0.455718
vt 0.939400 0.484651
vt 0.816754 0.438360
vt 0.840810 0.439689
vt 0.840709 0.423158
vt 0.816295 0.421412
vt 0.953639 0.318772
vt 0.937897 0.317237
vt 0.938266 0.346787
vt 0.954581 0.343763
vt 0.881742 0.106719
vt 0.883219 0.135543
vt 0.900411 0.140836
vt 0.898908 0.111660
vt 0.815979 0.393498
vt 0.816523 0.368589
vt 0.882179 0.490728
vt 0.883584 0.461921
vt 0.865137 0.439518
vt 0.884581 0.437544
vt 0.884998 0.419113
vt 0.865278 0.422248
vt 0.970801 0.276780
vt 0.972092 0.257104
vt 0.937870 0.367665
vt 0.937086 0.396337
vt 0.817511 0.256452
vt 0.818113 0.276515
vt 0.841866 0.275077
vt 0.841490 0.256784
vt 0.973914 0.421730
vt 0.973769 0.439155
vt 0.958705 0.526824
vt 0.976519 0.530693
vt 0.962434 0.561177
vt 0.981759 0.561836
vt 0.941078 0.523335
vt 0.943142 0.560911
vt 0.585512 0.832660
vt 0.567925 0.802782
vt 0.547710 0.815411
vt 0.562085 0.768137
vt 0.922447 0.590145
vt 0.920606 0.561341
vt 0.898112 0.562242
vt 0.899194 0.589366
vt 0.945494 0.587192
vt 0.570142 0.737034
vt 0.590180 0.710035
vt 0.877967 0.588060
vt 0.879065 0.564019
vt 0.859476 0.566496
vt 0.856065 0.587638
vt 0.626081 0.702052
vt 0.659167 0.717484
vt 0.833014 0.586708
vt 0.836030 0.565760
vt 0.814003 0.560989
vt 0.811146 0.581764
vt 0.617525 0.840219
vt 0.967149 0.585549
vt 0.989227 0.581883
vt 0.648997 0.828078
vt 0.429963 0.912670
vt 0.465962 0.920916
vt 0.478124 0.893546
vt 0.490742 0.924261
vt 0.497091 0.888603
vt 0.509569 0.924321
vt 0.514811 0.884928
vt 0.502582 0.847395
vt 0.517193 0.841541
vt 0.532206 0.829435
vt 0.534559 0.876877
vt 0.372099 0.668066
vt 0.393682 0.661216
vt 0.385029 0.591741
vt 0.361277 0.595623
vt 0.380642 0.513771
vt 0.356082 0.514564
vt 0.404473 0.588278
vt 0.400708 0.513144
vt 0.411487 0.655862
vt 0.403730 0.760920
vt 0.417723 0.746859
vt 0.405412 0.714890
vt 0.387469 0.724569
vt 0.420086 0.708136
vt 0.425392 0.735070
vt 0.386218 0.778124
vt 0.365671 0.737213
vt 0.345295 0.676741
vt 0.331164 0.600237
vt 0.324700 0.515619
vt 0.401339 0.805576
vt 0.417413 0.782160
vt 0.046749 0.132011
vt 0.059741 0.126451
vt 0.054392 0.104111
vt 0.041335 0.103989
vt 0.047006 0.076114
vt 0.059972 0.081917
vt 0.072336 0.065126
vt 0.064609 0.056729
vt 0.060743 0.104169
vt 0.065491 0.083179
vt 0.423743 0.585136
vt 0.420851 0.512533
vt 0.449212 0.582738
vt 0.447238 0.511761
vt 0.428453 0.651882
vt 0.451137 0.649310
vt 0.483573 0.582164
vt 0.482249 0.510785
vt 0.482709 0.649520
vt 0.429187 0.762002
vt 0.434805 0.740799
vt 0.444117 0.770407
vt 0.450074 0.744505
vt 0.433366 0.791966
vt 0.467084 0.775812
vt 0.472767 0.747650
vt 0.433694 0.706151
vt 0.452328 0.705546
vt 0.478881 0.706976
vt 0.080060 0.073738
vt 0.072260 0.104299
vt 0.108036 0.104486
vt 0.107907 0.067162
vt 0.135845 0.073681
vt 0.143765 0.104253
vt 0.155249 0.104070
vt 0.150506 0.083170
vt 0.136304 0.135017
vt 0.126704 0.149071
vt 0.141646 0.140603
vt 0.150919 0.125140
vt 0.079916 0.135076
vt 0.089525 0.149120
vt 0.108102 0.152526
vt 0.108110 0.141873
vt 0.169159 0.076134
vt 0.156068 0.081948
vt 0.161579 0.103967
vt 0.174453 0.103781
vt 0.169890 0.131784
vt 0.156560 0.126212
vt 0.144404 0.143440
vt 0.152503 0.151918
vt 0.071938 0.143605
vt 0.074633 0.140726
vt 0.065308 0.125296
vt 0.084264 0.042858
vt 0.088807 0.054612
vt 0.107839 0.050996
vt 0.107799 0.039032
vt 0.131494 0.042657
vt 0.126983 0.054524
vt 0.143676 0.065123
vt 0.151489 0.056621
vt 0.141012 0.067987
vt 0.107862 0.056581
vt 0.126172 0.059845
vt 0.132354 0.166510
vt 0.127600 0.154457
vt 0.108098 0.158202
vt 0.108107 0.170440
vt 0.083929 0.166535
vt 0.088640 0.154505
vt 0.063935 0.152028
vt 0.074940 0.068017
vt 0.089630 0.059911
vt 0.530438 0.921426
vt 0.973455 0.367868
vt 0.954547 0.367616
vt 0.954384 0.394765
vt 0.974503 0.393201
vt 0.817852 0.493261
vt 0.817522 0.466063
vt 0.839081 0.533815
vt 0.816963 0.529690
vt 0.862128 0.533586
vt 0.880451 0.529182
vt 0.898126 0.524732
vt 0.919599 0.522754
vt 0.269414 0.241648
vt 0.314173 0.182438
vt 0.345028 0.221095
vt 0.319679 0.271823
vt 0.301428 0.342862
vt 0.264738 0.333193
vt 0.260917 0.517901
vt 0.221563 0.519396
vt 0.067098 0.286075
vt 0.137177 0.280678
vt 0.208114 0.263608
vt 0.146175 0.340240
vt 0.218745 0.333215
vt 0.069279 0.340179
vt 0.571684 0.346442
vt 0.544451 0.288751
vt 0.521915 0.299180
vt 0.538020 0.358556
vt 0.496572 0.307257
vt 0.508400 0.366203
vt 0.505950 0.259332
vt 0.485056 0.266840
vt 0.527491 0.244166
vt 0.602915 0.080320
vt 0.660643 0.068481
vt 0.618084 0.123214
vt 0.691447 0.113352
vt 0.550243 0.086180
vt 0.559611 0.144620
vt 0.688132 0.173130
vt 0.694699 0.149284
vt 0.639592 0.141738
vt 0.620632 0.152790
vt 0.015092 0.359624
vt 0.027105 0.442364
vt 0.053600 0.435639
vt 0.038881 0.357343
vt 0.090790 0.428079
vt 0.220230 0.420941
vt 0.220230 0.420941
vt 0.260957 0.423164
vt 0.292382 0.427072
vt 0.264738 0.333193
vt 0.154998 0.422629
vt 0.363480 0.185138
vt 0.341024 0.147301
vt 0.367217 0.120214
vt 0.384342 0.155818
vt 0.582166 0.426779
vt 0.547550 0.431139
vt 0.515493 0.435839
vt 0.665693 0.421081
vt 0.625331 0.424945
vt 0.622868 0.357434
vt 0.669456 0.336102
vt 0.510275 0.220688
vt 0.496432 0.233351
vt 0.477602 0.237625
vt 0.490451 0.205662
vt 0.470864 0.205996
vt 0.501553 0.203048
vt 0.899618 0.347407
vt 0.899348 0.317497
vt 0.973411 0.130165
vt 0.973775 0.102840
vt 0.956069 0.108253
vt 0.954871 0.136673
vt 0.954403 0.229722
vt 0.954184 0.202571
vt 0.936880 0.201034
vt 0.937724 0.229708
vt 0.919091 0.229339
vt 0.919386 0.200125
vt 0.901697 0.200382
vt 0.900426 0.229133
vt 0.817607 0.341188
vt 0.841584 0.340802
vt 0.841920 0.322508
vt 0.818163 0.321124
vt 0.840097 0.100911
vt 0.840480 0.128273
vt 0.864238 0.129742
vt 0.863439 0.101706
vt 0.884429 0.201648
vt 0.883770 0.228707
vt 0.953837 0.179287
vt 0.954135 0.160845
vt 0.937074 0.162534
vt 0.936712 0.181605
vt 0.919097 0.142889
vt 0.918978 0.113667
vt 0.901331 0.161840
vt 0.901807 0.180903
vt 0.919172 0.182037
vt 0.919178 0.162824
vt 0.840296 0.204306
vt 0.840905 0.227809
vt 0.865139 0.227962
vt 0.864740 0.203259
vt 0.939029 0.112680
vt 0.937785 0.141634
vt 0.816429 0.159277
vt 0.816012 0.176228
vt 0.884732 0.178364
vt 0.884274 0.159928
vt 0.973663 0.175565
vt 0.973486 0.158139
vt 0.918654 0.316784
vt 0.918982 0.348011
vt 0.973311 0.229431
vt 0.974308 0.204095
vt 0.970847 0.320525
vt 0.972179 0.340199
vt 0.976146 0.066586
vt 0.958319 0.070437
vt 0.940658 0.073940
vt 0.962105 0.035929
vt 0.942694 0.036213
vt 0.981518 0.035443
vt 0.536532 0.199247
vt 0.558245 0.212031
vt 0.575778 0.179759
vt 0.944875 0.010614
vt 0.921745 0.009115
vt 0.920056 0.035821
vt 0.898510 0.009652
vt 0.897474 0.035008
vt 0.552112 0.247545
vt 0.560395 0.278760
vt 0.877170 0.010322
vt 0.878367 0.033334
vt 0.855200 0.009406
vt 0.858742 0.030988
vt 0.581369 0.305186
vt 0.617597 0.312117
vt 0.832144 0.010348
vt 0.835316 0.031836
vt 0.810304 0.015471
vt 0.813308 0.036661
vt 0.650224 0.295725
vt 0.610459 0.171221
vt 0.644258 0.185089
vt 0.966683 0.013058
vt 0.989227 0.014990
vt 0.417934 0.134959
vt 0.405364 0.099424
vt 0.444316 0.087413
vt 0.453583 0.124253
vt 0.479347 0.121894
vt 0.471718 0.082299
vt 0.492608 0.081792
vt 0.499219 0.125293
vt 0.485825 0.167236
vt 0.462977 0.166735
vt 0.502580 0.172786
vt 0.519693 0.185109
vt 0.521062 0.133830
vt 0.362104 0.359170
vt 0.355947 0.433025
vt 0.380074 0.435390
vt 0.384410 0.364725
vt 0.399834 0.437654
vt 0.402764 0.369051
vt 0.388645 0.262263
vt 0.374115 0.300629
vt 0.393037 0.309415
vt 0.403794 0.275976
vt 0.408395 0.315437
vt 0.412298 0.287634
vt 0.350960 0.289122
vt 0.369498 0.245476
vt 0.334341 0.352191
vt 0.325360 0.430425
vt 0.401818 0.239557
vt 0.384235 0.215409
vt 0.402361 0.191486
vt 0.418247 0.223438
vt 0.419387 0.439644
vt 0.420164 0.372068
vt 0.445109 0.440563
vt 0.443239 0.373368
vt 0.479639 0.439223
vt 0.475096 0.371442
vt 0.421603 0.281266
vt 0.414797 0.259843
vt 0.429802 0.250297
vt 0.436989 0.276693
vt 0.460213 0.272197
vt 0.452811 0.242535
vt 0.443581 0.211304
vt 0.422354 0.316679
vt 0.441320 0.316260
vt 0.468190 0.313431
vt 0.431508 0.174262
vt 0.515774 0.084647
vt 0.815763 0.204144
vt 0.816365 0.229053
vt 0.817379 0.104370
vt 0.817126 0.131570
vt 0.816375 0.067941
vt 0.838483 0.063743
vt 0.861543 0.063887
vt 0.879899 0.068227
vt 0.897616 0.072627
vt 0.919134 0.074555
vt 0.456704 0.891853
vt 0.454755 0.880337
vt 0.440031 0.878819
vt 0.436681 0.889952
vt 0.415226 0.881703
vt 0.426694 0.872153
vt 0.417460 0.861093
vt 0.407580 0.864352
vt 0.108109 0.201582
vt 0.071859 0.196294
vt 0.446928 0.800697
vt 0.446964 0.809913
vt 0.458299 0.811255
vt 0.460908 0.801112
vt 0.473510 0.807722
vt 0.468982 0.815900
vt 0.478100 0.823937
vt 0.484574 0.816218
vt 0.489766 0.831024
vt 0.484610 0.835779
vt 0.485747 0.851054
vt 0.491818 0.850599
vt 0.484977 0.870011
vt 0.480281 0.865913
vt 0.468762 0.876053
vt 0.473464 0.885543
vt 0.406665 0.844065
vt 0.413329 0.846140
vt 0.416435 0.830619
vt 0.411462 0.824989
vt 0.422534 0.811105
vt 0.424826 0.818659
vt 0.435722 0.812180
vt 0.433908 0.802207
vt 0.937078 0.674496
vt 0.948931 0.674901
vt 0.951191 0.662464
vt 0.940217 0.660130
vt 0.954122 0.650968
vt 0.943585 0.647658
vt 0.961212 0.663932
vt 0.962915 0.653906
vt 0.959358 0.675704
vt 0.921271 0.641445
vt 0.898857 0.635972
vt 0.895892 0.649206
vt 0.918011 0.654326
vt 0.893454 0.660724
vt 0.915278 0.665605
vt 0.919002 0.707793
vt 0.907776 0.707586
vt 0.907788 0.724145
vt 0.919583 0.724231
vt 0.709122 0.324328
vt 0.709038 0.318618
vt 0.697483 0.318191
vt 0.697623 0.325346
vt 0.950603 0.783319
vt 0.950621 0.798056
vt 0.960836 0.797154
vt 0.960851 0.783560
vt 0.710603 0.247655
vt 0.698857 0.246376
vt 0.698334 0.260879
vt 0.709944 0.261226
vt 0.925520 0.724049
vt 0.933009 0.723579
vt 0.932476 0.705724
vt 0.924799 0.707214
vt 0.721130 0.324013
vt 0.721053 0.318554
vt 0.984984 0.751245
vt 0.972339 0.748675
vt 0.971665 0.759458
vt 0.984281 0.758710
vt 0.989645 0.708962
vt 0.974605 0.706286
vt 0.973737 0.723734
vt 0.987799 0.724682
vt 0.723596 0.198794
vt 0.712278 0.198926
vt 0.712280 0.210696
vt 0.723529 0.211177
vt 0.711837 0.222170
vt 0.723243 0.222846
vt 0.701774 0.208166
vt 0.700325 0.219754
vt 0.703994 0.199410
vt 0.983253 0.655290
vt 0.972952 0.653037
vt 0.973315 0.664501
vt 0.987050 0.665281
vt 0.973421 0.676992
vt 0.989276 0.678616
vt 0.931305 0.689585
vt 0.924318 0.692591
vt 0.929244 0.682163
vt 0.924509 0.687146
vt 0.939757 0.686448
vt 0.940860 0.704056
vt 0.950145 0.703313
vt 0.949241 0.685835
vt 0.959417 0.686602
vt 0.960673 0.704043
vt 0.958223 0.641272
vt 0.947233 0.636909
vt 0.963520 0.630016
vt 0.951887 0.624869
vt 0.968344 0.645510
vt 0.971452 0.635558
vt 0.927942 0.617041
vt 0.904690 0.611263
vt 0.901621 0.624187
vt 0.924362 0.629898
vt 0.745407 0.223401
vt 0.766777 0.223847
vt 0.767007 0.211976
vt 0.745653 0.211560
vt 0.767240 0.199518
vt 0.745876 0.199123
vt 0.891602 0.670113
vt 0.912847 0.674571
vt 0.889821 0.680310
vt 0.910378 0.683995
vt 0.933008 0.820114
vt 0.932475 0.837970
vt 0.940859 0.839638
vt 0.941157 0.820707
vt 0.920154 0.794814
vt 0.920275 0.784449
vt 0.907889 0.784470
vt 0.907847 0.794735
vt 0.858104 0.758871
vt 0.858139 0.748311
vt 0.744773 0.248934
vt 0.766571 0.234146
vt 0.745163 0.233683
vt 0.722286 0.248241
vt 0.731907 0.248578
vt 0.732396 0.233342
vt 0.722889 0.233030
vt 0.732688 0.223100
vt 0.744455 0.262219
vt 0.926154 0.795342
vt 0.926269 0.784250
vt 0.907848 0.748957
vt 0.885950 0.748733
vt 0.885908 0.759103
vt 0.907889 0.759222
vt 0.928107 0.669477
vt 0.924466 0.678436
vt 0.920667 0.686408
vt 0.732947 0.211320
vt 0.733123 0.198910
vt 0.941768 0.621220
vt 0.937642 0.633727
vt 0.934289 0.644979
vt 0.930981 0.657658
vt 0.919217 0.693269
vt 0.908924 0.692098
vt 0.730949 0.323872
vt 0.730882 0.318446
vt 0.721794 0.261622
vt 0.950455 0.722670
vt 0.960765 0.722942
vt 0.743961 0.318336
vt 0.744015 0.323724
vt 0.730887 0.292771
vt 0.743966 0.292886
vt 0.744022 0.287498
vt 0.730957 0.287345
vt 0.731503 0.261912
vt 0.888540 0.689263
vt 0.941139 0.783415
vt 0.941247 0.797642
vt 0.721059 0.292658
vt 0.721138 0.287200
vt 0.926155 0.748351
vt 0.920155 0.748879
vt 0.920275 0.759244
vt 0.926270 0.759443
vt 0.941158 0.722986
vt 0.933330 0.783801
vt 0.933342 0.796489
vt 0.711363 0.232358
vt 0.699573 0.230416
vt 0.973835 0.688517
vt 0.990084 0.690826
vt 0.937077 0.869198
vt 0.940213 0.883564
vt 0.951188 0.881231
vt 0.948930 0.868794
vt 0.961211 0.879763
vt 0.959358 0.867990
vt 0.954116 0.892727
vt 0.962916 0.889792
vt 0.943575 0.896033
vt 0.921290 0.902233
vt 0.918019 0.889365
vt 0.895899 0.894495
vt 0.898873 0.907729
vt 0.893456 0.882975
vt 0.915281 0.878089
vt 0.919000 0.835901
vt 0.919582 0.819462
vt 0.907786 0.819548
vt 0.907775 0.836108
vt 0.710573 0.363557
vt 0.709921 0.349984
vt 0.698309 0.350325
vt 0.698823 0.364831
vt 0.960836 0.746539
vt 0.960851 0.760133
vt 0.709131 0.286878
vt 0.697634 0.285854
vt 0.697490 0.293009
vt 0.709045 0.292588
vt 0.925519 0.819645
vt 0.924798 0.836480
vt 0.989644 0.834731
vt 0.987799 0.819012
vt 0.973737 0.819959
vt 0.974605 0.837408
vt 0.984984 0.792449
vt 0.984281 0.784984
vt 0.971664 0.784235
vt 0.972338 0.795018
vt 0.723533 0.412446
vt 0.723490 0.400066
vt 0.712232 0.400535
vt 0.712220 0.412305
vt 0.701722 0.403058
vt 0.703937 0.411816
vt 0.711795 0.389057
vt 0.700277 0.391467
vt 0.723204 0.388388
vt 0.983256 0.888405
vt 0.987052 0.878412
vt 0.973317 0.879194
vt 0.972955 0.890660
vt 0.973422 0.866702
vt 0.989277 0.865077
vt 0.924317 0.851103
vt 0.931304 0.854109
vt 0.939756 0.857246
vt 0.929244 0.861531
vt 0.924509 0.856549
vt 0.949240 0.857859
vt 0.950144 0.840381
vt 0.959416 0.857093
vt 0.960672 0.839651
vt 0.947214 0.906749
vt 0.958205 0.902429
vt 0.968347 0.898202
vt 0.963486 0.913728
vt 0.971448 0.908185
vt 0.951803 0.918855
vt 0.927985 0.926546
vt 0.924385 0.913805
vt 0.901652 0.919518
vt 0.904758 0.932478
vt 0.745383 0.387834
vt 0.745629 0.399682
vt 0.766995 0.399265
vt 0.766763 0.387390
vt 0.767232 0.411729
vt 0.745854 0.412134
vt 0.912848 0.869124
vt 0.891601 0.873585
vt 0.889819 0.863387
vt 0.910377 0.859700
vt 0.744753 0.362296
vt 0.745140 0.377548
vt 0.766556 0.377088
vt 0.722261 0.362974
vt 0.722859 0.378197
vt 0.732366 0.377886
vt 0.731883 0.362653
vt 0.732658 0.388129
vt 0.744440 0.349008
vt 0.924465 0.865259
vt 0.928106 0.874217
vt 0.920666 0.857287
vt 0.732912 0.399916
vt 0.733082 0.412356
vt 0.937637 0.909954
vt 0.941717 0.922347
vt 0.934280 0.898724
vt 0.930977 0.886036
vt 0.919216 0.850425
vt 0.908923 0.851597
vt 0.950454 0.821024
vt 0.960765 0.820751
vt 0.721774 0.349593
vt 0.731485 0.349312
vt 0.888537 0.854432
vt 0.950603 0.760375
vt 0.950622 0.745637
vt 0.711326 0.378863
vt 0.699530 0.380800
vt 0.990084 0.852867
vt 0.973835 0.855177
vt 0.174422 0.175463
vt 0.143055 0.193638
vt 0.107563 0.006507
vt 0.141781 0.013738
vt 0.173675 0.030034
vt 0.042948 0.031222
vt 0.073486 0.013921
vt 0.207889 0.102459
vt 0.199631 0.144395
vt 0.197393 0.060740
vt 0.009651 0.100995
vt 0.019539 0.061015
vt 0.040531 0.176061
vt 0.014053 0.143406
vt 0.758997 0.721448
vt 0.766246 0.721955
vt 0.765672 0.725633
vt 0.759134 0.725194
vt 0.765129 0.729104
vt 0.759266 0.728724
vt 0.764587 0.732499
vt 0.759388 0.732177
vt 0.764044 0.735875
vt 0.759508 0.735610
vt 0.763521 0.739169
vt 0.759635 0.738958
vt 0.763078 0.742221
vt 0.759793 0.742049
vt 0.759711 0.676506
vt 0.774548 0.678062
vt 0.772222 0.689956
vt 0.759229 0.688558
vt 0.770276 0.699628
vt 0.758902 0.698514
vt 0.768803 0.707174
vt 0.758772 0.706300
vt 0.767719 0.713076
vt 0.758780 0.712371
vt 0.766903 0.717865
vt 0.758869 0.717275
vt 0.773234 0.723808
vt 0.771979 0.727301
vt 0.770787 0.730594
vt 0.769606 0.733812
vt 0.768425 0.737009
vt 0.767276 0.740130
vt 0.766250 0.743026
vt 0.789060 0.682029
vt 0.784773 0.693451
vt 0.781211 0.702652
vt 0.778442 0.709800
vt 0.776317 0.715388
vt 0.774638 0.719928
vt 0.779739 0.726939
vt 0.777845 0.730132
vt 0.776046 0.733136
vt 0.774269 0.736065
vt 0.772493 0.738969
vt 0.770761 0.741800
vt 0.769190 0.744432
vt 0.802796 0.688435
vt 0.796589 0.699045
vt 0.791462 0.707539
vt 0.787453 0.714107
vt 0.784342 0.719229
vt 0.781848 0.723387
vt 0.785550 0.731253
vt 0.783072 0.734036
vt 0.780722 0.736644
vt 0.778408 0.739178
vt 0.776098 0.741682
vt 0.773844 0.744118
vt 0.771788 0.746386
vt 0.815335 0.697143
vt 0.807354 0.706647
vt 0.800762 0.714204
vt 0.795589 0.720005
vt 0.791555 0.724506
vt 0.788307 0.728149
vt 0.790457 0.736630
vt 0.787466 0.738895
vt 0.784640 0.741007
vt 0.781865 0.743046
vt 0.779102 0.745052
vt 0.776409 0.746998
vt 0.773942 0.748813
vt 0.826343 0.707892
vt 0.816805 0.716107
vt 0.808857 0.722537
vt 0.802598 0.727385
vt 0.797717 0.731102
vt 0.793789 0.734092
vt 0.794252 0.742911
vt 0.790846 0.744555
vt 0.787639 0.746077
vt 0.784502 0.747534
vt 0.781385 0.748958
vt 0.778352 0.750332
vt 0.775570 0.751620
vt 0.835669 0.720312
vt 0.824824 0.727330
vt 0.815505 0.732463
vt 0.808204 0.736123
vt 0.802569 0.738869
vt 0.798061 0.741059
vt 0.796740 0.749880
vt 0.793046 0.750814
vt 0.789581 0.751670
vt 0.786200 0.752477
vt 0.782850 0.753254
vt 0.779592 0.753995
vt 0.776605 0.754695
vt 0.843590 0.733853
vt 0.831635 0.740819
vt 0.820293 0.743943
vt 0.812036 0.746035
vt 0.805814 0.747584
vt 0.800884 0.748826
vt 0.797761 0.757253
vt 0.793943 0.757420
vt 0.790366 0.757563
vt 0.786881 0.757681
vt 0.783428 0.757780
vt 0.780069 0.757867
vt 0.684014 0.939332
vt 0.685939 0.932786
vt 0.714449 0.947733
vt 0.712651 0.949950
vt 0.685358 0.988015
vt 0.682058 0.980620
vt 0.714449 0.974233
vt 0.833888 0.756482
vt 0.822179 0.756612
vt 0.813601 0.756735
vt 0.807153 0.756894
vt 0.802050 0.757072
vt 0.797254 0.764682
vt 0.793489 0.764076
vt 0.789957 0.763502
vt 0.786515 0.762926
vt 0.783102 0.762342
vt 0.779765 0.761765
vt 0.680262 0.972724
vt 0.711805 0.966310
vt 0.844991 0.950570
vt 0.850068 0.946013
vt 0.876356 0.956202
vt 0.875088 0.958753
vt 0.832168 0.772104
vt 0.820980 0.769271
vt 0.812733 0.767479
vt 0.806468 0.766263
vt 0.801472 0.765380
vt 0.795268 0.771823
vt 0.791721 0.770489
vt 0.788385 0.769233
vt 0.785131 0.767994
vt 0.781903 0.766754
vt 0.778753 0.765543
vt 0.775842 0.764445
vt 0.776747 0.761254
vt 0.843590 0.778258
vt 0.836930 0.791407
vt 0.826266 0.785473
vt 0.816955 0.780896
vt 0.809608 0.777592
vt 0.803868 0.775182
vt 0.799223 0.773336
vt 0.791947 0.778385
vt 0.788747 0.776402
vt 0.785732 0.774532
vt 0.782789 0.772691
vt 0.779867 0.770854
vt 0.777013 0.769059
vt 0.774356 0.767424
vt 0.829148 0.804097
vt 0.819320 0.796956
vt 0.811166 0.791120
vt 0.804725 0.786663
vt 0.799647 0.783279
vt 0.795501 0.780612
vt 0.787464 0.784153
vt 0.784713 0.781610
vt 0.782121 0.779207
vt 0.779591 0.776842
vt 0.777080 0.774482
vt 0.774626 0.772175
vt 0.772331 0.770063
vt 0.819542 0.815657
vt 0.810883 0.807053
vt 0.803877 0.800015
vt 0.798389 0.794562
vt 0.794060 0.790355
vt 0.790513 0.786992
vt 0.781997 0.788955
vt 0.779779 0.785946
vt 0.777694 0.783099
vt 0.775664 0.780299
vt 0.773653 0.777505
vt 0.771688 0.774774
vt 0.769841 0.772262
vt 0.808093 0.825586
vt 0.800934 0.815602
vt 0.795229 0.807472
vt 0.790799 0.801155
vt 0.787313 0.796251
vt 0.784456 0.792304
vt 0.775731 0.792646
vt 0.774118 0.789270
vt 0.772610 0.786077
vt 0.771151 0.782941
vt 0.769712 0.779814
vt 0.768309 0.776758
vt 0.766979 0.773941
vt 0.795036 0.833489
vt 0.789637 0.822355
vt 0.785403 0.813313
vt 0.782152 0.806284
vt 0.779608 0.800814
vt 0.777524 0.796400
vt 0.768863 0.795099
vt 0.767917 0.791465
vt 0.767044 0.788034
vt 0.766212 0.784671
vt 0.765401 0.781323
vt 0.764613 0.778053
vt 0.763853 0.775035
vt 0.780730 0.839093
vt 0.777254 0.827100
vt 0.774625 0.817361
vt 0.772666 0.809791
vt 0.771156 0.803900
vt 0.769922 0.799144
vt 0.761616 0.796207
vt 0.761385 0.792437
vt 0.761190 0.788887
vt 0.761024 0.785417
vt 0.760877 0.781970
vt 0.760739 0.778608
vt 0.760579 0.775502
vt 0.765584 0.842268
vt 0.764061 0.829704
vt 0.763132 0.819468
vt 0.762577 0.811528
vt 0.762192 0.805371
vt 0.761882 0.800414
vt 0.754238 0.795887
vt 0.754755 0.792119
vt 0.755261 0.788583
vt 0.755779 0.785137
vt 0.756310 0.781723
vt 0.756832 0.778398
vt 0.757283 0.775322
vt 0.749997 0.843101
vt 0.750205 0.830124
vt 0.751125 0.819477
vt 0.752142 0.811336
vt 0.752989 0.805096
vt 0.753668 0.800106
vt 0.747022 0.794096
vt 0.748288 0.790488
vt 0.749491 0.787111
vt 0.750682 0.783829
vt 0.751877 0.780583
vt 0.753044 0.777425
vt 0.754091 0.774501
vt 0.734270 0.842136
vt 0.735146 0.828265
vt 0.738872 0.817065
vt 0.741729 0.809011
vt 0.743898 0.802955
vt 0.745602 0.798146
vt 0.740293 0.790862
vt 0.742266 0.787582
vt 0.744121 0.784513
vt 0.745941 0.781533
vt 0.747750 0.778586
vt 0.749507 0.775717
vt 0.676805 0.960004
vt 0.677188 0.951915
vt 0.710134 0.956595
vt 0.710328 0.960849
vt 0.806181 0.983852
vt 0.804557 0.975918
vt 0.833653 0.969751
vt 0.836462 0.978055
vt 0.720845 0.821394
vt 0.727263 0.811575
vt 0.731933 0.804361
vt 0.735384 0.798897
vt 0.738067 0.794541
vt 0.734378 0.786326
vt 0.736963 0.783525
vt 0.739388 0.780899
vt 0.741758 0.778348
vt 0.744110 0.775822
vt 0.746398 0.773355
vt 0.680236 0.965901
vt 0.710708 0.963677
vt 0.679076 0.944040
vt 0.711509 0.952567
vt 0.708816 0.811256
vt 0.717394 0.803531
vt 0.723468 0.797665
vt 0.727957 0.793124
vt 0.731462 0.789453
vt 0.729535 0.780724
vt 0.732605 0.778513
vt 0.735487 0.776435
vt 0.738304 0.774415
vt 0.741098 0.772418
vt 0.743811 0.770472
vt 0.746282 0.768665
vt 0.748435 0.771119
vt 0.697359 0.817315
vt 0.690147 0.804477
vt 0.700994 0.798920
vt 0.709966 0.793724
vt 0.716791 0.789449
vt 0.721979 0.786013
vt 0.726088 0.783174
vt 0.725925 0.774331
vt 0.729342 0.772775
vt 0.732559 0.771311
vt 0.735705 0.769891
vt 0.738828 0.768489
vt 0.741866 0.767123
vt 0.744651 0.765836
vt 0.683938 0.790981
vt 0.695312 0.786778
vt 0.704682 0.783238
vt 0.711960 0.780356
vt 0.717591 0.778012
vt 0.722106 0.776047
vt 0.723630 0.767411
vt 0.727266 0.766545
vt 0.730694 0.765735
vt 0.734048 0.764957
vt 0.737381 0.764196
vt 0.740626 0.763457
vt 0.743612 0.762745
vt 0.679663 0.776615
vt 0.691597 0.774175
vt 0.701330 0.772244
vt 0.708911 0.770702
vt 0.714814 0.769440
vt 0.719579 0.768363
vt 0.722696 0.760204
vt 0.726427 0.760046
vt 0.729945 0.759912
vt 0.733387 0.759800
vt 0.736805 0.759705
vt 0.740135 0.759618
vt 0.743206 0.759511
vt 0.677729 0.761636
vt 0.689982 0.761169
vt 0.699916 0.760906
vt 0.707642 0.760720
vt 0.713668 0.760549
vt 0.718543 0.760375
vt 0.723143 0.752941
vt 0.726848 0.753500
vt 0.730336 0.754047
vt 0.733742 0.754606
vt 0.737122 0.755182
vt 0.740413 0.755753
vt 0.743453 0.756258
vt 0.678299 0.746439
vt 0.690570 0.748007
vt 0.700488 0.749451
vt 0.708182 0.750645
vt 0.714173 0.751582
vt 0.719017 0.752322
vt 0.724975 0.745861
vt 0.728525 0.747131
vt 0.731858 0.748349
vt 0.735106 0.749565
vt 0.738323 0.750796
vt 0.741453 0.752008
vt 0.744347 0.753111
vt 0.681355 0.731429
vt 0.693384 0.734961
vt 0.703085 0.738125
vt 0.710561 0.740730
vt 0.716349 0.742793
vt 0.721013 0.744454
vt 0.728163 0.739219
vt 0.731422 0.741172
vt 0.734473 0.743028
vt 0.737437 0.744866
vt 0.740368 0.746711
vt 0.743218 0.748526
vt 0.745860 0.750192
vt 0.686676 0.716923
vt 0.698414 0.722166
vt 0.707772 0.727154
vt 0.714819 0.731258
vt 0.720204 0.734470
vt 0.724515 0.737044
vt 0.732631 0.733289
vt 0.735457 0.735866
vt 0.738097 0.738298
vt 0.740656 0.740690
vt 0.743183 0.743083
vt 0.745642 0.745436
vt 0.747933 0.747628
vt 0.693664 0.702978
vt 0.705955 0.709158
vt 0.714739 0.716891
vt 0.721002 0.722628
vt 0.725711 0.726969
vt 0.729462 0.730405
vt 0.738226 0.728355
vt 0.740483 0.731449
vt 0.742594 0.734358
vt 0.744641 0.737207
vt 0.746665 0.740044
vt 0.748646 0.742816
vt 0.802872 0.947236
vt 0.807948 0.942676
vt 0.834658 0.953071
vt 0.833381 0.955620
vt 0.809318 0.991317
vt 0.717732 0.698742
vt 0.724246 0.708387
vt 0.729057 0.715448
vt 0.732738 0.720727
vt 0.735703 0.724880
vt 0.744694 0.724657
vt 0.746282 0.728124
vt 0.747773 0.731381
vt 0.749220 0.734566
vt 0.750656 0.737731
vt 0.752072 0.740825
vt 0.801151 0.955149
vt 0.831885 0.959798
vt 0.842816 0.958371
vt 0.873553 0.962999
vt 0.731613 0.691613
vt 0.735410 0.702431
vt 0.738462 0.710256
vt 0.740908 0.716127
vt 0.742936 0.720765
vt 0.751722 0.722341
vt 0.752588 0.726022
vt 0.753406 0.729485
vt 0.754200 0.732870
vt 0.754987 0.736233
vt 0.755766 0.739510
vt 0.756519 0.742519
vt 0.753380 0.743605
vt 0.730419 0.678790
vt 0.744948 0.677064
vt 0.745912 0.689143
vt 0.747253 0.699365
vt 0.748569 0.707269
vt 0.749743 0.713354
vt 0.750783 0.718224
vt 0.976502 0.977888
vt 0.979802 0.980707
vt 0.978247 0.984375
vt 0.973925 0.983947
vt 0.972963 0.925802
vt 0.977675 0.924586
vt 0.977810 0.929089
vt 0.975096 0.929839
vt 0.969265 0.928917
vt 0.972957 0.931586
vt 0.971698 0.936008
vt 0.967927 0.936101
vt 0.981879 0.974439
vt 0.990610 0.975632
vt 0.988355 0.979342
vt 0.983058 0.978609
vt 0.976639 0.992334
vt 0.979886 0.989463
vt 0.983708 0.991443
vt 0.982939 0.995616
vt 0.972474 0.945377
vt 0.969162 0.942249
vt 0.972841 0.939721
vt 0.974783 0.941495
vt 0.995398 0.988346
vt 0.991270 0.987045
vt 0.991263 0.983031
vt 0.995398 0.981732
vt 0.804434 0.969097
vt 0.832577 0.967116
vt 0.842127 0.966439
vt 0.873751 0.967429
vt 0.800928 0.963243
vt 0.832102 0.964311
vt 0.845731 0.979116
vt 0.845632 0.972293
vt 0.874189 0.970251
vt 0.875291 0.972885
vt 0.810056 0.936187
vt 0.836462 0.950863
vt 0.851443 0.994188
vt 0.847847 0.986932
vt 0.878176 0.981157
vt 0.852200 0.939532
vt 0.878176 0.954011
vt 0.962491 0.936109
vt 0.965372 0.936115
vt 0.966051 0.942681
vt 0.963070 0.942989
vt 0.985843 0.949284
vt 0.984429 0.946792
vt 0.990224 0.942832
vt 0.991937 0.945241
vt 0.983164 0.944530
vt 0.988451 0.940298
vt 0.991937 0.925826
vt 0.990171 0.928258
vt 0.984758 0.924447
vt 0.986252 0.921939
vt 0.988313 0.930779
vt 0.983470 0.926725
vt 0.978963 0.921710
vt 0.980221 0.918963
vt 0.979223 0.952385
vt 0.978001 0.949705
vt 0.976823 0.946859
vt 0.963241 0.928168
vt 0.966177 0.928533
vt 0.989466 0.935584
vt 0.984876 0.935652
vt 0.984266 0.932898
vt 0.981486 0.930078
vt 0.987999 0.990952
vt 0.990023 0.994784
vt 0.977255 0.942385
vt 0.981328 0.941304
vt 0.984329 0.938372
vt 0.926569 0.971051
vt 0.964425 0.971051
vt 0.964412 0.975763
vt 0.926556 0.975763
vt 0.926594 0.981125
vt 0.964450 0.981125
vt 0.964499 0.985005
vt 0.926643 0.985005
vt 0.926610 0.967026
vt 0.964466 0.967026
vt 0.926731 0.994361
vt 0.926693 0.988996
vt 0.964549 0.988996
vt 0.964587 0.994361
vt 0.926677 0.961914
vt 0.964533 0.961914
vt 0.926718 0.957583
vt 0.964574 0.957583
vt 0.926731 0.953266
vt 0.964587 0.953265
vt 0.978186 0.935775
vt 0.747961 0.895519
vt 0.763532 0.895501
vt 0.763502 0.911784
vt 0.748199 0.911708
vt 0.779198 0.895482
vt 0.778205 0.911426
vt 0.774183 0.923860
vt 0.762623 0.926765
vt 0.748671 0.927509
vt 0.714346 0.895558
vt 0.731655 0.895538
vt 0.732048 0.911937
vt 0.715674 0.911515
vt 0.733710 0.927193
vt 0.720456 0.924260
vt 0.748161 0.879330
vt 0.763464 0.879218
vt 0.748596 0.863528
vt 0.762550 0.864239
vt 0.774117 0.867116
vt 0.778168 0.879541
vt 0.715637 0.879598
vt 0.732010 0.879138
vt 0.720389 0.866843
vt 0.733636 0.863879
vt 0.707251 0.878428
vt 0.711537 0.864693
vt 0.787666 0.895473
vt 0.786680 0.912280
vt 0.711609 0.926430
vt 0.707291 0.912705
vt 0.706049 0.895568
vt 0.731452 0.935112
vt 0.717262 0.932405
vt 0.748673 0.854878
vt 0.764979 0.856475
vt 0.748768 0.936158
vt 0.765070 0.934523
vt 0.777504 0.859082
vt 0.777589 0.931886
vt 0.783018 0.865476
vt 0.786640 0.878668
vt 0.717176 0.858705
vt 0.731359 0.855964
vt 0.783088 0.925479
vt 0.218745 0.333215
vt 0.260957 0.423164
vt 0.220230 0.420941
vt 0.260957 0.423164
vt 0.882745 0.298747
vt 0.866407 0.298765
vt 0.898378 0.298730
vt 0.953777 0.298671
vt 0.969366 0.298655
vt 0.938446 0.298687
vt 0.918454 0.298708
vt 0.842354 0.298792
vt 0.819424 0.298818
vt 0.882745 0.298747
vt 0.866407 0.298765
vt 0.898378 0.298730
vt 0.953777 0.298671
vt 0.969366 0.298655
vt 0.938446 0.298687
vt 0.918454 0.298708
vt 0.842354 0.298792
vt 0.819424 0.298818
vt 0.971400 0.771847
vt 0.961140 0.771847
vt 0.983044 0.771847
vt 0.933015 0.771847
vt 0.926216 0.771847
vt 0.940816 0.771847
vt 0.950644 0.771847
vt 0.708889 0.305603
vt 0.697802 0.305600
vt 0.720869 0.305606
vt 0.885855 0.771846
vt 0.907941 0.771846
vt 0.858062 0.771844
vt 0.730723 0.305608
vt 0.743833 0.305610
vt 0.920408 0.771846
vt 0.765566 0.305614
vt 0.792440 0.305617
vt 0.973421 0.736334
vt 0.986215 0.738178
vt 0.961150 0.734688
vt 0.709353 0.273926
vt 0.721327 0.274301
vt 0.698222 0.273348
vt 0.886003 0.735943
vt 0.907796 0.736281
vt 0.858181 0.735292
vt 0.919992 0.736214
vt 0.925820 0.735881
vt 0.731121 0.274547
vt 0.744154 0.274806
vt 0.765808 0.275129
vt 0.792683 0.275453
vt 0.950702 0.734017
vt 0.941062 0.734363
vt 0.933013 0.735164
vt 0.973420 0.807360
vt 0.961149 0.809005
vt 0.986214 0.805516
vt 0.709337 0.337281
vt 0.698204 0.337854
vt 0.721313 0.336912
vt 0.886001 0.807749
vt 0.858178 0.808398
vt 0.907795 0.807412
vt 0.919991 0.807479
vt 0.925819 0.807812
vt 0.731108 0.336671
vt 0.744143 0.336417
vt 0.765799 0.336100
vt 0.792675 0.335781
vt 0.950702 0.809676
vt 0.941061 0.809331
vt 0.933012 0.808530
vt 0.971400 0.771847
vt 0.961140 0.771847
vt 0.983044 0.771847
vt 0.933015 0.771847
vt 0.926216 0.771847
vt 0.940816 0.771847
vt 0.950644 0.771847
vt 0.708889 0.305603
vt 0.697802 0.305600
vt 0.720869 0.305606
vt 0.885855 0.771846
vt 0.907941 0.771846
vt 0.730723 0.305608
vt 0.743833 0.305610
vt 0.920408 0.771846
vt 0.765566 0.305614
vt 0.973421 0.736334
vt 0.986215 0.738178
vt 0.961150 0.734688
vt 0.709353 0.273926
vt 0.721327 0.274301
vt 0.698221 0.273348
vt 0.886003 0.735943
vt 0.907796 0.736281
vt 0.919992 0.736214
vt 0.925820 0.735881
vt 0.731121 0.274547
vt 0.744154 0.274806
vt 0.765808 0.275129
vt 0.950702 0.734017
vt 0.941062 0.734363
vt 0.933013 0.735164
vt 0.973420 0.807359
vt 0.961149 0.809005
vt 0.986214 0.805516
vt 0.709337 0.337281
vt 0.698204 0.337854
vt 0.721313 0.336912
vt 0.886001 0.807749
vt 0.907795 0.807412
vt 0.919991 0.807479
vt 0.925819 0.807812
vt 0.731108 0.336671
vt 0.744143 0.336417
vt 0.765799 0.336100
vt 0.950702 0.809676
vt 0.941061 0.809331
vt 0.933012 0.808530
vn 0.0000 -0.5983 -0.8013
vn -0.4066 -0.5631 -0.7195
vn -0.2245 -0.9596 -0.1693
vn 0.0000 -0.9710 -0.2390
vn -0.8212 -0.3960 -0.4107
vn -0.5400 -0.8244 -0.1695
vn -0.1985 -0.9801 0.0003
vn -0.1168 -0.9901 0.0772
vn -0.0511 -0.9517 0.3028
vn -0.0534 -0.9654 0.2551
vn 0.0000 -0.9689 0.2474
vn 0.0000 0.5467 -0.8373
vn -0.2745 0.5696 -0.7747
vn -0.3719 0.0190 -0.9280
vn 0.0000 0.0044 -1.0000
vn -0.7936 0.4281 -0.4324
vn -0.8557 0.0081 -0.5173
vn 0.3869 0.9190 -0.0758
vn 0.5572 0.8288 0.0506
vn 0.7896 0.6096 0.0695
vn 0.7613 0.6475 -0.0345
vn 0.4131 0.8670 0.2785
vn 0.7398 0.5830 0.3359
vn 0.8810 0.2292 0.4139
vn 0.9595 0.2628 0.1013
vn 0.9560 0.2933 -0.0026
vn 0.0000 0.8873 -0.4611
vn -0.1182 0.9019 -0.4155
vn 0.0000 0.9913 -0.1312
vn -0.0425 0.9920 -0.1188
vn -0.1551 0.9879 0.0027
vn -0.3935 0.8762 -0.2783
vn -0.3941 0.9103 -0.1264
vn -0.7644 0.6213 -0.1722
vn -0.6720 0.7177 -0.1823
vn -0.4626 0.8823 -0.0867
vn -0.3650 0.9283 -0.0704
vn -0.8076 0.5815 -0.0977
vn -0.3491 0.9371 0.0000
vn -0.8144 0.5802 0.0000
vn -0.9869 0.1612 0.0000
vn -0.9761 0.1858 -0.1128
vn -0.9497 -0.2932 -0.1097
vn -0.6834 -0.7275 -0.0605
vn -0.9026 0.0998 0.4186
vn -0.4822 -0.8577 0.1785
vn -0.2777 -0.9607 0.0000
vn -0.2603 -0.9655 -0.0110
vn -0.9925 -0.0209 -0.1204
vn -0.9996 -0.0281 0.0000
vn -0.0267 -0.7399 0.6721
vn -0.0171 -0.7248 0.6887
vn -0.0091 -0.3814 0.9244
vn -0.0005 -0.2935 0.9560
vn 0.0000 -0.2933 0.9560
vn 0.0000 -0.7128 0.7014
vn 0.3383 0.9410 0.0000
vn 0.3486 0.9360 -0.0487
vn 0.7232 0.6899 -0.0305
vn 0.7089 0.7052 0.0000
vn 0.9489 0.3152 -0.0117
vn 0.9465 0.3228 0.0000
vn 0.0120 0.9985 -0.0532
vn 0.0224 0.9997 0.0000
vn -0.0056 0.9951 -0.0980
vn 0.2600 0.8363 0.4827
vn 0.5322 0.5294 0.6607
vn 0.1293 0.7439 0.6557
vn 0.2216 0.4764 0.8508
vn 0.2624 0.2685 0.9268
vn 0.5967 0.2037 0.7762
vn 0.0000 0.9938 -0.1108
vn 0.6410 0.7626 -0.0862
vn 0.6429 0.7432 -0.1849
vn -0.0002 0.9700 -0.2431
vn -0.0002 0.9160 0.4012
vn -0.0006 0.8123 0.5831
vn 0.6591 0.6136 0.4348
vn 0.6518 0.6946 0.3043
vn -0.0006 -0.4700 0.8827
vn 0.6807 -0.3363 0.6508
vn 0.6883 -0.4541 0.5657
vn -0.0006 -0.6310 0.7758
vn -0.6766 -0.2590 -0.6892
vn -0.6647 -0.1554 -0.7307
vn -0.9987 -0.0385 0.0312
vn -0.9985 -0.0355 0.0420
vn -0.6476 -0.7560 -0.0955
vn -0.6612 -0.7242 -0.1957
vn -0.9998 0.0199 0.0014
vn -1.0000 0.0067 0.0019
vn -0.9992 -0.0058 0.0378
vn -0.9991 -0.0208 0.0378
vn -0.6614 0.3413 0.6678
vn -0.6641 0.4758 0.5767
vn 0.9996 0.0275 0.0051
vn 0.9998 0.0200 0.0024
vn 0.0002 -0.1737 -0.9848
vn -0.0005 -0.3158 -0.9488
vn 0.6716 -0.2242 -0.7062
vn 0.6600 -0.1206 -0.7415
vn 1.0000 0.0067 -0.0019
vn 0.9998 0.0199 -0.0014
vn 0.6436 0.7419 -0.1877
vn 0.6411 0.7625 -0.0869
vn -0.0007 -0.7906 -0.6123
vn -0.0003 -0.8971 -0.4418
vn 0.6717 -0.6655 -0.3255
vn 0.6843 -0.5753 -0.4481
vn 0.6637 0.3638 0.6535
vn 0.6641 0.4913 0.5636
vn -0.0004 0.6541 0.7564
vn 0.0000 0.4787 0.8780
vn 0.6502 0.1405 0.7466
vn 0.6569 0.2439 0.7134
vn 0.0002 0.3161 0.9487
vn 0.0004 0.1739 0.9847
vn -0.6447 0.1111 0.7562
vn -0.6528 0.2165 0.7259
vn -0.6842 -0.3646 -0.6316
vn -0.6900 -0.4741 -0.5469
vn -0.0006 -0.6310 -0.7758
vn -0.0006 -0.4700 -0.8827
vn 0.9997 0.0220 0.0032
vn 1.0000 0.0069 -0.0006
vn 0.9999 0.0092 -0.0093
vn 0.6502 0.1405 -0.7466
vn 0.6569 0.2439 -0.7134
vn 0.9998 0.0092 -0.0149
vn -0.6848 -0.5849 -0.4346
vn -0.6717 -0.6693 -0.3176
vn 0.9998 0.0092 0.0149
vn 0.9999 0.0092 0.0093
vn 0.6807 -0.3363 -0.6508
vn 0.6883 -0.4541 -0.5657
vn 0.9997 0.0196 0.0139
vn 0.9998 0.0151 0.0102
vn -0.6411 0.7625 -0.0869
vn -0.6436 0.7419 -0.1877
vn 0.9997 0.0220 -0.0032
vn 1.0000 0.0069 0.0006
vn 0.6410 0.7626 0.0862
vn 0.6429 0.7432 0.1849
vn -0.6525 0.6914 0.3100
vn -0.6605 0.6052 0.4445
vn -0.6612 -0.7242 0.1957
vn -0.0003 -0.9638 0.2665
vn -0.0000 -0.9916 0.1289
vn -0.6476 -0.7560 0.0955
vn 0.6611 -0.7234 0.1993
vn 0.6475 -0.7559 0.0964
vn -0.6579 -0.0479 -0.7515
vn -0.9998 -0.0130 0.0099
vn -0.6761 0.0851 -0.7318
vn -0.9994 0.0317 -0.0119
vn -0.6781 0.0803 0.7306
vn -0.6504 0.0658 0.7567
vn 0.0264 0.9714 0.2358
vn 0.0075 0.7089 0.7053
vn -0.5304 0.7095 0.4639
vn 0.5509 0.6497 0.5238
vn 0.6691 0.0738 0.7395
vn -0.0017 0.1099 0.9939
vn 0.8091 0.5863 0.0406
vn 0.5258 0.7407 -0.4182
vn 0.6875 0.0719 -0.7226
vn 0.9996 0.0261 0.0048
vn 0.0012 0.8191 -0.5735
vn -0.5105 0.7412 -0.4357
vn 0.0168 0.1390 -0.9901
vn -0.7771 0.6271 -0.0527
vn 0.0076 -0.0327 0.9994
vn -0.0129 0.1792 0.9837
vn 0.0000 0.1811 0.9835
vn 0.0000 -0.0300 0.9995
vn 0.0014 0.2372 0.9714
vn 0.0004 0.5028 0.8644
vn -0.0191 0.5030 0.8641
vn -0.0164 0.7977 0.6029
vn -0.0220 0.8050 0.5929
vn 0.0000 0.8089 0.5880
vn 0.0000 0.4965 0.8680
vn 0.0313 0.7796 0.6255
vn 0.0417 0.4865 0.8727
vn 0.0234 0.9495 0.3129
vn -0.0229 0.9681 0.2492
vn 0.2563 -0.9645 0.0631
vn 0.2705 -0.9626 0.0162
vn 0.5456 -0.8378 0.0185
vn 0.5080 -0.8592 0.0600
vn 0.2730 -0.9620 0.0000
vn 0.5564 -0.8309 0.0000
vn 0.8238 -0.5668 0.0000
vn 0.8135 -0.5814 0.0132
vn 0.7804 -0.6238 0.0428
vn 0.1981 -0.9019 0.3837
vn 0.2235 -0.9611 0.1619
vn 0.4393 -0.8867 0.1444
vn 0.4212 -0.8275 0.3712
vn 0.7333 -0.6697 0.1170
vn 0.6744 -0.6922 0.2571
vn 0.0441 -0.9883 0.1462
vn 0.0514 -0.9316 0.3598
vn 0.0375 -0.9980 0.0495
vn 0.0317 -0.9995 0.0083
vn 0.0294 -0.9995 0.0000
vn 0.2184 -0.6681 0.7113
vn 0.0565 -0.7360 0.6746
vn -0.4078 -0.9080 0.0960
vn 0.0000 -0.9952 0.0972
vn -0.0008 -0.9204 0.3908
vn -0.3709 -0.8467 0.3814
vn 0.4087 -0.9073 0.0988
vn 0.7313 -0.6748 0.0992
vn 0.6873 -0.6327 0.3568
vn 0.3694 -0.8473 0.3817
vn 0.2613 -0.5436 0.7976
vn -0.0011 -0.5736 0.8191
vn 0.9601 -0.2798 0.0000
vn 0.9570 -0.2901 0.0055
vn 0.9939 -0.1104 0.0000
vn 0.9935 -0.1141 0.0010
vn 0.9922 -0.1233 0.0151
vn 0.9474 -0.3193 0.0243
vn 0.9995 0.0331 0.0000
vn 0.9995 0.0297 -0.0027
vn 0.9997 0.0222 0.0102
vn 0.8120 -0.4187 0.4066
vn 0.5002 -0.5542 0.6653
vn 0.8815 -0.1478 0.4485
vn 0.5696 -0.2168 0.7928
vn 0.2987 -0.3468 0.8891
vn 0.8959 0.0103 0.4441
vn 0.6069 0.0027 0.7948
vn 0.9325 -0.3429 0.1130
vn 0.9846 -0.1289 0.1182
vn 0.9930 0.0155 0.1171
vn 0.2712 -0.2509 0.9292
vn 0.2711 0.0002 0.9625
vn -0.0012 0.0002 1.0000
vn -0.0012 -0.2480 0.9687
vn 0.2702 0.2513 0.9294
vn 0.2595 0.5439 0.7980
vn -0.0016 0.5735 0.8192
vn -0.0014 0.2484 0.9687
vn -0.2727 0.2513 0.9287
vn -0.2629 0.5435 0.7972
vn -0.5025 0.4641 0.7294
vn -0.5779 0.2375 0.7808
vn -0.2732 -0.2509 0.9286
vn -0.2732 0.0002 0.9619
vn -0.6040 0.0003 0.7969
vn -0.5785 -0.2365 0.7806
vn 0.4049 0.9090 0.0987
vn -0.0019 0.9952 0.0976
vn -0.0016 0.9203 0.3911
vn 0.3656 0.8486 0.3824
vn -0.4070 0.9082 0.0969
vn -0.7293 0.6772 0.0969
vn -0.6853 0.6348 0.3567
vn -0.3685 0.8475 0.3820
vn -0.6883 -0.6319 0.3562
vn -0.2637 -0.5434 0.7970
vn -0.5035 -0.4637 0.7290
vn 0.9293 -0.3555 0.1002
vn 0.9950 0.0004 0.1000
vn 0.9276 0.0006 0.3735
vn 0.8715 -0.3231 0.3688
vn 0.9282 0.3582 0.1005
vn 0.7280 0.6783 0.0992
vn 0.6837 0.6362 0.3574
vn 0.8705 0.3254 0.3691
vn 0.4999 0.4650 0.7306
vn 0.5760 0.2381 0.7820
vn 0.6024 0.0004 0.7981
vn -0.9291 0.3569 0.0971
vn -0.9954 -0.0008 0.0953
vn -0.9279 0.0005 0.3727
vn -0.8713 0.3245 0.3681
vn -0.9297 -0.3558 0.0949
vn -0.7317 -0.6749 0.0952
vn -0.8721 -0.3225 0.3681
vn 0.5769 -0.2370 0.7817
vn 0.5016 -0.4644 0.7299
vn 0.0000 0.9765 0.2153
vn -0.0299 0.9745 0.2223
vn -0.9997 0.0138 0.0217
vn -0.9998 0.0142 0.0123
vn 0.0047 -0.0412 -0.9991
vn 0.6592 -0.0294 -0.7514
vn 0.9998 0.0184 0.0012
vn 0.6535 0.0868 0.7519
vn 0.0002 0.1055 0.9944
vn 0.0000 -0.9687 -0.2480
vn -0.0512 -0.9645 -0.2590
vn -0.0966 -0.9944 -0.0428
vn 0.0000 -0.9989 -0.0467
vn -0.0470 -0.9481 -0.3143
vn -0.1168 -0.9901 -0.0772
vn -0.1985 -0.9801 -0.0003
vn -0.1826 -0.9831 0.0108
vn -0.6839 0.5943 0.4231
vn -0.3228 0.5472 0.7723
vn 0.0000 0.5633 0.8262
vn 0.0017 0.9997 0.0224
vn 0.0000 0.5467 0.8373
vn 0.0000 0.0044 1.0000
vn -0.3719 0.0190 0.9280
vn -0.2763 0.5681 0.7751
vn -0.8557 0.0081 0.5173
vn -0.8003 0.4141 0.4336
vn 0.3865 0.9180 0.0882
vn 0.7726 0.6333 0.0445
vn 0.8258 0.5603 -0.0632
vn 0.5509 0.8344 -0.0158
vn 0.9561 0.2929 0.0029
vn 0.9600 0.2611 -0.1010
vn 0.8790 0.2233 -0.4212
vn 0.7696 0.5244 -0.3641
vn 0.4134 0.8567 -0.3084
vn -0.1447 0.8913 0.4298
vn 0.0000 0.8873 0.4611
vn -0.5055 0.8049 0.3107
vn -0.1567 0.9871 -0.0314
vn -0.0865 0.9905 0.1066
vn 0.0000 0.9913 0.1312
vn -0.4031 0.9039 0.1432
vn -0.4612 0.8795 0.1172
vn -0.7711 0.5998 0.2134
vn -0.8063 0.5587 0.1942
vn -0.8177 0.5657 0.1065
vn -0.3668 0.9265 0.0840
vn -0.9764 0.1838 0.1134
vn -0.0100 -0.9993 -0.0346
vn -0.2603 -0.9655 0.0110
vn -0.2329 -0.9724 0.0129
vn 0.0000 0.6962 0.7178
vn 0.0000 -0.7066 0.7075
vn -0.9925 -0.0209 0.1204
vn -0.7579 0.6434 0.1079
vn -0.0029 -0.7116 -0.7025
vn 0.0005 -0.7034 -0.7108
vn 0.0000 -0.7103 -0.7038
vn 0.0000 -0.2915 -0.9566
vn 0.0081 -0.2954 -0.9553
vn 0.0146 -0.3009 -0.9535
vn 0.7232 0.6899 0.0305
vn 0.3486 0.9360 0.0487
vn 0.9489 0.3152 0.0117
vn 0.0212 0.9981 0.0581
vn 0.0175 0.9957 0.0907
vn 0.5298 0.4721 -0.7045
vn 0.2664 0.7819 -0.5635
vn 0.5718 0.1740 -0.8017
vn 0.2299 0.1502 -0.9615
vn 0.2226 0.4189 -0.8803
vn 0.1359 0.7050 -0.6961
vn 0.0000 0.9938 0.1108
vn -0.0002 0.9700 0.2431
vn -0.6766 -0.2590 0.6892
vn -0.9985 -0.0355 -0.0420
vn -0.9987 -0.0385 -0.0312
vn -0.6647 -0.1554 0.7307
vn -0.9998 0.0142 -0.0123
vn -0.6525 0.6914 -0.3100
vn -0.6605 0.6052 -0.4445
vn -0.9997 0.0138 -0.0217
vn -0.0002 0.9160 -0.4012
vn 0.6518 0.6946 -0.3043
vn 0.6591 0.6136 -0.4348
vn -0.0006 0.8123 -0.5831
vn 0.0002 -0.1737 0.9848
vn 0.6600 -0.1206 0.7415
vn 0.6716 -0.2242 0.7062
vn -0.0005 -0.3158 0.9488
vn 0.9996 0.0275 -0.0051
vn 0.9998 0.0200 -0.0024
vn -0.9992 -0.0058 -0.0378
vn -0.6641 0.4758 -0.5767
vn -0.6614 0.3413 -0.6678
vn -0.9991 -0.0208 -0.0378
vn -0.0003 -0.9638 -0.2665
vn -0.0000 -0.9916 -0.1289
vn 0.6475 -0.7559 -0.0964
vn 0.6611 -0.7234 -0.1993
vn 0.0004 0.1739 -0.9847
vn 0.0002 0.3161 -0.9487
vn 0.6637 0.3638 -0.6535
vn 0.0000 0.4787 -0.8780
vn -0.0004 0.6541 -0.7564
vn 0.6641 0.4913 -0.5636
vn -0.0007 -0.7906 0.6123
vn 0.6843 -0.5753 0.4481
vn 0.6717 -0.6655 0.3255
vn -0.0003 -0.8971 0.4418
vn -0.6528 0.2165 -0.7259
vn -0.6447 0.1111 -0.7562
vn -0.6411 0.7625 0.0869
vn -0.6436 0.7419 0.1877
vn -0.6842 -0.3646 0.6316
vn -0.6900 -0.4741 0.5469
vn 0.9998 0.0151 -0.0102
vn 0.9997 0.0196 -0.0139
vn -1.0000 0.0067 -0.0019
vn -0.9998 0.0199 -0.0014
vn -0.6717 -0.6693 0.3176
vn -0.6848 -0.5849 0.4346
vn -0.9998 -0.0130 -0.0099
vn -0.6579 -0.0479 0.7515
vn -0.6504 0.0658 -0.7567
vn -0.6761 0.0862 -0.7317
vn -0.9991 0.0410 0.0115
vn -0.6705 0.0898 0.7364
vn -0.4346 0.7868 -0.4383
vn -0.0033 0.7411 -0.6713
vn 0.0220 0.9602 -0.2784
vn -0.0022 0.1141 -0.9934
vn 0.6693 0.0772 -0.7390
vn 0.4859 0.7272 -0.4847
vn 0.7402 0.6722 0.0103
vn 0.9996 0.0284 -0.0045
vn 0.6860 0.0719 0.7240
vn 0.4543 0.7757 0.4380
vn 0.0217 0.8309 0.5560
vn 0.0168 0.1356 0.9906
vn -0.3693 0.8190 0.4391
vn -0.6655 0.7438 0.0616
vn 0.0028 -0.0329 -0.9995
vn 0.0106 -0.0370 -0.9992
vn 0.0000 -0.0305 -0.9995
vn 0.0000 0.1792 -0.9838
vn -0.0020 0.1774 -0.9841
vn 0.0060 0.1723 -0.9850
vn -0.0083 0.4892 -0.8721
vn -0.0019 0.4769 -0.8789
vn 0.0000 0.4934 -0.8698
vn 0.0000 0.8081 -0.5890
vn -0.0201 0.8010 -0.5983
vn -0.0166 0.7809 -0.6244
vn 0.0613 0.1616 -0.9849
vn 0.0474 0.4470 -0.8932
vn 0.0285 0.7458 -0.6655
vn 0.0239 0.9133 -0.4066
vn -0.0498 0.9467 -0.3183
vn 0.2563 -0.9645 -0.0631
vn 0.5080 -0.8592 -0.0600
vn 0.5456 -0.8378 -0.0185
vn 0.2705 -0.9626 -0.0162
vn 0.7804 -0.6238 -0.0428
vn 0.8135 -0.5814 -0.0132
vn 0.1941 -0.8991 -0.3924
vn 0.4194 -0.8269 -0.3746
vn 0.4393 -0.8867 -0.1444
vn 0.2235 -0.9611 -0.1619
vn 0.6743 -0.6920 -0.2576
vn 0.7333 -0.6697 -0.1170
vn 0.0507 -0.9265 -0.3729
vn 0.0441 -0.9883 -0.1462
vn 0.0375 -0.9980 -0.0495
vn 0.0317 -0.9995 -0.0083
vn 0.0580 -0.6751 -0.7354
vn 0.1986 -0.6299 -0.7508
vn 0.0608 -0.2911 -0.9547
vn 0.2090 -0.2535 -0.9445
vn 0.9570 -0.2901 -0.0055
vn 0.9474 -0.3193 -0.0243
vn 0.9922 -0.1233 -0.0151
vn 0.9935 -0.1141 -0.0010
vn 0.9995 0.0297 0.0027
vn 0.9997 0.0222 -0.0102
vn 0.4871 -0.5397 -0.6866
vn 0.8114 -0.4166 -0.4100
vn 0.5342 -0.1940 -0.8227
vn 0.8782 -0.1435 -0.4561
vn 0.5560 -0.0040 -0.8312
vn 0.8911 0.0101 -0.4536
vn 0.2227 -0.0236 -0.9746
vn 0.9325 -0.3429 -0.1130
vn 0.9846 -0.1289 -0.1182
vn 0.9930 0.0155 -0.1171
vn 0.0632 -0.0357 -0.9973
vn -0.0472 0.9687 -0.2437
vn 0.0000 0.9765 -0.2153
vn 0.0046 -0.0413 0.9991
vn 0.6592 -0.0294 0.7514
vn 0.9998 0.0184 -0.0012
vn 0.6535 0.0868 -0.7519
vn 0.0002 0.1055 -0.9944
vn -0.0285 0.0475 0.9984
vn -0.0100 -0.0388 0.9992
vn -0.6558 -0.0338 0.7541
vn -0.6004 0.2387 0.7632
vn -0.0381 -0.1169 0.9924
vn -0.0578 -0.2719 0.9606
vn -0.5083 -0.5604 0.6538
vn -0.6023 -0.2892 0.7440
vn 0.3029 -0.1088 0.9468
vn 0.3308 -0.0023 0.9437
vn 0.7035 -0.0021 0.7106
vn 0.6530 -0.2566 0.7125
vn 0.2984 0.0953 0.9496
vn 0.1799 0.2264 0.9572
vn 0.4945 0.5239 0.6935
vn 0.6521 0.2582 0.7127
vn 0.0945 0.3293 0.9395
vn 0.0250 0.3439 0.9386
vn -0.0045 0.7940 0.6079
vn 0.2877 0.7075 0.6455
vn -0.0048 0.3195 0.9475
vn 0.0092 0.1801 0.9836
vn -0.4480 0.5288 0.7208
vn -0.2369 0.7149 0.6579
vn -0.0591 -0.5016 0.8631
vn 0.0210 -0.5211 0.8532
vn -0.0182 -0.8139 0.5806
vn -0.2621 -0.7472 0.6108
vn 0.1239 -0.4525 0.8831
vn 0.2093 -0.3035 0.9295
vn 0.5078 -0.5347 0.6754
vn 0.2901 -0.7102 0.6414
vn -0.2968 0.8780 0.3753
vn -0.0085 0.5340 0.8455
vn 0.2315 0.4992 0.8350
vn 0.2039 0.7721 0.6019
vn 0.0279 -0.0837 0.9961
vn 0.2274 -0.0795 0.9705
vn 0.6269 -0.0638 0.7765
vn 0.7549 0.2924 0.5870
vn 0.7821 0.4774 0.4005
vn 0.0002 -0.0850 0.9964
vn -0.0013 0.5625 0.8267
vn 0.0000 0.5636 0.8260
vn 0.0000 -0.0851 0.9963
vn -0.0097 0.9858 0.1677
vn 0.0000 0.9864 0.1642
vn -0.3124 0.8965 0.3140
vn -0.3014 0.9106 0.2826
vn -0.0197 0.9538 0.2998
vn -0.0207 0.9424 0.3339
vn 0.2680 -0.9427 0.1984
vn 0.7702 -0.6253 0.1256
vn 0.7690 -0.6347 0.0761
vn 0.2651 -0.9565 0.1218
vn 0.1059 0.9927 -0.0569
vn 0.7411 0.6700 -0.0424
vn 0.7496 0.6574 -0.0767
vn 0.1072 0.9883 -0.1089
vn 0.3012 -0.8769 -0.3746
vn 0.2885 -0.8981 -0.3318
vn 0.7885 -0.5801 -0.2041
vn 0.7992 -0.5562 -0.2279
vn 0.0000 0.9425 0.3343
vn 0.0000 0.9538 0.3003
vn 0.0314 -0.9912 0.1285
vn -0.0000 -0.9917 0.1287
vn 0.0000 -0.9774 0.2112
vn 0.0320 -0.9771 0.2105
vn -0.7733 0.6323 -0.0459
vn -0.8954 0.4442 -0.0285
vn -0.8990 0.4349 -0.0521
vn -0.7785 0.6218 -0.0846
vn 0.9999 0.0075 -0.0043
vn 0.9999 0.0077 -0.0039
vn 0.0242 -0.9857 0.1669
vn 0.0292 -0.9779 -0.2068
vn 0.2481 -0.9421 -0.2255
vn 0.2010 -0.9664 0.1603
vn 0.0356 -0.9317 -0.3614
vn 0.2953 -0.8853 -0.3591
vn 0.7952 -0.5571 -0.2394
vn 0.7425 -0.6561 -0.1348
vn 0.5979 -0.7890 0.1412
vn 0.9776 -0.1409 0.1562
vn 0.7101 -0.4999 0.4958
vn 0.9994 -0.0128 0.0328
vn -0.8073 0.5593 0.1883
vn -0.7802 0.6223 0.0630
vn -0.9079 0.4180 0.0323
vn -0.9195 0.3764 0.1130
vn -0.6699 0.6925 -0.2676
vn -0.6659 0.7022 -0.2519
vn -0.5609 0.7892 0.2501
vn -0.6082 0.7608 0.2261
vn 0.1541 0.9059 0.3945
vn 0.1203 0.9499 0.2883
vn 0.7854 0.5631 0.2571
vn 0.7820 0.5950 0.1854
vn 0.0254 -0.7275 0.6856
vn 0.2072 -0.7072 0.6759
vn 0.0000 -0.9858 0.1679
vn 0.0000 -0.7288 0.6847
vn 0.0000 -0.9331 -0.3595
vn 0.0000 -0.9791 -0.2035
vn -0.0143 0.8750 -0.4838
vn 0.0000 0.8755 -0.4833
vn -0.0164 0.9323 -0.3612
vn 0.0000 0.9320 -0.3624
vn -0.9118 0.3965 -0.1069
vn -0.5963 0.7786 -0.1954
vn -0.6082 0.7608 -0.2261
vn -0.9195 0.3764 -0.1130
vn -0.2814 0.9503 -0.1328
vn -0.0181 0.9898 -0.1410
vn -0.0177 0.9969 -0.0764
vn -0.2766 0.9582 -0.0726
vn 0.0000 0.9900 -0.1413
vn 0.0000 0.9970 -0.0765
vn -0.7978 0.5773 0.1736
vn -0.9118 0.3965 0.1069
vn 0.0000 -0.9163 -0.4004
vn 0.0000 -0.9139 -0.4059
vn 0.0369 -0.9161 -0.3993
vn 0.0379 -0.9132 -0.4058
vn 0.0000 -0.9353 -0.3537
vn -0.1994 0.8609 -0.4680
vn -0.1191 0.9688 0.2174
vn -0.2347 0.9112 -0.3385
vn 0.0006 -0.0843 0.9964
vn -0.0135 0.5541 0.8323
vn -0.2898 0.9468 0.1397
vn -0.0198 0.9912 0.1303
vn 0.0320 -0.9771 -0.2105
vn 0.0314 -0.9912 -0.1285
vn 0.2651 -0.9565 -0.1218
vn 0.2680 -0.9427 -0.1984
vn 0.0349 -0.9350 -0.3528
vn 0.1122 0.9646 0.2386
vn 0.7700 0.6183 0.1574
vn -0.5963 0.7786 0.1954
vn 0.0000 0.9916 0.1290
vn 0.9999 0.0146 0.0056
vn 0.9997 0.0230 0.0023
vn 0.9999 0.0146 -0.0056
vn 0.9997 0.0230 -0.0023
vn 0.7411 0.6700 0.0424
vn 0.7496 0.6574 0.0767
vn -0.7785 0.6218 0.0846
vn -0.7733 0.6323 0.0459
vn -0.2766 0.9582 0.0726
vn -0.2814 0.9503 0.1328
vn -0.5687 0.8211 -0.0481
vn -0.5746 0.8133 -0.0908
vn 0.3079 -0.8692 -0.3869
vn 0.8054 -0.5412 -0.2415
vn 0.9999 0.0095 0.0030
vn -0.2968 0.8780 -0.3753
vn 0.2039 0.7721 -0.6019
vn 0.2315 0.4992 -0.8350
vn -0.0085 0.5340 -0.8455
vn 0.7821 0.4774 -0.4005
vn 0.7549 0.2924 -0.5870
vn 0.6269 -0.0638 -0.7765
vn 0.2274 -0.0795 -0.9705
vn 0.0279 -0.0837 -0.9961
vn 0.0002 -0.0850 -0.9964
vn 0.0000 -0.0851 -0.9963
vn 0.0000 0.5636 -0.8260
vn -0.0013 0.5625 -0.8267
vn 0.0000 0.9864 -0.1642
vn -0.0097 0.9858 -0.1677
vn -0.3124 0.8965 -0.3140
vn -0.0207 0.9424 -0.3339
vn -0.0197 0.9538 -0.2998
vn -0.3014 0.9106 -0.2826
vn 0.3012 -0.8769 0.3746
vn 0.7992 -0.5562 0.2279
vn 0.7885 -0.5801 0.2041
vn 0.2885 -0.8981 0.3318
vn 0.1059 0.9927 0.0569
vn 0.1072 0.9883 0.1089
vn 0.7702 -0.6253 -0.1256
vn 0.7690 -0.6347 -0.0761
vn 0.0000 0.9425 -0.3343
vn 0.0000 0.9538 -0.3003
vn 0.9999 0.0077 0.0039
vn 0.9999 0.0075 0.0043
vn 0.0242 -0.9857 -0.1669
vn 0.2010 -0.9664 -0.1603
vn 0.2481 -0.9421 0.2255
vn 0.0292 -0.9779 0.2068
vn 0.5979 -0.7890 -0.1412
vn 0.7425 -0.6561 0.1348
vn 0.7952 -0.5571 0.2394
vn 0.2953 -0.8853 0.3591
vn 0.0356 -0.9317 0.3614
vn 0.7101 -0.4999 -0.4958
vn 0.9776 -0.1409 -0.1562
vn 0.9994 -0.0128 -0.0328
vn -0.8073 0.5593 -0.1883
vn -0.9079 0.4180 -0.0323
vn -0.7802 0.6223 -0.0630
vn -0.5609 0.7892 -0.2501
vn -0.6659 0.7022 0.2519
vn -0.6699 0.6925 0.2676
vn 0.1203 0.9499 -0.2883
vn 0.1541 0.9059 -0.3945
vn 0.7820 0.5950 -0.1854
vn 0.7854 0.5631 -0.2571
vn 0.2072 -0.7072 -0.6759
vn 0.0254 -0.7275 -0.6856
vn 0.0000 -0.9858 -0.1679
vn 0.0000 -0.7288 -0.6847
vn 0.0000 -0.9331 0.3595
vn 0.0000 -0.9791 0.2035
vn 0.0000 0.8755 0.4833
vn -0.0143 0.8750 0.4838
vn 0.0000 0.9320 0.3624
vn -0.0164 0.9323 0.3612
vn 0.8954 0.4442 0.0285
vn 0.5687 0.8211 0.0481
vn 0.5746 0.8133 0.0908
vn 0.8990 0.4349 0.0521
vn -0.7978 0.5773 -0.1736
vn -0.0181 0.9898 0.1410
vn -0.0177 0.9969 0.0764
vn 0.0000 0.9970 0.0765
vn 0.0000 0.9900 0.1413
vn 0.0000 -0.9163 0.4004
vn 0.0000 -0.9139 0.4059
vn 0.0369 -0.9161 0.3993
vn 0.0379 -0.9132 0.4058
vn 0.0000 -0.9353 0.3537
vn 0.0000 -0.9353 0.3538
vn 0.0000 -0.9917 -0.1287
vn 0.0000 -0.9774 -0.2112
vn -0.1191 0.9688 -0.2174
vn -0.1994 0.8609 0.4680
vn -0.2347 0.9112 0.3385
vn 0.0006 -0.0843 -0.9964
vn -0.0135 0.5541 -0.8323
vn -0.2899 0.9468 -0.1397
vn -0.0198 0.9912 -0.1303
vn 0.1122 0.9646 -0.2386
vn 0.7700 0.6183 -0.1574
vn 0.0349 -0.9350 0.3528
vn 0.0000 0.9916 -0.1290
vn -0.8990 0.4349 0.0521
vn -0.8954 0.4442 0.0285
vn -0.5687 0.8211 0.0481
vn -0.5746 0.8133 0.0908
vn 0.3079 -0.8692 0.3869
vn 0.8054 -0.5412 0.2415
vn 0.9999 0.0095 -0.0030
vn 0.2245 -0.9596 -0.1693
vn 0.4066 -0.5631 -0.7195
vn 0.8212 -0.3960 -0.4107
vn 0.5400 -0.8244 -0.1695
vn 0.1985 -0.9801 0.0003
vn 0.1168 -0.9901 0.0772
vn 0.0511 -0.9517 0.3028
vn 0.0534 -0.9654 0.2551
vn 0.3719 0.0190 -0.9280
vn 0.2745 0.5696 -0.7747
vn 0.8557 0.0081 -0.5173
vn 0.7936 0.4281 -0.4324
vn -0.3869 0.9190 -0.0758
vn -0.7613 0.6475 -0.0345
vn -0.7896 0.6096 0.0695
vn -0.5572 0.8288 0.0506
vn -0.7398 0.5830 0.3359
vn -0.4131 0.8670 0.2785
vn -0.9595 0.2628 0.1013
vn -0.8810 0.2292 0.4139
vn -0.9560 0.2933 -0.0026
vn 0.1182 0.9019 -0.4155
vn 0.0425 0.9920 -0.1188
vn 0.3935 0.8762 -0.2783
vn 0.1551 0.9879 0.0027
vn 0.3941 0.9103 -0.1264
vn 0.4626 0.8823 -0.0867
vn 0.6720 0.7177 -0.1823
vn 0.7644 0.6213 -0.1722
vn 0.8076 0.5815 -0.0977
vn 0.3650 0.9283 -0.0704
vn 0.8144 0.5802 0.0000
vn 0.3491 0.9371 0.0000
vn 0.9761 0.1858 -0.1128
vn 0.9869 0.1612 0.0000
vn 0.6834 -0.7275 -0.0605
vn 0.9497 -0.2932 -0.1097
vn 0.4822 -0.8577 0.1785
vn 0.9026 0.0998 0.4186
vn 0.2603 -0.9655 -0.0110
vn 0.2777 -0.9607 0.0000
vn 0.9925 -0.0209 -0.1204
vn 0.9996 -0.0281 0.0000
vn 0.0171 -0.7248 0.6887
vn 0.0267 -0.7399 0.6721
vn 0.0005 -0.2935 0.9560
vn 0.0091 -0.3814 0.9244
vn -0.3383 0.9410 0.0000
vn -0.7089 0.7052 0.0000
vn -0.7232 0.6899 -0.0305
vn -0.3486 0.9360 -0.0487
vn -0.9489 0.3152 -0.0117
vn -0.9465 0.3228 0.0000
vn -0.0224 0.9997 0.0000
vn -0.0120 0.9985 -0.0532
vn 0.0056 0.9951 -0.0980
vn -0.5322 0.5294 0.6607
vn -0.2600 0.8363 0.4827
vn -0.2216 0.4764 0.8508
vn -0.1293 0.7439 0.6557
vn -0.5967 0.2037 0.7762
vn -0.2624 0.2685 0.9268
vn 0.0002 0.9700 -0.2431
vn -0.6429 0.7432 -0.1849
vn -0.6410 0.7626 -0.0862
vn 0.0002 0.9160 0.4012
vn -0.6518 0.6946 0.3043
vn -0.6591 0.6136 0.4348
vn 0.0006 0.8123 0.5831
vn 0.0006 -0.4700 0.8827
vn 0.0006 -0.6310 0.7758
vn -0.6883 -0.4541 0.5657
vn -0.6807 -0.3363 0.6508
vn 0.6766 -0.2590 -0.6892
vn 0.9985 -0.0355 0.0420
vn 0.9987 -0.0385 0.0312
vn 0.6647 -0.1554 -0.7307
vn -0.6611 -0.7234 0.1993
vn -0.6475 -0.7559 0.0964
vn -1.0000 0.0069 -0.0006
vn -0.9997 0.0220 0.0032
vn 0.9992 -0.0058 0.0378
vn 0.6641 0.4758 0.5767
vn 0.6614 0.3413 0.6678
vn 0.9991 -0.0208 0.0378
vn -0.9996 0.0275 0.0051
vn -0.9998 0.0200 0.0024
vn -0.0002 -0.1737 -0.9848
vn -0.6600 -0.1206 -0.7415
vn -0.6716 -0.2242 -0.7062
vn 0.0005 -0.3158 -0.9488
vn -0.6611 -0.7234 -0.1993
vn -0.9997 0.0220 -0.0032
vn -1.0000 0.0069 0.0006
vn -0.6475 -0.7559 -0.0964
vn 0.0007 -0.7906 -0.6123
vn -0.6843 -0.5753 -0.4481
vn -0.6717 -0.6655 -0.3255
vn 0.0003 -0.8971 -0.4418
vn -0.6637 0.3638 0.6535
vn 0.0004 0.6541 0.7564
vn -0.6641 0.4913 0.5636
vn -0.6502 0.1405 0.7466
vn -0.0004 0.1739 0.9847
vn -0.0002 0.3161 0.9487
vn -0.6569 0.2439 0.7134
vn 0.6528 0.2165 0.7259
vn 0.6447 0.1111 0.7562
vn 0.6842 -0.3646 -0.6316
vn 0.0006 -0.4700 -0.8827
vn 0.0006 -0.6310 -0.7758
vn 0.6900 -0.4741 -0.5469
vn 1.0000 0.0067 0.0019
vn 0.6411 0.7625 0.0869
vn 0.6436 0.7419 0.1877
vn 0.9998 0.0199 0.0014
vn -0.9999 0.0092 -0.0093
vn -0.9998 0.0092 -0.0149
vn -0.6569 0.2439 -0.7134
vn -0.6502 0.1405 -0.7466
vn 0.6848 -0.5849 -0.4346
vn 0.6717 -0.6693 -0.3176
vn -0.9999 0.0092 0.0093
vn -0.9998 0.0092 0.0149
vn -0.6807 -0.3363 -0.6508
vn -0.9998 0.0151 0.0102
vn -0.9997 0.0196 0.0139
vn -0.6883 -0.4541 -0.5657
vn 0.6476 -0.7560 0.0955
vn 0.6612 -0.7242 0.1957
vn 0.6525 0.6914 0.3100
vn 0.6605 0.6052 0.4445
vn 0.0003 -0.9638 0.2665
vn 0.9998 -0.0130 0.0099
vn 0.6579 -0.0479 -0.7515
vn 0.9994 0.0317 -0.0119
vn 0.6761 0.0851 -0.7318
vn 0.6504 0.0658 0.7567
vn 0.6781 0.0803 0.7306
vn 0.5304 0.7095 0.4639
vn -0.0075 0.7089 0.7053
vn -0.0264 0.9714 0.2358
vn -0.5509 0.6497 0.5238
vn 0.0017 0.1099 0.9939
vn -0.6691 0.0738 0.7395
vn -0.8091 0.5863 0.0406
vn -0.5258 0.7407 -0.4182
vn -0.9996 0.0261 0.0048
vn -0.6875 0.0719 -0.7226
vn -0.0012 0.8191 -0.5735
vn 0.5105 0.7412 -0.4357
vn -0.0168 0.1390 -0.9901
vn 0.7771 0.6271 -0.0527
vn -0.0076 -0.0327 0.9994
vn 0.0129 0.1792 0.9837
vn -0.0014 0.2372 0.9714
vn 0.0191 0.5030 0.8641
vn -0.0004 0.5028 0.8644
vn 0.0220 0.8050 0.5929
vn 0.0164 0.7977 0.6029
vn -0.0417 0.4865 0.8727
vn -0.0313 0.7796 0.6255
vn -0.0234 0.9495 0.3129
vn 0.0229 0.9681 0.2492
vn -0.2563 -0.9645 0.0631
vn -0.5080 -0.8592 0.0600
vn -0.5456 -0.8378 0.0185
vn -0.2705 -0.9626 0.0162
vn -0.5564 -0.8309 0.0000
vn -0.2730 -0.9620 0.0000
vn -0.8135 -0.5814 0.0132
vn -0.8238 -0.5668 0.0000
vn -0.7804 -0.6238 0.0428
vn -0.1981 -0.9019 0.3837
vn -0.4212 -0.8275 0.3712
vn -0.4393 -0.8867 0.1444
vn -0.2235 -0.9611 0.1619
vn -0.7333 -0.6697 0.1170
vn -0.6744 -0.6922 0.2571
vn -0.0514 -0.9316 0.3598
vn -0.0441 -0.9883 0.1462
vn -0.0375 -0.9980 0.0495
vn -0.0317 -0.9995 0.0083
vn -0.0294 -0.9995 0.0000
vn -0.0565 -0.7360 0.6746
vn -0.2184 -0.6681 0.7113
vn 0.4078 -0.9080 0.0960
vn 0.3709 -0.8467 0.3814
vn 0.0008 -0.9204 0.3908
vn -0.4087 -0.9073 0.0988
vn -0.3694 -0.8473 0.3817
vn -0.6873 -0.6327 0.3568
vn -0.7313 -0.6748 0.0992
vn 0.0011 -0.5736 0.8191
vn -0.2613 -0.5436 0.7976
vn -0.9570 -0.2901 0.0055
vn -0.9601 -0.2798 0.0000
vn -0.9935 -0.1141 0.0010
vn -0.9939 -0.1104 0.0000
vn -0.9474 -0.3193 0.0243
vn -0.9922 -0.1233 0.0151
vn -0.9995 0.0297 -0.0027
vn -0.9995 0.0331 0.0000
vn -0.9997 0.0222 0.0102
vn -0.5002 -0.5542 0.6653
vn -0.8120 -0.4187 0.4066
vn -0.5696 -0.2168 0.7928
vn -0.8815 -0.1478 0.4485
vn -0.2987 -0.3468 0.8891
vn -0.6069 0.0027 0.7948
vn -0.8959 0.0103 0.4441
vn -0.9325 -0.3429 0.1130
vn -0.9846 -0.1289 0.1182
vn -0.9930 0.0155 0.1171
vn -0.2712 -0.2509 0.9292
vn 0.0012 -0.2480 0.9687
vn 0.0012 0.0002 1.0000
vn -0.2711 0.0002 0.9625
vn -0.2702 0.2513 0.9294
vn 0.0014 0.2484 0.9687
vn 0.0016 0.5735 0.8192
vn -0.2595 0.5439 0.7980
vn 0.2727 0.2513 0.9287
vn 0.5779 0.2375 0.7808
vn 0.5025 0.4641 0.7294
vn 0.2629 0.5435 0.7972
vn 0.2732 -0.2509 0.9286
vn 0.5785 -0.2365 0.7806
vn 0.6040 0.0003 0.7969
vn 0.2732 0.0002 0.9619
vn -0.4049 0.9090 0.0987
vn -0.3656 0.8486 0.3824
vn 0.0016 0.9203 0.3911
vn 0.0019 0.9952 0.0976
vn 0.4070 0.9082 0.0969
vn 0.3685 0.8475 0.3820
vn 0.6853 0.6348 0.3567
vn 0.7293 0.6772 0.0969
vn 0.6883 -0.6320 0.3562
vn 0.5035 -0.4637 0.7290
vn 0.2637 -0.5434 0.7970
vn -0.9293 -0.3555 0.1002
vn -0.8715 -0.3231 0.3688
vn -0.9276 0.0006 0.3735
vn -0.9950 0.0004 0.1000
vn -0.9282 0.3582 0.1005
vn -0.8705 0.3254 0.3691
vn -0.6837 0.6362 0.3574
vn -0.7280 0.6783 0.0992
vn -0.4999 0.4650 0.7306
vn -0.6024 0.0004 0.7981
vn -0.5760 0.2381 0.7820
vn 0.9291 0.3569 0.0971
vn 0.8713 0.3245 0.3681
vn 0.9279 0.0005 0.3727
vn 0.9954 -0.0008 0.0953
vn 0.9297 -0.3558 0.0949
vn 0.8721 -0.3225 0.3681
vn 0.7317 -0.6749 0.0952
vn -0.5016 -0.4644 0.7299
vn -0.5769 -0.2370 0.7817
vn 0.0299 0.9745 0.2223
vn 0.9998 0.0142 0.0123
vn 0.9997 0.0138 0.0217
vn -0.0047 -0.0412 -0.9991
vn -0.6592 -0.0294 -0.7514
vn -0.9998 0.0184 0.0012
vn -0.6535 0.0868 0.7519
vn -0.0002 0.1055 0.9944
vn 0.0966 -0.9944 -0.0428
vn 0.0512 -0.9645 -0.2590
vn 0.0470 -0.9481 -0.3143
vn 0.1168 -0.9901 -0.0772
vn 0.1985 -0.9801 -0.0003
vn 0.1826 -0.9831 0.0108
vn 0.2763 0.5681 0.7751
vn 0.3719 0.0190 0.9280
vn 0.3228 0.5472 0.7723
vn 0.8557 0.0081 0.5173
vn 0.6839 0.5943 0.4231
vn 0.8003 0.4141 0.4336
vn -0.3865 0.9180 0.0882
vn -0.5509 0.8344 -0.0158
vn -0.8258 0.5603 -0.0632
vn -0.7726 0.6333 0.0445
vn -0.9600 0.2611 -0.1010
vn -0.9561 0.2929 0.0029
vn -0.7696 0.5244 -0.3641
vn -0.8790 0.2233 -0.4212
vn -0.4134 0.8567 -0.3084
vn 0.1447 0.8913 0.4298
vn 0.5055 0.8049 0.3107
vn 0.0865 0.9905 0.1066
vn 0.1567 0.9871 -0.0314
vn 0.4031 0.9039 0.1432
vn 0.8063 0.5587 0.1942
vn 0.7711 0.5998 0.2134
vn 0.4612 0.8795 0.1172
vn 0.3668 0.9265 0.0840
vn 0.8177 0.5657 0.1065
vn 0.9764 0.1838 0.1134
vn 0.7579 0.6434 0.1079
vn 0.0000 0.9998 0.0200
vn 0.2329 -0.9724 0.0129
vn 0.2603 -0.9655 0.0110
vn 0.0100 -0.9993 -0.0346
vn 0.9925 -0.0209 0.1204
vn -0.0005 -0.7034 -0.7108
vn 0.0029 -0.7116 -0.7025
vn -0.0081 -0.2954 -0.9553
vn -0.0146 -0.3009 -0.9535
vn -0.3486 0.9360 0.0487
vn -0.7232 0.6899 0.0305
vn -0.9489 0.3152 0.0117
vn -0.0212 0.9981 0.0581
vn -0.0175 0.9957 0.0907
vn -0.2664 0.7819 -0.5635
vn -0.5298 0.4721 -0.7045
vn -0.5718 0.1740 -0.8017
vn -0.2225 0.4189 -0.8803
vn -0.2299 0.1502 -0.9615
vn -0.1359 0.7050 -0.6961
vn -0.6429 0.7432 0.1849
vn -0.6410 0.7626 0.0862
vn 0.6766 -0.2590 0.6892
vn 0.6647 -0.1554 0.7307
vn 0.9987 -0.0385 -0.0312
vn 0.9985 -0.0355 -0.0420
vn 0.9998 0.0142 -0.0123
vn 0.9997 0.0138 -0.0217
vn 0.6605 0.6052 -0.4445
vn 0.6525 0.6914 -0.3100
vn 0.0002 0.9160 -0.4012
vn 0.0006 0.8123 -0.5831
vn -0.6591 0.6136 -0.4348
vn -0.6518 0.6946 -0.3043
vn 0.6612 -0.7242 -0.1957
vn 0.0003 -0.9638 -0.2665
vn 0.6476 -0.7560 -0.0955
vn -0.0002 -0.1737 0.9848
vn 0.0005 -0.3158 0.9488
vn -0.6716 -0.2242 0.7062
vn -0.6600 -0.1206 0.7415
vn -0.9996 0.0275 -0.0051
vn -0.9998 0.0200 -0.0024
vn 0.9992 -0.0058 -0.0378
vn 0.9991 -0.0208 -0.0378
vn 0.6614 0.3413 -0.6678
vn 0.6641 0.4758 -0.5767
vn -0.0002 0.3161 -0.9487
vn -0.0004 0.1739 -0.9847
vn -0.6637 0.3638 -0.6535
vn -0.6641 0.4913 -0.5636
vn 0.0003 0.6541 -0.7564
vn 0.0007 -0.7906 0.6123
vn 0.0003 -0.8971 0.4418
vn -0.6717 -0.6655 0.3255
vn -0.6843 -0.5753 0.4481
vn 0.6447 0.1111 -0.7562
vn 0.6528 0.2165 -0.7259
vn 0.6842 -0.3646 0.6316
vn 0.6900 -0.4741 0.5469
vn -0.9997 0.0196 -0.0139
vn -0.9998 0.0151 -0.0102
vn 0.0002 0.9700 0.2431
vn 0.6717 -0.6693 0.3176
vn 0.6848 -0.5849 0.4346
vn 0.6579 -0.0479 0.7515
vn 0.9998 -0.0130 -0.0099
vn 0.6504 0.0658 -0.7567
vn 0.9991 0.0410 0.0115
vn 0.6761 0.0862 -0.7317
vn 0.6705 0.0898 0.7364
vn -0.0220 0.9602 -0.2784
vn 0.0033 0.7411 -0.6713
vn 0.4346 0.7868 -0.4383
vn 0.0022 0.1141 -0.9934
vn -0.4859 0.7272 -0.4847
vn -0.6693 0.0772 -0.7390
vn -0.7402 0.6722 0.0103
vn -0.9996 0.0284 -0.0045
vn -0.4543 0.7757 0.4380
vn -0.6860 0.0719 0.7240
vn -0.0217 0.8309 0.5560
vn -0.0168 0.1356 0.9906
vn 0.3693 0.8190 0.4391
vn 0.6655 0.7438 0.0616
vn -0.0106 -0.0370 -0.9992
vn -0.0028 -0.0329 -0.9995
vn 0.0020 0.1774 -0.9841
vn -0.0060 0.1723 -0.9850
vn 0.0019 0.4769 -0.8789
vn 0.0083 0.4892 -0.8721
vn 0.0201 0.8010 -0.5983
vn 0.0166 0.7809 -0.6244
vn -0.0474 0.4470 -0.8932
vn -0.0613 0.1616 -0.9849
vn -0.0285 0.7458 -0.6655
vn -0.0239 0.9133 -0.4066
vn 0.0498 0.9467 -0.3183
vn -0.2563 -0.9645 -0.0631
vn -0.2705 -0.9626 -0.0162
vn -0.5456 -0.8378 -0.0185
vn -0.5080 -0.8592 -0.0600
vn -0.8135 -0.5814 -0.0132
vn -0.7804 -0.6238 -0.0428
vn -0.1941 -0.8991 -0.3924
vn -0.2235 -0.9611 -0.1619
vn -0.4393 -0.8867 -0.1444
vn -0.4194 -0.8269 -0.3746
vn -0.7333 -0.6697 -0.1170
vn -0.6743 -0.6920 -0.2576
vn -0.0441 -0.9883 -0.1462
vn -0.0507 -0.9265 -0.3729
vn -0.0375 -0.9980 -0.0495
vn -0.0317 -0.9995 -0.0083
vn -0.1986 -0.6299 -0.7508
vn -0.0580 -0.6751 -0.7354
vn -0.0608 -0.2911 -0.9547
vn -0.2090 -0.2535 -0.9445
vn -0.9570 -0.2901 -0.0055
vn -0.9474 -0.3193 -0.0243
vn -0.9935 -0.1141 -0.0010
vn -0.9922 -0.1233 -0.0151
vn -0.9995 0.0297 0.0027
vn -0.9997 0.0222 -0.0102
vn -0.8114 -0.4166 -0.4100
vn -0.4871 -0.5397 -0.6866
vn -0.5342 -0.1940 -0.8227
vn -0.8782 -0.1435 -0.4561
vn -0.8911 0.0101 -0.4536
vn -0.5560 -0.0040 -0.8312
vn -0.2227 -0.0236 -0.9746
vn -0.9325 -0.3429 -0.1130
vn -0.9846 -0.1289 -0.1182
vn -0.9930 0.0155 -0.1171
vn -0.0632 -0.0357 -0.9973
vn 0.0472 0.9687 -0.2437
vn -0.0046 -0.0413 0.9991
vn -0.6592 -0.0294 0.7514
vn -0.9998 0.0184 -0.0012
vn -0.6535 0.0868 -0.7519
vn -0.0002 0.1055 -0.9944
vn 0.0285 0.0475 0.9984
vn 0.6004 0.2387 0.7632
vn 0.6558 -0.0338 0.7541
vn 0.0100 -0.0388 0.9992
vn 0.0381 -0.1169 0.9924
vn 0.6023 -0.2892 0.7440
vn 0.5083 -0.5604 0.6538
vn 0.0578 -0.2719 0.9606
vn -0.3029 -0.1088 0.9468
vn -0.6530 -0.2566 0.7125
vn -0.7035 -0.0021 0.7106
vn -0.3308 -0.0023 0.9437
vn -0.2984 0.0953 0.9496
vn -0.6521 0.2582 0.7127
vn -0.4945 0.5239 0.6935
vn -0.1799 0.2264 0.9572
vn -0.0945 0.3293 0.9395
vn -0.2877 0.7075 0.6455
vn 0.0045 0.7940 0.6079
vn -0.0250 0.3439 0.9386
vn 0.0048 0.3195 0.9475
vn 0.2369 0.7149 0.6579
vn 0.4480 0.5288 0.7208
vn -0.0092 0.1801 0.9836
vn 0.0591 -0.5016 0.8631
vn 0.2621 -0.7472 0.6108
vn 0.0182 -0.8139 0.5806
vn -0.0210 -0.5211 0.8532
vn -0.1239 -0.4525 0.8831
vn -0.2901 -0.7102 0.6414
vn -0.5078 -0.5347 0.6754
vn -0.2093 -0.3035 0.9295
vn 0.2968 0.8780 0.3753
vn -0.2039 0.7721 0.6019
vn -0.2315 0.4992 0.8350
vn 0.0085 0.5340 0.8455
vn -0.2274 -0.0795 0.9705
vn -0.0279 -0.0837 0.9961
vn -0.7549 0.2924 0.5870
vn -0.6269 -0.0638 0.7765
vn -0.7821 0.4774 0.4005
vn -0.0002 -0.0850 0.9964
vn 0.0013 0.5625 0.8267
vn 0.0097 0.9858 0.1677
vn 0.3124 0.8965 0.3140
vn 0.0207 0.9424 0.3339
vn 0.0197 0.9538 0.2998
vn 0.3014 0.9106 0.2826
vn -0.2680 -0.9427 0.1984
vn -0.2651 -0.9565 0.1218
vn -0.7690 -0.6347 0.0761
vn -0.7702 -0.6253 0.1256
vn -0.1059 0.9927 -0.0569
vn -0.1072 0.9883 -0.1089
vn -0.7496 0.6574 -0.0767
vn -0.7411 0.6700 -0.0424
vn -0.3012 -0.8769 -0.3746
vn -0.7992 -0.5562 -0.2279
vn -0.7885 -0.5801 -0.2041
vn -0.2885 -0.8981 -0.3318
vn 0.7978 0.5773 0.1736
vn 0.9118 0.3965 0.1069
vn 0.9195 0.3764 0.1130
vn 0.8073 0.5593 0.1883
vn -0.0320 -0.9771 0.2105
vn -0.0314 -0.9912 0.1285
vn -0.7702 -0.6253 -0.1256
vn -0.9999 0.0146 -0.0056
vn -0.9997 0.0231 -0.0023
vn -0.7690 -0.6347 -0.0761
vn -0.9999 0.0077 -0.0039
vn -0.9999 0.0075 -0.0043
vn -0.0242 -0.9857 0.1669
vn -0.2010 -0.9664 0.1603
vn -0.2481 -0.9421 -0.2255
vn -0.0292 -0.9779 -0.2068
vn -0.2953 -0.8853 -0.3591
vn -0.0356 -0.9317 -0.3614
vn -0.7425 -0.6561 -0.1348
vn -0.7952 -0.5571 -0.2394
vn -0.5979 -0.7890 0.1412
vn -0.7101 -0.4999 0.4958
vn -0.9776 -0.1409 0.1562
vn -0.9994 -0.0129 0.0328
vn 0.9079 0.4180 0.0323
vn 0.7802 0.6223 0.0630
vn 0.6659 0.7022 -0.2518
vn 0.6699 0.6925 -0.2676
vn 0.5609 0.7892 0.2501
vn 0.6082 0.7608 0.2261
vn -0.1203 0.9499 0.2883
vn -0.1541 0.9059 0.3945
vn -0.7854 0.5631 0.2571
vn -0.7820 0.5950 0.1854
vn -0.2072 -0.7072 0.6759
vn -0.0254 -0.7275 0.6856
vn 0.0143 0.8750 -0.4838
vn 0.0164 0.9323 -0.3612
vn 0.9118 0.3965 -0.1069
vn 0.9195 0.3764 -0.1130
vn 0.6082 0.7608 -0.2261
vn 0.5963 0.7786 -0.1954
vn 0.2814 0.9503 -0.1328
vn 0.2766 0.9582 -0.0726
vn 0.0177 0.9969 -0.0764
vn 0.0181 0.9898 -0.1410
vn -0.0369 -0.9161 -0.3993
vn -0.0379 -0.9132 -0.4058
vn 0.0000 -0.9353 -0.3538
vn 0.7785 0.6218 -0.0846
vn 0.7733 0.6323 -0.0459
vn 0.0181 0.9898 0.1410
vn 0.0177 0.9969 0.0764
vn 0.1191 0.9688 0.2174
vn 0.1994 0.8609 -0.4680
vn 0.2347 0.9112 -0.3385
vn -0.0006 -0.0843 0.9964
vn 0.0135 0.5541 0.8323
vn 0.2898 0.9468 0.1397
vn 0.0198 0.9912 0.1303
vn -0.0349 -0.9350 -0.3528
vn -0.1122 0.9646 0.2386
vn -0.7700 0.6183 0.1574
vn 0.5687 0.8211 -0.0481
vn 0.5746 0.8133 -0.0908
vn -0.0314 -0.9912 -0.1285
vn -0.0320 -0.9771 -0.2105
vn 0.7785 0.6218 0.0846
vn 0.2814 0.9503 0.1328
vn 0.2766 0.9582 0.0726
vn 0.7733 0.6323 0.0459
vn 0.5963 0.7786 0.1954
vn 0.8954 0.4442 -0.0285
vn 0.8990 0.4349 -0.0521
vn -0.3079 -0.8692 -0.3869
vn -0.8054 -0.5412 -0.2415
vn -0.9999 0.0095 0.0030
vn 0.2968 0.8780 -0.3753
vn 0.0085 0.5340 -0.8455
vn -0.2315 0.4992 -0.8350
vn -0.2039 0.7721 -0.6019
vn -0.7549 0.2924 -0.5870
vn -0.7821 0.4774 -0.4005
vn -0.2274 -0.0795 -0.9705
vn -0.6269 -0.0638 -0.7765
vn -0.0279 -0.0837 -0.9961
vn -0.0002 -0.0850 -0.9964
vn 0.0013 0.5625 -0.8267
vn 0.0097 0.9858 -0.1677
vn 0.3124 0.8965 -0.3140
vn 0.3014 0.9106 -0.2826
vn 0.0197 0.9538 -0.2998
vn 0.0207 0.9424 -0.3339
vn -0.3012 -0.8769 0.3746
vn -0.2885 -0.8981 0.3318
vn -0.7885 -0.5801 0.2041
vn -0.7992 -0.5562 0.2279
vn -0.7496 0.6574 0.0767
vn -0.7411 0.6700 0.0424
vn -0.2680 -0.9427 -0.1984
vn -0.2651 -0.9565 -0.1218
vn 0.7978 0.5773 -0.1736
vn 0.8073 0.5593 -0.1883
vn -0.9999 0.0075 0.0043
vn -0.9999 0.0077 0.0039
vn -0.9997 0.0231 0.0023
vn -0.9999 0.0146 0.0056
vn -0.0242 -0.9857 -0.1669
vn -0.0292 -0.9779 0.2068
vn -0.2481 -0.9421 0.2255
vn -0.2010 -0.9664 -0.1603
vn -0.7425 -0.6561 0.1348
vn -0.5979 -0.7890 -0.1412
vn -0.2953 -0.8853 0.3591
vn -0.7952 -0.5571 0.2394
vn -0.0356 -0.9317 0.3614
vn -0.9776 -0.1409 -0.1562
vn -0.7101 -0.4999 -0.4958
vn -0.9994 -0.0129 -0.0328
vn 0.7802 0.6223 -0.0630
vn 0.9079 0.4180 -0.0323
vn 0.5609 0.7892 -0.2501
vn 0.6659 0.7022 0.2519
vn 0.6699 0.6925 0.2676
vn -0.1541 0.9059 -0.3945
vn -0.1203 0.9499 -0.2883
vn -0.7854 0.5631 -0.2571
vn -0.7820 0.5950 -0.1854
vn -0.0255 -0.7275 -0.6856
vn -0.2072 -0.7072 -0.6759
vn 0.0143 0.8750 0.4838
vn 0.0164 0.9323 0.3612
vn -0.0369 -0.9161 0.3993
vn -0.0379 -0.9132 0.4058
vn 0.1994 0.8609 0.4680
vn 0.1191 0.9688 -0.2174
vn 0.2347 0.9112 0.3385
vn -0.0006 -0.0843 -0.9964
vn 0.0135 0.5541 -0.8323
vn 0.2898 0.9468 -0.1397
vn 0.0198 0.9912 -0.1303
vn -0.1122 0.9646 -0.2386
vn -0.7700 0.6183 -0.1574
vn -0.0349 -0.9350 0.3528
vn -0.1059 0.9927 0.0569
vn -0.1072 0.9883 0.1089
vn -0.3079 -0.8692 0.3869
vn -0.8054 -0.5412 0.2415
vn -0.9999 0.0095 -0.0030
vn 0.0000 0.5955 0.8033
vn -0.1951 0.5840 0.7879
vn -0.1697 0.1119 0.9791
vn 0.0000 0.1219 0.9925
vn -0.0999 -0.3911 0.9149
vn 0.0000 -0.3852 0.9228
vn -0.0031 -0.7938 0.6081
vn 0.0000 -0.7936 0.6084
vn 0.0951 -0.9862 0.1356
vn 0.0000 -0.9918 0.1281
vn 0.1681 -0.9108 -0.3771
vn 0.0000 -0.9206 -0.3904
vn 0.1951 -0.5840 -0.7879
vn 0.0000 -0.5955 -0.8033
vn 0.1681 -0.0960 -0.9811
vn 0.0000 -0.1058 -0.9944
vn 0.0951 0.4165 -0.9041
vn 0.0000 0.4109 -0.9116
vn -0.0031 0.8127 -0.5827
vn 0.0000 0.8129 -0.5824
vn -0.0999 0.9891 -0.1082
vn 0.0000 0.9949 -0.1003
vn -0.1697 0.9042 0.3918
vn 0.0000 0.9142 0.4052
vn -0.3827 0.5502 0.7422
vn -0.3329 0.0825 0.9393
vn -0.1959 -0.4084 0.8915
vn -0.0062 -0.7943 0.6074
vn 0.1866 -0.9696 0.1579
vn 0.3298 -0.8816 -0.3377
vn 0.3827 -0.5502 -0.7422
vn 0.3298 -0.0668 -0.9416
vn 0.1866 0.4330 -0.8818
vn -0.0062 0.8121 -0.5834
vn -0.1959 0.9717 -0.1316
vn -0.3329 0.8748 0.3520
vn -0.5556 0.4951 0.6680
vn -0.4833 0.0346 0.8748
vn -0.2844 -0.4366 0.8535
vn -0.0090 -0.7952 0.6062
vn 0.2709 -0.9428 0.1941
vn 0.4788 -0.8341 -0.2737
vn 0.5556 -0.4951 -0.6680
vn 0.4788 -0.0193 -0.8777
vn 0.2709 0.4599 -0.8456
vn -0.0090 0.8112 -0.5846
vn -0.2844 0.9436 -0.1696
vn -0.4833 0.8269 0.2874
vn -0.7071 0.4211 0.5680
vn -0.6151 -0.0298 0.7878
vn -0.3620 -0.4745 0.8023
vn -0.0114 -0.7964 0.6046
vn 0.3448 -0.9067 0.2428
vn 0.6094 -0.7703 -0.1876
vn 0.7071 -0.4211 -0.5680
vn 0.6094 0.0445 -0.7916
vn 0.3448 0.4960 -0.7969
vn -0.0114 0.8101 -0.5862
vn -0.3620 0.9057 -0.2207
vn -0.6151 0.7625 0.2005
vn -0.8314 0.3308 0.4463
vn -0.7233 -0.1083 0.6819
vn -0.4256 -0.5207 0.7400
vn -0.0134 -0.7979 0.6026
vn 0.4055 -0.8627 0.3022
vn 0.7166 -0.6925 -0.0827
vn 0.8314 -0.3308 -0.4463
vn 0.7166 0.1223 -0.6866
vn 0.4055 0.5400 -0.7375
vn -0.0134 0.8086 -0.5882
vn -0.4256 0.8595 -0.2831
vn -0.7233 0.6840 0.0946
vn -0.9239 0.2279 0.3074
vn -0.8037 -0.1979 0.5611
vn -0.4729 -0.5734 0.6689
vn -0.0149 -0.7996 0.6004
vn 0.4505 -0.8125 0.3699
vn 0.7963 -0.6038 0.0370
vn 0.9239 -0.2279 -0.3074
vn 0.7963 0.2110 -0.5669
vn 0.4505 0.5902 -0.6698
vn -0.0149 0.8069 -0.5904
vn -0.4729 0.8068 -0.3541
vn -0.8037 0.5944 -0.0262
vn -0.9808 0.1162 0.1567
vn -0.8532 -0.2951 0.4300
vn -0.5021 -0.6306 0.5918
vn -0.0158 -0.8014 0.5979
vn 0.4783 -0.7580 0.4434
vn 0.6566 -0.5509 0.5151
vn 0.7759 0.3773 0.5055
vn 0.7111 0.5714 -0.4096
vn 0.4783 0.6447 -0.5963
vn -0.0158 0.8051 -0.5929
vn -0.5021 0.7496 -0.4313
vn -0.8532 0.4972 -0.1573
vn -1.0000 0.0000 0.0000
vn -0.8699 -0.3961 0.2936
vn -0.5119 -0.6901 0.5115
vn -0.0161 -0.8032 0.5954
vn 0.4877 -0.7013 0.5199
vn 0.3752 -0.7443 0.5525
vn -0.2956 -0.3828 0.8752
vn -0.3470 0.5577 0.7540
vn 0.5238 0.6843 -0.5073
vn 0.4877 0.7013 -0.5199
vn -0.0161 0.8032 -0.5954
vn -0.5119 0.6901 -0.5115
vn -0.8699 0.3961 -0.2936
vn -0.9808 -0.1162 -0.1567
vn -0.8532 -0.4972 0.1573
vn -0.5021 -0.7496 0.4313
vn -0.0158 -0.8051 0.5929
vn 0.4783 -0.6447 0.5963
vn 0.6568 -0.6524 0.3780
vn -0.2833 -0.9548 0.0900
vn -0.3885 0.2104 -0.8971
vn 0.1121 -0.5904 -0.7993
vn 0.9792 -0.1214 -0.1626
vn 0.5636 0.5700 -0.5978
vn 0.7111 0.5580 -0.4276
vn 0.4783 0.7580 -0.4434
vn -0.0158 0.8014 -0.5979
vn -0.5021 0.6306 -0.5918
vn -0.8532 0.2951 -0.4300
vn -0.9239 -0.2279 -0.3074
vn -0.8037 -0.5944 0.0262
vn -0.4729 -0.8068 0.3541
vn -0.0149 -0.8069 0.5904
vn 0.4505 -0.5902 0.6698
vn 0.7963 -0.2110 0.5669
vn 0.9239 0.2279 0.3074
vn 0.7760 -0.3739 -0.5079
vn 0.7963 0.6038 -0.0370
vn 0.4505 0.8125 -0.3699
vn -0.0149 0.7996 -0.6004
vn -0.4729 0.5734 -0.6689
vn -0.8037 0.1979 -0.5611
vn -0.8314 -0.3308 -0.4463
vn -0.7233 -0.6840 -0.0946
vn -0.4256 -0.8595 0.2831
vn -0.0134 -0.8086 0.5882
vn 0.4055 -0.5400 0.7375
vn 0.7166 -0.1223 0.6866
vn 0.8314 0.3308 0.4463
vn 0.7166 0.6925 0.0827
vn 0.4055 0.8627 -0.3022
vn -0.0134 0.7979 -0.6026
vn -0.4256 0.5207 -0.7400
vn -0.7233 0.1083 -0.6819
vn -0.7071 -0.4211 -0.5680
vn -0.6151 -0.7625 -0.2005
vn -0.3620 -0.9057 0.2207
vn -0.0114 -0.8101 0.5862
vn 0.3448 -0.4960 0.7969
vn 0.6094 -0.0445 0.7916
vn 0.7071 0.4211 0.5680
vn 0.6094 0.7703 0.1876
vn 0.3448 0.9067 -0.2428
vn -0.0114 0.7964 -0.6046
vn -0.3620 0.4745 -0.8023
vn -0.6151 0.0298 -0.7878
vn -0.5556 -0.4951 -0.6680
vn -0.4833 -0.8269 -0.2874
vn -0.2844 -0.9436 0.1696
vn -0.0090 -0.8112 0.5846
vn 0.2709 -0.4599 0.8456
vn 0.4788 0.0193 0.8777
vn 0.5556 0.4951 0.6680
vn 0.4788 0.8341 0.2737
vn 0.2709 0.9428 -0.1941
vn -0.0090 0.7952 -0.6062
vn -0.2844 0.4366 -0.8535
vn -0.4833 -0.0346 -0.8748
vn -0.3827 -0.5502 -0.7422
vn -0.3329 -0.8748 -0.3520
vn -0.1959 -0.9717 0.1316
vn -0.0062 -0.8121 0.5834
vn 0.1866 -0.4330 0.8818
vn 0.3298 0.0668 0.9416
vn 0.3827 0.5502 0.7422
vn 0.3298 0.8816 0.3377
vn 0.1866 0.9696 -0.1579
vn -0.0062 0.7943 -0.6074
vn -0.1959 0.4084 -0.8915
vn -0.3329 -0.0825 -0.9393
vn -0.1951 -0.5840 -0.7879
vn -0.1697 -0.9042 -0.3918
vn -0.0999 -0.9891 0.1082
vn -0.0031 -0.8127 0.5827
vn 0.0951 -0.4165 0.9041
vn 0.1681 0.0960 0.9811
vn 0.1951 0.5840 0.7879
vn 0.1681 0.9108 0.3771
vn 0.0951 0.9862 -0.1356
vn -0.0031 0.7938 -0.6081
vn -0.0999 0.3911 -0.9149
vn -0.1697 -0.1119 -0.9791
vn 0.0000 -0.9142 -0.4052
vn 0.0000 -0.9949 0.1003
vn 0.0000 -0.8129 0.5824
vn 0.0000 -0.4109 0.9116
vn 0.0000 0.1058 0.9944
vn 0.0000 0.9206 0.3904
vn 0.0000 0.9918 -0.1281
vn 0.0000 0.7936 -0.6084
vn 0.0000 0.3852 -0.9228
vn 0.0000 -0.1219 -0.9925
vn 0.1697 -0.9042 -0.3918
vn 0.0999 -0.9891 0.1082
vn 0.0031 -0.8127 0.5827
vn -0.0951 -0.4165 0.9041
vn -0.1681 0.0960 0.9810
vn -0.1681 0.9108 0.3771
vn -0.0951 0.9862 -0.1356
vn 0.0031 0.7938 -0.6081
vn 0.0999 0.3911 -0.9149
vn 0.1697 -0.1119 -0.9791
vn 0.3329 -0.8748 -0.3520
vn 0.1959 -0.9717 0.1316
vn 0.0062 -0.8121 0.5834
vn -0.1866 -0.4330 0.8818
vn -0.4388 -0.2982 0.8476
vn -0.9492 0.1902 0.2507
vn -0.4035 0.9128 0.0623
vn -0.1866 0.9696 -0.1579
vn 0.0062 0.7943 -0.6074
vn 0.1959 0.4084 -0.8915
vn 0.3329 -0.0825 -0.9393
vn 0.4833 -0.8269 -0.2874
vn 0.2844 -0.9436 0.1696
vn 0.0090 -0.8112 0.5846
vn -0.2709 -0.4599 0.8456
vn -0.2081 -0.5608 0.8013
vn 0.0797 0.8008 -0.5936
vn -0.1745 0.3168 -0.9323
vn -0.2889 -0.2563 0.9224
vn 0.5698 -0.6536 0.4982
vn -0.2757 -0.9573 0.0869
vn -0.2941 0.9442 -0.1480
vn -0.2709 0.9428 -0.1941
vn 0.0090 0.7952 -0.6062
vn 0.2844 0.4366 -0.8535
vn 0.4833 -0.0346 -0.8748
vn 0.6151 -0.7625 -0.2005
vn 0.3620 -0.9057 0.2207
vn 0.0114 -0.8101 0.5862
vn -0.3448 -0.4960 0.7969
vn -0.3186 -0.5652 -0.7609
vn -0.1878 0.9808 -0.0529
vn -0.3886 0.9195 0.0595
vn -0.3448 0.9067 -0.2428
vn 0.0114 0.7964 -0.6046
vn 0.3620 0.4745 -0.8023
vn 0.6151 0.0298 -0.7878
vn 0.7233 -0.6840 -0.0946
vn 0.4256 -0.8595 0.2831
vn 0.0134 -0.8086 0.5882
vn -0.4055 -0.5400 0.7375
vn -0.7166 -0.1222 0.6867
vn 0.1122 0.5930 0.7973
vn -0.7166 0.6925 0.0827
vn -0.4055 0.8627 -0.3022
vn 0.0134 0.7979 -0.6026
vn 0.4256 0.5207 -0.7400
vn 0.7233 0.1083 -0.6819
vn 0.8037 -0.5944 0.0262
vn 0.4729 -0.8068 0.3541
vn 0.0149 -0.8069 0.5904
vn -0.4505 -0.5902 0.6698
vn -0.7963 -0.2110 0.5669
vn -0.7963 0.6038 -0.0370
vn -0.4505 0.8125 -0.3699
vn 0.0149 0.7996 -0.6004
vn 0.4729 0.5734 -0.6689
vn 0.8037 0.1979 -0.5611
vn 0.9808 -0.1162 -0.1567
vn 0.8532 -0.4972 0.1573
vn 0.5021 -0.7496 0.4313
vn 0.0158 -0.8051 0.5929
vn -0.4783 -0.6447 0.5963
vn -0.8453 -0.3073 0.4371
vn -0.8453 0.5075 -0.1669
vn -0.4783 0.7580 -0.4434
vn 0.0158 0.8014 -0.5979
vn 0.5021 0.6306 -0.5918
vn 0.8532 0.2951 -0.4300
vn 1.0000 0.0000 0.0000
vn 0.8699 -0.3962 0.2936
vn 0.5119 -0.6901 0.5115
vn 0.0161 -0.8032 0.5954
vn -0.4877 -0.7013 0.5199
vn -0.8618 -0.4074 0.3020
vn -0.8619 0.4074 -0.3020
vn -0.4877 0.7013 -0.5199
vn 0.0161 0.8032 -0.5954
vn 0.5119 0.6901 -0.5115
vn 0.8699 0.3962 -0.2936
vn 0.9808 0.1162 0.1567
vn 0.8532 -0.2951 0.4300
vn 0.5021 -0.6306 0.5918
vn 0.0158 -0.8014 0.5979
vn -0.4783 -0.7580 0.4434
vn -0.8453 -0.5075 0.1669
vn -0.8453 0.3073 -0.4371
vn -0.4783 0.6447 -0.5963
vn 0.0158 0.8051 -0.5929
vn 0.5021 0.7496 -0.4313
vn 0.8532 0.4972 -0.1573
vn 0.8037 -0.1979 0.5611
vn 0.4729 -0.5734 0.6689
vn 0.0149 -0.7996 0.6004
vn -0.4505 -0.8125 0.3699
vn -0.7963 -0.6038 0.0370
vn -0.7963 0.2110 -0.5669
vn -0.4505 0.5902 -0.6698
vn 0.0149 0.8069 -0.5904
vn 0.4729 0.8068 -0.3542
vn 0.8037 0.5944 -0.0262
vn 0.7233 -0.1083 0.6819
vn 0.4256 -0.5207 0.7400
vn 0.0134 -0.7979 0.6026
vn -0.4055 -0.8627 0.3022
vn -0.7166 -0.6925 -0.0827
vn -0.7166 0.1222 -0.6866
vn -0.4055 0.5400 -0.7375
vn 0.0134 0.8086 -0.5882
vn 0.4256 0.8595 -0.2831
vn 0.7233 0.6840 0.0946
vn 0.6151 -0.0298 0.7878
vn 0.3620 -0.4745 0.8023
vn 0.0114 -0.7964 0.6046
vn -0.3448 -0.9067 0.2428
vn -0.2877 -0.9574 -0.0233
vn -0.3448 0.4960 -0.7969
vn 0.0114 0.8101 -0.5862
vn 0.3620 0.9056 -0.2207
vn 0.6151 0.7625 0.2005
vn 0.4833 0.0346 0.8748
vn 0.2844 -0.4366 0.8535
vn 0.0090 -0.7952 0.6062
vn -0.2709 -0.9428 0.1941
vn -0.2070 -0.9302 0.3031
vn -0.6367 -0.4604 -0.6185
vn -0.3975 0.3883 -0.8314
vn -0.2941 0.4162 -0.8604
vn -0.2709 0.4599 -0.8456
vn 0.0090 0.8112 -0.5846
vn 0.2844 0.9436 -0.1696
vn 0.4833 0.8269 0.2874
vn 0.3329 0.0825 0.9393
vn 0.1959 -0.4084 0.8915
vn 0.0062 -0.7943 0.6074
vn -0.1866 -0.9696 0.1579
vn -0.4382 -0.8980 0.0388
vn -0.0523 0.8456 -0.5312
vn -0.0523 0.7541 -0.6546
vn -0.4035 0.2059 -0.8915
vn -0.1866 0.4330 -0.8818
vn 0.0062 0.8121 -0.5834
vn 0.1959 0.9717 -0.1316
vn 0.3329 0.8748 0.3520
vn 0.1697 0.1119 0.9791
vn 0.0999 -0.3911 0.9149
vn 0.0031 -0.7938 0.6081
vn -0.0951 -0.9862 0.1356
vn -0.1681 -0.9108 -0.3771
vn -0.9492 -0.1844 -0.2548
vn -0.1681 -0.0960 -0.9811
vn -0.0951 0.4165 -0.9041
vn 0.0031 0.8127 -0.5827
vn 0.0999 0.9891 -0.1082
vn 0.1697 0.9042 0.3918
vn 0.7650 -0.5161 0.3853
vn 0.7124 -0.5609 0.4216
vn 0.5571 -0.8263 0.0826
vn 0.1120 0.8385 -0.5332
vn 0.0700 0.8627 -0.5007
vn -0.3927 0.9101 -0.1321
vn 0.0102 0.8758 -0.4826
vn -0.0699 0.8660 -0.4952
vn -0.3929 0.9089 0.1399
vn 0.5658 -0.6663 0.4858
vn -0.2723 -0.3633 0.8910
vn 0.1216 -0.1816 0.9758
vn 0.5499 -0.3213 0.7709
vn 0.1213 -0.9852 -0.1211
vn -0.3538 -0.9312 -0.0880
vn -0.3742 -0.9154 -0.1484
vn -0.1202 0.8298 -0.5450
vn -0.1312 0.7964 -0.5903
vn -0.6571 -0.4324 0.6175
vn -0.3594 -0.2152 0.9080
vn -0.3929 -0.1304 0.9103
vn 0.9785 0.1223 0.1661
vn 0.5666 0.7378 -0.3669
vn -0.6360 0.4582 0.6209
vn -0.5159 0.5101 0.6882
vn -0.4918 -0.5185 -0.6995
vn -0.3742 0.1241 -0.9190
vn 1.0000 0.0040 0.0054
vn 0.7650 0.5187 -0.3817
vn 0.0701 0.7300 -0.6798
vn 0.1126 0.7543 -0.6467
vn 0.1355 0.7963 -0.5896
vn -0.6458 -0.7300 0.2237
vn -0.1194 0.7594 -0.6395
vn -0.0682 0.7237 -0.6868
vn 0.0096 0.7162 -0.6978
vn -0.5165 0.5008 0.6945
vn 0.1762 0.5757 0.7984
vn 0.7939 0.3556 0.4931
vn 1.0000 0.0013 0.0018
vn -0.9407 0.1984 0.2751
vn 0.7942 -0.3554 -0.4929
vn 0.1719 -0.5762 -0.7990
vn -0.9279 -0.2181 -0.3024
vn -0.4906 -0.5097 -0.7068
vn -0.0003 0.8032 -0.5957
vn 0.0000 0.8791 -0.4765
vn 0.0000 0.9413 -0.3374
vn -0.0256 0.9399 -0.3405
vn -0.0174 0.8781 -0.4782
vn 0.0000 0.9175 0.3976
vn 0.0999 0.9014 0.4212
vn 0.4957 0.8135 0.3041
vn 0.6909 0.7163 -0.0974
vn 0.6891 0.6411 -0.3377
vn 0.0000 0.1774 -0.9841
vn 0.0000 0.8029 -0.5961
vn -0.0107 0.8026 -0.5964
vn 0.1540 0.1499 -0.9766
vn 0.7054 0.4880 -0.5140
vn 0.5491 0.2172 -0.8070
vn 0.0174 0.8781 -0.4782
vn 0.0256 0.9399 -0.3405
vn -0.6891 0.6411 -0.3377
vn -0.6909 0.7163 -0.0974
vn -0.4957 0.8135 0.3041
vn -0.0999 0.9014 0.4212
vn -0.1540 0.1499 -0.9766
vn 0.0107 0.8026 -0.5964
vn -0.5491 0.2172 -0.8070
vn -0.7054 0.4880 -0.5140
vn -0.2182 -0.4619 -0.8596
vn -0.6951 -0.3403 -0.6333
vn 0.0000 0.4733 0.8809
vn 0.1583 0.4673 0.8698
vn 0.6951 -0.3403 -0.6333
vn 0.2182 -0.4619 -0.8596
vn 0.0000 -0.4733 -0.8809
vn 0.9784 -0.0979 -0.1822
vn -0.9999 0.0068 0.0128
vn -0.9671 0.1204 0.2242
vn 0.9999 0.0068 0.0128
vn 0.9671 0.1204 0.2242
vn -0.6324 0.3666 0.6824
vn 0.6324 0.3666 0.6824
vn -0.1583 0.4673 0.8698
vn -0.9784 -0.0979 -0.1822
vn -0.0017 0.9997 0.0224
vn 0.0000 -1.0000 -0.0045
vn 0.9999 0.0120 0.0000
vn 0.6507 -0.7593 0.0000
vn 0.6392 0.7690 0.0000
vn -0.9999 0.0119 0.0000
vn -0.6507 -0.7593 0.0000
vn -0.6393 0.7689 0.0000
vn 0.0000 1.0000 0.0000
vn -0.0000 -1.0000 0.0000
vn -0.9999 0.0120 0.0000
vn -0.6392 0.7690 0.0000
vn 0.9999 0.0119 0.0000
vn 0.6393 0.7689 0.0000
vn 0.9995 0.0301 0.0000
vn 0.7372 0.6756 0.0000
vn 0.7716 -0.6361 0.0000
vn -0.8943 0.4474 0.0000
vn -0.7737 0.6335 0.0000
vn -0.5662 0.8242 0.0000
vn 0.1055 0.9944 0.0000
vn 0.2660 -0.9640 0.0000
vn 0.0314 -0.9995 0.0000
vn -0.0177 0.9998 0.0000
vn -0.0001 -1.0000 0.0000
vn -0.2762 0.9611 0.0000
vn 0.9999 0.0115 -0.0047
vn 0.7800 -0.6033 -0.1661
vn 0.7585 0.6408 0.1182
vn 0.2777 -0.9231 -0.2661
vn 0.0333 -0.9587 -0.2824
vn 0.0000 0.9752 0.2214
vn -0.0188 0.9751 0.2210
vn 0.0000 0.9752 0.2215
vn -0.2910 0.9337 0.2084
vn -0.7888 0.6006 0.1303
vn 0.0000 -0.9590 -0.2833
vn 0.0000 -0.9590 -0.2832
vn 0.1093 0.9786 0.1743
vn -0.5830 0.7996 0.1442
vn -0.9045 0.4187 0.0809
vn 0.9999 0.0115 0.0047
vn 0.7585 0.6408 -0.1182
vn 0.7800 -0.6033 0.1661
vn 0.2777 -0.9231 0.2661
vn 0.0333 -0.9587 0.2824
vn 0.0000 0.9752 -0.2214
vn 0.0000 0.9752 -0.2215
vn -0.0188 0.9751 -0.2210
vn -0.2910 0.9337 -0.2084
vn -0.7888 0.6006 -0.1303
vn 0.0000 -0.9590 0.2833
vn 0.0000 -0.9590 0.2832
vn 0.1093 0.9786 -0.1743
vn -0.5830 0.7996 -0.1442
vn -0.9045 0.4187 -0.0809
vn -0.9995 0.0301 0.0000
vn -0.7372 0.6756 0.0000
vn -0.7716 -0.6361 0.0000
vn 0.8943 0.4474 0.0000
vn 0.7737 0.6335 0.0000
vn 0.5662 0.8242 0.0000
vn -0.1055 0.9944 0.0000
vn -0.2660 -0.9640 0.0000
vn -0.0314 -0.9995 0.0000
vn 0.0177 0.9998 0.0000
vn 0.0001 -1.0000 0.0000
vn 0.2762 0.9611 0.0000
vn -0.9999 0.0115 -0.0047
vn -0.7800 -0.6033 -0.1661
vn -0.7585 0.6408 0.1182
vn -0.2777 -0.9231 -0.2661
vn -0.0333 -0.9587 -0.2824
vn 0.0188 0.9751 0.2210
vn 0.2910 0.9337 0.2084
vn 0.7888 0.6006 0.1303
vn -0.1093 0.9786 0.1743
vn 0.5830 0.7996 0.1442
vn 0.9045 0.4187 0.0809
vn -0.9999 0.0115 0.0047
vn -0.7585 0.6408 -0.1182
vn -0.7800 -0.6033 0.1661
vn -0.2777 -0.9231 0.2661
vn -0.0333 -0.9587 0.2824
vn 0.0188 0.9751 -0.2210
vn 0.2910 0.9337 -0.2084
vn 0.7888 0.6006 -0.1303
vn -0.1093 0.9786 -0.1743
vn 0.5830 0.7996 -0.1442
vn 0.9045 0.4187 -0.0809
usemtl PoolFloat1
s 1
f 7/1/1 89/2/2 259/3/3 94/4/4
f 1/5/5 138/6/6 259/3/3 89/2/2
f 29/7/7 145/8/8 259/3/3 138/6/6
f 23/9/9 127/10/10 259/3/3 145/8/8
f 5/11/11 94/4/4 259/3/3 127/10/10
f 8/12/12 92/13/13 260/14/14 93/15/15
f 92/13/13 9/16/16 90/17/17 260/14/14
f 260/14/14 90/17/17 1/5/5 89/2/2
f 93/15/15 260/14/14 89/2/2 7/1/1
f 16/18/18 96/19/19 261/20/20 179/21/21
f 96/19/19 4/22/22 177/23/23 261/20/20
f 261/20/20 177/23/23 31/24/24 160/25/25
f 179/21/21 261/20/20 160/25/25 36/26/26
f 8/27/12 169/28/27 262/29/28 92/30/13
f 169/28/27 46/31/29 170/32/30 262/29/28
f 262/29/28 170/32/30 11/33/31 109/34/32
f 92/30/13 262/29/28 109/34/32 9/35/16
f 2/36/33 99/37/34 263/38/35 110/39/36
f 9/35/16 109/34/32 263/38/35 99/37/34
f 11/33/31 110/39/36 263/38/35 109/34/32
f 2/40/33 113/41/37 264/42/38 99/43/34
f 113/41/37 15/44/39 101/45/40 264/42/38
f 264/42/38 101/45/40 13/46/41 111/47/42
f 99/43/34 264/42/38 111/47/42 9/16/16
f 1/5/5 114/48/43 265/49/44 138/6/6
f 114/48/43 12/50/45 139/51/46 265/49/44
f 265/49/44 139/51/46 30/52/47 141/53/48
f 138/6/6 265/49/44 141/53/48 29/7/7
f 9/16/16 111/47/42 266/54/49 90/17/17
f 111/47/42 13/46/41 104/55/50 266/54/49
f 266/54/49 104/55/50 12/50/45 114/48/43
f 90/17/17 266/54/49 114/48/43 1/5/5
f 23/9/9 128/56/51 267/57/52 127/10/10
f 128/56/51 39/58/53 153/59/54 267/57/52
f 267/57/52 153/59/54 33/60/55 95/61/56
f 127/10/10 267/57/52 95/61/56 5/11/11
f 14/62/57 106/63/58 268/64/59 178/65/60
f 106/63/58 16/18/18 179/21/21 268/64/59
f 268/64/59 179/21/21 36/26/26 156/66/61
f 178/65/60 268/64/59 156/66/61 34/67/62
f 15/68/39 113/69/37 269/70/63 102/71/64
f 113/69/37 2/72/33 115/73/65 269/70/63
f 269/70/63 115/73/65 16/18/18 106/63/58
f 102/71/64 269/70/63 106/63/58 14/62/57
f 4/22/22 132/74/66 270/75/67 177/23/23
f 132/74/66 24/76/68 149/77/69 270/75/67
f 270/75/67 149/77/69 40/78/70 158/79/71
f 177/23/23 270/75/67 158/79/71 31/24/24
f 1833/80/72 1817/81/73 635/82/74 674/83/75
f 657/84/76 609/85/77 596/86/78 611/87/79
f 679/88/80 637/89/81 600/90/82 646/91/83
f 629/92/84 50/93/85 173/94/86 669/95/87
f 1821/96/88 625/97/89 662/98/90 1829/99/91
f 620/100/92 670/101/93 627/102/94 598/103/95
f 617/104/96 666/105/97 611/87/79 596/86/78
f 174/106/98 664/107/99 613/108/100 48/109/101
f 1853/110/102 1310/111/103 1280/112/104 1838/113/105
f 622/114/106 668/115/107 615/116/108 592/117/109
f 608/118/110 595/119/111 610/120/112 655/121/113
f 47/122/114 607/123/115 656/124/116 176/125/117
f 669/95/87 173/94/86 49/126/118 628/127/119
f 630/128/120 594/129/121 621/130/122 663/131/123
f 655/121/113 610/120/112 598/103/95 627/102/94
f 681/132/124 635/82/74 1817/81/73 1826/133/125
f 251/134/126 84/135/127 632/136/128 676/137/129
f 593/138/130 626/139/131 668/115/107 622/114/106
f 592/117/109 615/116/108 666/105/97 617/104/96
f 48/109/101 613/108/100 660/140/132 175/141/133
f 614/142/134 591/143/135 618/144/136 659/145/137
f 1815/146/138 1833/80/72 674/83/75 648/147/139
f 665/148/140 1827/149/141 1818/150/142 612/151/143
f 624/152/144 597/153/145 609/85/77 657/84/76
f 659/145/137 618/144/136 595/119/111 608/118/110
f 650/154/146 683/155/147 1835/156/148 1820/157/149
f 683/155/147 639/158/150 1824/159/151 1835/156/148
f 594/160/121 630/161/120 670/101/93 620/100/92
f 50/93/85 117/162/152 271/163/153 173/94/86
f 117/162/152 21/164/154 119/165/155 271/163/153
f 271/163/153 119/165/155 19/166/156 116/167/157
f 173/94/86 271/163/153 116/167/157 49/126/118
f 11/33/31 97/168/158 272/169/159 123/170/160
f 97/168/158 4/22/22 122/171/161 272/169/159
f 272/172/159 122/173/161 18/174/162 121/175/163
f 123/176/160 272/172/159 121/175/163 19/166/156
f 4/22/22 96/19/19 273/177/164 122/171/161
f 96/19/19 16/18/18 124/178/165 273/177/164
f 273/179/164 124/180/165 20/181/166 120/182/167
f 122/173/161 273/179/164 120/182/167 18/174/162
f 16/18/18 115/73/65 274/183/168 124/178/165
f 115/73/65 2/72/33 125/184/169 274/183/168
f 274/185/168 125/186/169 21/187/154 118/188/170
f 124/180/165 274/185/168 118/188/170 20/181/166
f 11/33/31 123/170/160 275/189/171 110/39/36
f 123/176/160 19/166/156 119/165/155 275/190/171
f 275/190/171 119/165/155 21/164/154 125/191/169
f 110/39/36 275/189/171 125/192/169 2/36/33
f 148/193/172 154/194/173 32/195/174 136/196/175
f 153/59/54 148/193/172 136/196/175 33/60/55
f 38/197/176 147/198/177 276/199/178 154/194/173
f 147/198/177 22/200/179 91/201/180 276/199/178
f 276/199/178 91/201/180 6/202/181 137/203/182
f 154/194/173 276/199/178 137/203/182 32/195/174
f 149/77/69 24/76/68 126/204/183 152/205/184
f 152/205/184 126/204/183 22/200/179 147/198/177
f 24/76/68 132/74/66 277/206/185 126/204/183
f 132/74/66 4/22/22 97/168/158 277/206/185
f 277/206/185 97/168/158 11/33/31 129/207/186
f 126/204/183 277/206/185 129/207/186 22/200/179
f 28/208/187 135/209/188 278/210/189 108/211/190
f 135/209/188 27/212/191 103/213/192 278/210/189
f 278/210/189 103/213/192 10/214/193 100/215/194
f 108/211/190 278/210/189 100/215/194 17/216/195
f 25/217/196 143/218/197 279/219/198 88/220/199
f 143/218/197 28/208/187 108/211/190 279/219/198
f 279/219/198 108/211/190 17/216/195 107/221/200
f 88/220/199 279/219/198 107/221/200 3/222/201
f 23/9/9 145/8/8 280/223/202 130/224/203
f 145/8/8 29/7/7 134/225/204 280/223/202
f 280/223/202 134/225/204 28/208/187 143/218/197
f 130/224/203 280/223/202 143/218/197 25/217/196
f 29/7/7 141/53/48 281/226/205 134/225/204
f 141/53/48 30/52/47 133/227/206 281/226/205
f 281/226/205 133/227/206 27/212/191 135/209/188
f 134/225/204 281/226/205 135/209/188 28/208/187
f 25/217/196 131/228/207 151/229/208 130/224/203
f 130/224/203 151/229/208 128/56/51 23/9/9
f 590/230/209 543/231/210 282/232/211 545/233/212
f 589/234/213 535/235/214 165/236/215 544/237/216
f 282/232/211 544/237/216 531/238/217 163/239/218
f 10/214/193 105/240/219 283/241/220 100/215/194
f 105/240/219 35/242/221 155/243/222 283/241/220
f 283/241/220 155/243/222 37/244/223 112/245/224
f 100/215/194 283/241/220 112/245/224 17/216/195
f 35/242/221 140/246/225 284/247/226 155/243/222
f 140/246/225 34/67/62 156/66/61 284/247/226
f 284/247/226 156/66/61 36/26/26 146/248/227
f 155/243/222 284/247/226 146/248/227 37/244/223
f 3/222/201 142/249/228 285/250/229 88/220/199
f 142/249/228 26/251/230 157/252/231 285/250/229
f 285/250/229 157/252/231 41/253/232 131/228/207
f 88/220/199 285/250/229 131/228/207 25/217/196
f 26/251/230 144/254/233 150/255/234 157/252/231
f 144/254/233 31/24/24 158/79/71 150/255/234
f 17/216/195 112/245/224 286/256/235 107/221/200
f 112/245/224 37/244/223 159/257/236 286/256/235
f 286/256/235 159/257/236 26/251/230 142/249/228
f 107/221/200 286/256/235 142/249/228 3/222/201
f 37/244/223 146/248/227 287/258/237 159/257/236
f 146/248/227 36/26/26 160/25/25 287/258/237
f 287/258/237 160/25/25 31/24/24 144/254/233
f 159/257/236 287/258/237 144/254/233 26/251/230
f 588/259/238 546/260/239 288/261/240 549/262/241
f 587/263/242 533/264/243 164/265/244 547/266/245
f 586/267/246 534/268/247 42/269/248 527/270/249
f 585/271/250 548/272/251 161/273/252 528/274/253
f 584/275/254 550/276/255 289/277/256 552/278/257
f 583/279/258 537/280/259 167/281/260 551/282/261
f 256/283/262 545/233/212 532/284/263 43/285/264
f 289/277/256 551/282/261 534/268/247 164/265/244
f 582/286/265 553/287/266 290/288/267 555/289/268
f 581/290/269 542/291/270 258/292/271 554/293/272
f 258/292/271 552/278/257 533/264/243 44/294/273
f 290/288/267 554/293/272 529/295/274 162/296/275
f 580/297/276 556/298/277 291/299/278 558/300/279
f 579/301/280 540/302/281 256/283/262 557/303/282
f 165/236/215 555/289/268 530/304/283 45/305/284
f 291/299/278 557/303/282 528/274/253 161/273/252
f 46/31/29 98/306/285 292/307/286 170/32/30
f 98/306/285 6/202/181 91/201/180 292/307/286
f 292/307/286 91/201/180 22/200/179 129/207/186
f 170/32/30 292/307/286 129/207/186 11/33/31
f 626/308/131 593/309/130 619/310/287 661/311/288
f 50/312/85 629/313/84 664/107/99 174/106/98
f 176/125/117 656/124/116 628/127/119 49/126/118
f 661/311/288 619/310/287 597/153/145 624/152/144
f 21/187/154 117/314/152 293/315/289 118/188/170
f 117/314/152 50/312/85 174/106/98 293/315/289
f 293/315/289 174/106/98 48/109/101 172/316/290
f 118/188/170 293/315/289 172/316/290 20/181/166
f 20/181/166 172/316/290 294/317/291 120/182/167
f 172/316/290 48/109/101 175/141/133 294/317/291
f 294/317/291 175/141/133 47/122/114 171/318/292
f 120/182/167 294/317/291 171/318/292 18/174/162
f 18/174/162 171/318/292 295/319/293 121/175/163
f 171/318/292 47/122/114 176/125/117 295/319/293
f 295/319/293 176/125/117 49/126/118 116/167/157
f 121/175/163 295/319/293 116/167/157 19/166/156
f 55/320/294 214/321/295 296/322/296 186/323/297
f 68/324/298 229/325/299 296/322/296 214/321/295
f 73/326/300 224/327/301 296/322/296 229/325/299
f 51/328/302 181/329/303 57/330/304 1810/331/305
f 58/332/306 185/333/307 297/334/308 184/335/309
f 185/333/307 57/336/304 181/329/303 297/334/308
f 297/334/308 181/329/303 51/328/302 182/337/310
f 184/335/309 297/334/308 182/337/310 59/338/311
f 61/339/312 254/340/313 298/341/314 188/342/315
f 254/340/313 77/343/316 244/344/317 298/341/314
f 298/341/314 244/344/317 74/345/318 253/346/319
f 188/342/315 298/341/314 253/346/319 54/347/320
f 58/348/306 184/349/309 299/350/321 245/351/322
f 184/349/309 59/352/311 196/353/323 299/350/321
f 299/350/321 196/353/323 60/354/324 246/355/325
f 245/351/322 299/350/321 246/355/325 83/356/326
f 52/357/327 197/358/328 300/359/329 191/360/330
f 60/354/324 196/353/323 300/359/329 197/358/328
f 59/352/311 191/360/330 300/359/329 196/353/323
f 52/361/327 191/362/330 301/363/331 200/364/332
f 191/362/330 59/338/311 198/365/333 301/363/331
f 301/363/331 198/365/333 13/46/41 101/45/40
f 200/364/332 301/363/331 101/45/40 15/44/39
f 296/322/296 224/327/301 1812/366/334 186/367/297
f 224/327/301 73/326/300 225/368/335 302/369/336
f 302/369/336 225/368/335 30/52/47 139/51/46
f 139/51/46 12/50/45 1808/370/337 1809/371/338
f 59/338/311 182/337/310 303/372/339 198/365/333
f 182/337/310 51/328/302 201/373/340 303/372/339
f 303/372/339 201/373/340 12/50/45 104/55/50
f 198/365/333 303/372/339 104/55/50 13/46/41
f 68/324/298 214/321/295 304/374/341 215/375/342
f 214/321/295 55/320/294 187/376/343 304/374/341
f 304/374/341 187/376/343 76/377/344 237/378/345
f 215/375/342 304/374/341 237/378/345 80/379/346
f 14/62/57 178/65/60 305/380/347 193/381/348
f 178/65/60 34/67/62 240/382/349 305/380/347
f 305/380/347 240/382/349 77/343/316 254/340/313
f 193/381/348 305/380/347 254/340/313 61/339/312
f 15/68/39 102/71/64 306/383/350 200/384/332
f 102/71/64 14/62/57 193/381/348 306/383/350
f 306/383/350 193/381/348 61/339/312 202/385/351
f 200/384/332 306/383/350 202/385/351 52/386/327
f 54/347/320 253/346/319 307/387/352 219/388/353
f 253/346/319 74/345/318 242/389/354 307/387/352
f 307/387/352 242/389/354 81/390/355 233/391/356
f 219/388/353 307/387/352 233/391/356 69/392/357
f 1832/393/358 658/394/359 612/151/143 1818/150/142
f 654/395/360 685/396/361 249/397/362 87/398/363
f 677/399/364 647/400/365 606/401/366 644/402/367
f 673/403/368 636/404/369 603/405/370 634/406/371
f 639/158/150 681/132/124 1826/133/125 1824/159/151
f 250/407/372 85/408/373 638/409/374 680/410/375
f 642/411/376 603/405/370 636/404/369 682/412/377
f 643/413/378 605/414/379 652/415/380 686/416/381
f 667/417/382 1836/418/383 1823/419/384 616/420/385
f 84/135/127 252/421/386 672/422/387 632/136/128
f 631/423/388 671/424/389 633/425/390 604/426/391
f 645/427/392 599/428/393 640/429/394 684/430/395
f 685/396/361 651/431/396 86/432/397 249/397/362
f 1814/433/398 623/434/399 658/394/359 1832/393/358
f 175/141/133 660/140/132 607/123/115 47/122/114
f 653/435/400 679/88/80 646/91/83 601/436/401
f 85/408/373 251/134/126 676/137/129 638/409/374
f 637/89/81 675/437/402 641/438/403 600/90/82
f 675/437/402 631/423/388 604/426/391 641/438/403
f 601/439/401 643/413/378 686/416/381 653/440/400
f 647/400/365 673/403/368 634/406/371 606/401/366
f 1820/441/149 1830/442/404 678/443/405 650/444/146
f 1829/99/91 662/98/90 623/434/399 1814/433/398
f 649/445/406 677/399/364 644/402/367 602/446/407
f 599/428/393 642/411/376 682/412/377 640/429/394
f 616/420/385 1823/419/384 1827/149/141 665/148/140
f 625/447/89 1821/448/88 1836/418/383 667/417/382
f 87/398/363 249/397/362 308/449/408 204/450/409
f 249/397/362 86/432/397 203/451/410 308/449/408
f 308/449/408 203/451/410 64/452/411 206/453/412
f 204/450/409 308/449/408 206/453/412 66/454/413
f 60/354/324 210/455/414 309/456/415 189/457/416
f 210/458/414 64/452/411 208/459/417 309/460/415
f 309/460/415 208/459/417 63/461/418 209/462/419
f 189/457/416 309/456/415 209/463/419 54/347/320
f 54/347/320 209/463/419 310/464/420 188/342/315
f 209/462/419 63/461/418 207/465/421 310/466/420
f 310/466/420 207/465/421 65/467/422 211/468/423
f 188/342/315 310/464/420 211/469/423 61/339/312
f 61/339/312 211/469/423 311/470/424 202/385/351
f 211/468/423 65/467/422 205/471/425 311/472/424
f 311/472/424 205/471/425 66/473/413 212/474/426
f 202/385/351 311/470/424 212/475/426 52/386/327
f 60/354/324 197/358/328 312/476/427 210/455/414
f 197/358/328 52/357/327 212/477/426 312/476/427
f 312/478/427 212/479/426 66/454/413 206/453/412
f 210/458/414 312/478/427 206/453/412 64/452/411
f 80/379/346 237/378/345 313/480/428 232/481/429
f 237/378/345 76/377/344 222/482/430 313/480/428
f 313/480/428 222/482/430 75/483/431 238/484/432
f 232/481/429 313/480/428 238/484/432 79/485/433
f 79/485/433 238/484/432 314/486/434 231/487/435
f 238/484/432 75/483/431 223/488/436 314/486/434
f 314/486/434 223/488/436 56/489/437 183/490/438
f 231/487/435 314/486/434 183/490/438 67/491/439
f 81/390/355 236/492/440 315/493/441 233/391/356
f 236/492/440 79/485/433 231/487/435 315/493/441
f 315/493/441 231/487/435 67/491/439 213/494/442
f 233/391/356 315/493/441 213/494/442 69/392/357
f 69/392/357 213/494/442 316/495/443 219/388/353
f 213/494/442 67/491/439 216/496/444 316/495/443
f 316/495/443 216/496/444 60/354/324 189/457/416
f 219/388/353 316/495/443 189/457/416 54/347/320
f 72/497/445 195/498/446 317/499/447 221/500/448
f 195/498/446 62/501/449 192/502/450 317/499/447
f 317/499/447 192/502/450 10/214/193 103/213/192
f 221/500/448 317/499/447 103/213/192 27/212/191
f 70/503/451 180/504/452 318/505/453 227/506/454
f 180/504/452 53/507/455 194/508/456 318/505/453
f 318/505/453 194/508/456 62/501/449 195/498/446
f 227/506/454 318/505/453 195/498/446 72/497/445
f 68/324/298 217/509/457 319/510/458 229/325/299
f 217/509/457 70/503/451 227/506/454 319/510/458
f 319/510/458 227/506/454 72/497/445 220/511/459
f 229/325/299 319/510/458 220/511/459 73/326/300
f 73/326/300 220/511/459 320/512/460 225/368/335
f 220/511/459 72/497/445 221/500/448 320/512/460
f 320/512/460 221/500/448 27/212/191 133/227/206
f 225/368/335 320/512/460 133/227/206 30/52/47
f 70/503/451 217/509/457 321/513/461 218/514/462
f 217/509/457 68/324/298 215/375/342 321/513/461
f 321/513/461 215/375/342 80/379/346 235/515/463
f 218/514/462 321/513/461 235/515/463 82/516/464
f 10/214/193 192/502/450 322/517/465 105/240/219
f 192/502/450 62/501/449 199/518/466 322/517/465
f 322/517/465 199/518/466 78/519/467 239/520/468
f 105/240/219 322/517/465 239/520/468 35/242/221
f 35/242/221 239/520/468 323/521/469 140/246/225
f 239/520/468 78/519/467 230/522/470 323/521/469
f 323/521/469 230/522/470 77/343/316 240/382/349
f 140/246/225 323/521/469 240/382/349 34/67/62
f 53/507/455 180/504/452 324/523/471 226/524/472
f 180/504/452 70/503/451 218/514/462 324/523/471
f 324/523/471 218/514/462 82/516/464 241/525/473
f 226/524/472 324/523/471 241/525/473 71/526/474
f 71/526/474 241/525/473 325/527/475 228/528/476
f 241/525/473 82/516/464 234/529/477 325/527/475
f 325/527/475 234/529/477 81/390/355 242/389/354
f 228/528/476 325/527/475 242/389/354 74/345/318
f 62/501/449 194/508/456 326/530/478 199/518/466
f 194/508/456 53/507/455 226/524/472 326/530/478
f 326/530/478 226/524/472 71/526/474 243/531/479
f 199/518/466 326/530/478 243/531/479 78/519/467
f 78/519/467 243/531/479 327/532/480 230/522/470
f 243/531/479 71/526/474 228/528/476 327/532/480
f 327/532/480 228/528/476 74/345/318 244/344/317
f 230/522/470 327/532/480 244/344/317 77/343/316
f 80/379/346 232/481/429 328/533/481 235/515/463
f 232/481/429 79/485/433 236/492/440 328/533/481
f 328/533/481 236/492/440 81/390/355 234/529/477
f 235/515/463 328/533/481 234/529/477 82/516/464
f 83/356/326 246/355/325 329/534/482 190/535/483
f 246/355/325 60/354/324 216/496/444 329/534/482
f 329/534/482 216/496/444 67/491/439 183/490/438
f 190/535/483 329/534/482 183/490/438 56/489/437
f 602/536/407 645/427/392 684/430/395 649/537/406
f 671/424/389 652/415/380 605/414/379 633/425/390
f 252/421/386 86/432/397 651/431/396 672/422/387
f 87/538/363 250/407/372 680/410/375 654/539/360
f 66/473/413 205/471/425 330/540/484 204/541/409
f 205/471/425 65/467/422 248/542/485 330/540/484
f 330/540/484 248/542/485 85/408/373 250/407/372
f 204/541/409 330/540/484 250/407/372 87/538/363
f 65/467/422 207/465/421 331/543/486 248/542/485
f 207/465/421 63/461/418 247/544/487 331/543/486
f 331/543/486 247/544/487 84/135/127 251/134/126
f 248/542/485 331/543/486 251/134/126 85/408/373
f 63/461/418 208/459/417 332/545/488 247/544/487
f 208/459/417 64/452/411 203/451/410 332/545/488
f 332/545/488 203/451/410 86/432/397 252/421/386
f 247/544/487 332/545/488 252/421/386 84/135/127
f 578/546/489 559/547/490 333/548/491 561/549/492
f 577/550/493 536/551/494 166/552/495 560/553/496
f 333/554/491 560/555/496 579/301/280 556/298/277
f 576/556/497 562/557/498 334/558/499 564/559/500
f 575/560/501 538/561/502 168/562/503 563/563/504
f 574/564/505 565/565/506 335/566/507 567/567/508
f 573/568/509 541/569/510 257/570/511 566/571/512
f 572/572/513 568/573/514 336/574/515 570/575/516
f 571/576/517 539/577/518 255/578/519 569/579/520
f 343/580/521 401/581/522 487/582/523 406/583/524
f 401/581/522 340/584/525 393/585/526 487/582/523
f 487/582/523 393/585/526 339/586/527 394/587/528
f 406/583/524 487/582/523 394/587/528 341/588/529
f 352/589/530 425/590/531 488/591/532 417/592/533
f 425/590/531 351/593/534 411/594/535 488/591/532
f 488/591/532 411/594/535 347/595/535 408/596/532
f 417/592/533 488/591/532 408/596/532 345/597/533
f 432/598/536 1977/599/537 1937/600/538 364/601/539
f 1994/602/540 1961/603/541 1872/604/542 1905/605/543
f 1902/606/544 1865/607/545 1959/608/546 2010/609/547
f 438/610/548 1971/611/549 1934/612/550 359/613/551
f 1073/614/552 360/615/552 1908/616/553 2108/617/553
f 1869/618/554 1919/619/555 2004/620/556 1943/621/557
f 1874/622/558 1899/623/559 2013/624/560 1949/625/561
f 359/626/551 1934/627/550 1968/628/562 439/629/563
f 338/630/564 402/631/565 489/632/566 398/633/567
f 402/631/565 344/634/568 403/635/569 489/632/566
f 489/632/566 403/635/569 342/636/570 395/637/571
f 398/633/567 489/632/566 395/637/571 337/638/572
f 337/639/572 395/640/571 490/641/573 396/642/574
f 395/640/571 342/643/570 404/644/575 490/641/573
f 490/641/573 404/644/575 341/588/529 394/587/528
f 396/642/574 490/641/573 394/587/528 339/586/527
f 361/645/576 429/646/577 491/647/578 437/648/579
f 429/646/577 349/649/580 405/650/581 491/647/578
f 491/647/578 405/650/581 343/580/521 426/651/582
f 437/648/579 491/647/578 426/651/582 356/652/583
f 356/652/583 426/651/582 492/653/584 436/654/585
f 426/651/582 343/580/521 406/583/524 492/653/584
f 492/653/584 406/583/524 341/588/529 399/655/586
f 436/654/585 492/653/584 399/655/586 358/656/587
f 340/584/525 397/657/588 493/658/589 393/585/526
f 397/657/588 338/659/564 398/660/567 493/658/589
f 493/658/589 398/660/567 337/661/572 396/662/574
f 393/585/526 493/658/589 396/662/574 339/586/527
f 353/663/590 424/664/591 494/665/591 418/666/590
f 424/664/591 352/589/530 417/592/533 494/665/591
f 494/665/591 417/592/533 345/597/533 407/667/591
f 418/666/590 494/665/591 407/667/591 346/668/590
f 354/669/592 423/670/593 495/671/593 419/672/592
f 423/670/593 353/673/590 418/674/590 495/671/593
f 495/671/593 418/674/590 346/675/590 409/676/593
f 419/672/592 495/671/593 409/676/593 348/677/592
f 351/593/534 422/678/594 496/679/595 411/594/535
f 422/678/594 355/680/596 415/681/597 496/679/595
f 496/679/595 415/681/597 350/682/597 410/683/595
f 411/594/535 496/679/595 410/683/595 347/595/535
f 2012/684/598 1940/685/599 384/686/600 484/687/601
f 2000/688/602 1964/689/603 1884/690/604 1922/691/605
f 1997/692/606 1947/693/606 1880/694/607 1916/695/607
f 1910/696/608 361/645/576 437/648/579 1988/697/609
f 363/698/610 431/699/611 497/700/611 434/701/610
f 431/699/611 354/669/592 419/672/592 497/700/611
f 497/700/611 419/672/592 348/677/592 430/702/611
f 434/701/610 497/700/611 430/702/611 362/703/610
f 357/704/612 427/705/613 498/706/611 433/707/610
f 427/705/613 344/634/568 414/708/592 498/706/611
f 498/706/611 414/708/592 354/669/592 431/699/611
f 433/707/610 498/706/611 431/699/611 363/698/610
f 2118/709/614 1913/710/614 362/703/610 1072/711/610
f 1949/625/561 2000/688/602 1922/691/605 1874/622/558
f 1919/619/555 1887/712/555 1955/713/556 2004/620/556
f 364/601/539 1937/600/538 1974/714/553 435/715/552
f 343/580/521 405/650/581 499/716/615 416/717/616
f 405/650/581 349/649/580 420/718/617 499/716/615
f 499/716/615 420/718/617 355/680/596 422/678/594
f 416/717/616 499/716/615 422/678/594 351/593/534
f 344/634/568 402/631/565 500/719/593 414/708/592
f 402/631/565 338/630/564 413/720/590 500/719/593
f 500/719/593 413/720/590 353/673/590 423/670/593
f 414/708/592 500/719/593 423/670/593 354/669/592
f 338/659/564 397/657/588 501/721/591 413/722/590
f 397/657/588 340/584/525 412/723/618 501/721/591
f 501/721/591 412/723/618 352/589/530 424/664/591
f 413/722/590 501/721/591 424/664/591 353/663/590
f 340/584/525 401/581/522 502/724/619 412/723/618
f 401/581/522 343/580/521 416/717/616 502/724/619
f 502/724/619 416/717/616 351/593/534 425/590/531
f 412/723/618 502/724/619 425/590/531 352/589/530
f 349/649/580 429/646/577 503/725/620 420/718/617
f 429/646/577 361/645/576 432/598/536 503/725/620
f 503/725/620 432/598/536 364/601/539 421/726/621
f 420/718/617 503/725/620 421/726/621 355/680/596
f 1893/727/622 1868/728/623 1904/729/624 1970/730/625
f 357/704/612 1892/731/626 1971/611/549 438/610/548
f 1985/732/627 436/654/585 358/656/587 1932/733/628
f 1887/712/555 1925/734/555 2007/735/556 1955/713/556
f 1988/697/609 437/648/579 356/652/583 1890/736/629
f 1979/737/614 433/707/610 363/698/610 1928/738/614
f 1928/738/614 363/698/610 434/701/610 1982/739/614
f 1925/734/555 1878/740/555 1952/741/556 2007/735/556
f 355/680/596 421/726/621 504/742/630 415/681/597
f 421/726/621 364/601/539 435/715/552 504/742/630
f 504/742/630 435/715/552 360/615/552 428/743/630
f 415/681/597 504/742/630 428/743/630 350/682/597
f 1991/744/631 1959/608/546 1865/607/545 1896/745/632
f 1892/731/626 357/704/612 433/707/610 1979/737/614
f 439/629/563 1968/628/562 1932/733/628 358/656/587
f 1967/746/633 1895/747/634 1866/748/635 1931/749/636
f 1911/750/637 1875/751/638 1923/752/639 1976/753/640
f 361/645/576 1910/696/608 1977/599/537 432/598/536
f 1890/736/629 356/652/583 436/654/585 1985/732/627
f 1863/754/641 1902/606/544 2010/609/547 1941/755/642
f 344/634/568 427/705/613 505/756/643 403/635/569
f 427/705/613 357/704/612 438/610/548 505/756/643
f 505/756/643 438/610/548 359/613/551 400/757/644
f 403/635/569 505/756/643 400/757/644 342/636/570
f 342/643/570 400/758/644 506/759/645 404/644/575
f 400/758/644 359/626/551 439/629/563 506/759/645
f 506/759/645 439/629/563 358/656/587 399/655/586
f 404/644/575 506/759/645 399/655/586 341/588/529
f 371/760/646 453/761/647 507/762/648 448/763/649
f 453/761/647 369/764/650 441/765/651 507/762/648
f 507/762/648 441/765/651 367/766/652 440/767/653
f 448/763/649 507/762/648 440/767/653 368/768/654
f 380/769/655 464/770/656 508/771/657 472/772/658
f 464/770/656 373/773/656 455/774/657 508/771/657
f 508/771/657 455/774/657 375/775/659 458/776/659
f 472/772/658 508/771/657 458/776/659 379/777/660
f 479/778/661 392/779/662 1965/780/663 2001/781/664
f 485/782/665 387/783/666 1962/784/667 1995/785/668
f 1901/786/669 1986/787/670 1931/749/636 1866/748/635
f 1935/788/671 1871/789/672 1895/747/634 1967/746/633
f 1114/790/673 2132/791/674 1946/792/674 388/793/673
f 387/794/666 486/795/675 1992/796/676 1962/797/667
f 1970/730/625 1904/729/624 1871/798/672 1935/799/671
f 1961/800/541 1991/744/631 1896/745/632 1872/801/542
f 366/802/677 445/803/678 509/804/679 449/805/680
f 445/803/678 365/806/681 442/807/682 509/804/679
f 509/804/679 442/807/682 370/808/683 450/809/684
f 449/805/680 509/804/679 450/809/684 372/810/685
f 365/811/681 443/812/686 510/813/687 442/814/682
f 443/812/686 367/766/652 441/765/651 510/813/687
f 510/813/687 441/765/651 369/764/650 451/815/688
f 442/814/682 510/813/687 451/815/688 370/816/683
f 389/817/689 484/687/601 511/818/690 476/819/691
f 484/687/601 384/686/600 473/820/692 511/818/690
f 511/818/690 473/820/692 371/760/646 452/821/693
f 476/819/691 511/818/690 452/821/693 377/822/694
f 384/686/600 483/823/695 512/824/696 473/820/692
f 483/823/695 386/825/697 446/826/698 512/824/696
f 512/824/696 446/826/698 369/764/650 453/761/647
f 473/820/692 512/824/696 453/761/647 371/760/646
f 368/768/654 440/767/653 513/827/699 444/828/700
f 440/767/653 367/766/652 443/829/686 513/827/699
f 513/827/699 443/829/686 365/830/681 445/831/678
f 444/828/700 513/827/699 445/831/678 366/832/677
f 381/833/701 465/834/701 514/835/702 471/836/702
f 465/834/701 374/837/701 454/838/702 514/835/702
f 514/835/702 454/838/702 373/773/656 464/770/656
f 471/836/702 514/835/702 464/770/656 380/769/655
f 382/839/703 466/840/703 515/841/704 470/842/704
f 466/840/703 376/843/703 456/844/704 515/841/704
f 515/841/704 456/844/704 374/845/701 465/846/701
f 470/842/704 515/841/704 465/846/701 381/847/701
f 379/777/660 458/776/659 516/848/705 469/849/706
f 458/776/659 375/775/659 457/850/705 516/848/705
f 516/848/705 457/850/705 378/851/707 462/852/707
f 469/849/706 516/848/705 462/852/707 383/853/708
f 2046/854/709 2016/855/710 2037/856/711 2123/857/712
f 1950/858/713 2012/684/598 484/687/601 389/817/689
f 2133/859/606 2058/860/607 1880/694/607 1947/693/606
f 1938/861/714 1883/862/715 1917/863/716 1973/864/717
f 391/865/718 481/866/718 517/867/719 478/868/719
f 481/866/718 390/869/718 477/870/719 517/867/719
f 517/867/719 477/870/719 376/843/703 466/840/703
f 478/868/719 517/867/719 466/840/703 382/839/703
f 385/871/720 480/872/718 518/873/719 474/874/721
f 480/872/718 391/865/718 478/868/719 518/873/719
f 518/873/719 478/868/719 382/839/703 461/875/703
f 474/874/721 518/873/719 461/875/703 372/810/685
f 2142/876/722 1113/877/718 390/869/718 1953/878/723
f 392/779/662 482/879/673 1998/880/674 1965/780/663
f 1976/753/640 1923/752/639 1883/862/715 1938/861/714
f 2066/881/724 1877/882/724 1914/883/725 2117/884/725
f 371/760/646 463/885/726 519/886/727 452/821/693
f 463/885/726 379/777/660 469/849/706 519/886/727
f 519/886/727 469/849/706 383/853/708 467/887/728
f 452/821/693 519/886/727 467/887/728 377/822/694
f 372/810/685 461/875/703 520/888/704 449/805/680
f 461/875/703 382/839/703 470/842/704 520/888/704
f 520/888/704 470/842/704 381/847/701 460/889/701
f 449/805/680 520/888/704 460/889/701 366/802/677
f 366/832/677 460/890/701 521/891/702 444/828/700
f 460/890/701 381/833/701 471/836/702 521/891/702
f 521/891/702 471/836/702 380/769/655 459/892/729
f 444/828/700 521/891/702 459/892/729 368/768/654
f 368/768/654 459/892/729 522/893/730 448/763/649
f 459/892/729 380/769/655 472/772/658 522/893/730
f 522/893/730 472/772/658 379/777/660 463/885/726
f 448/763/649 522/893/730 463/885/726 371/760/646
f 377/822/694 467/887/728 523/894/731 476/819/691
f 467/887/728 383/853/708 468/895/732 523/894/731
f 523/894/731 468/895/732 392/779/662 479/778/661
f 476/819/691 523/894/731 479/778/661 389/817/689
f 1943/621/557 1994/602/540 1905/605/543 1869/618/554
f 1920/896/724 1980/897/725 1929/898/725 1886/899/724
f 2009/900/733 1958/901/734 386/825/697 483/823/695
f 385/871/720 485/782/665 1995/785/668 1944/902/735
f 1886/899/724 1929/898/725 1983/903/725 1926/904/724
f 2067/905/555 2141/906/556 1952/741/556 1878/740/555
f 1956/907/723 2006/908/723 481/866/718 391/865/718
f 2003/909/722 1956/907/723 391/865/718 480/872/718
f 383/853/708 462/852/707 524/910/736 468/895/732
f 462/852/707 378/851/707 475/911/736 524/910/736
f 524/910/736 475/911/736 388/793/673 482/879/673
f 468/895/732 524/910/736 482/879/673 392/779/662
f 1899/623/559 1863/754/641 1941/755/642 2013/624/560
f 1868/728/623 1893/727/622 1980/897/725 1920/896/724
f 486/795/675 386/825/697 1958/901/734 1992/796/676
f 1944/902/735 2003/909/722 480/872/718 385/871/720
f 1875/751/638 1911/750/637 1989/912/737 1898/913/738
f 1862/914/739 1889/915/740 1986/787/670 1901/786/669
f 1940/685/599 2009/900/733 483/823/695 384/686/600
f 389/817/689 479/778/661 2001/781/664 1950/858/713
f 372/810/685 450/809/684 525/916/741 474/874/721
f 450/809/684 370/808/683 447/917/742 525/916/741
f 525/916/741 447/917/742 387/783/666 485/782/665
f 474/874/721 525/916/741 485/782/665 385/871/720
f 370/816/683 451/815/688 526/918/743 447/919/742
f 451/815/688 369/764/650 446/826/698 526/918/743
f 526/918/743 446/826/698 386/825/697 486/795/675
f 447/919/742 526/918/743 486/795/675 387/794/666
f 568/573/514 571/576/517 569/579/520 336/574/515
f 151/229/208 131/228/207 571/576/517 568/573/514
f 131/228/207 41/253/232 539/577/518 571/576/517
f 536/551/494 572/572/513 570/575/516 166/552/495
f 39/58/53 128/56/51 572/572/513 536/551/494
f 128/56/51 151/229/208 568/573/514 572/572/513
f 565/565/506 573/568/509 566/571/512 335/566/507
f 152/205/184 147/198/177 573/568/509 565/565/506
f 147/198/177 38/197/176 541/569/510 573/568/509
f 538/561/502 574/564/505 567/567/508 168/562/503
f 40/78/70 149/77/69 574/564/505 538/561/502
f 149/77/69 152/205/184 565/565/506 574/564/505
f 562/557/498 575/560/501 563/563/504 334/558/499
f 150/255/234 158/79/71 575/560/501 562/557/498
f 158/79/71 40/78/70 538/561/502 575/560/501
f 539/577/518 576/556/497 564/559/500 255/578/519
f 41/253/232 157/252/231 576/556/497 539/577/518
f 157/252/231 150/255/234 562/557/498 576/556/497
f 559/547/490 577/550/493 560/553/496 333/548/491
f 148/193/172 153/59/54 577/550/493 559/547/490
f 153/59/54 39/58/53 536/551/494 577/550/493
f 541/569/510 578/546/489 561/549/492 257/570/511
f 38/197/176 154/194/173 578/546/489 541/569/510
f 154/194/173 148/193/172 559/547/490 578/546/489
f 558/300/279 291/299/278 161/273/252 527/270/249
f 557/303/282 256/283/262 43/285/264 528/274/253
f 556/298/277 579/301/280 557/303/282 291/299/278
f 257/920/511 561/921/492 580/297/276 537/280/259
f 561/921/492 333/554/491 556/298/277 580/297/276
f 537/280/259 580/297/276 558/300/279 167/281/260
f 334/922/499 563/923/504 581/290/269 553/287/266
f 563/923/504 168/924/503 542/291/270 581/290/269
f 555/289/268 290/288/267 162/296/275 530/304/283
f 554/293/272 258/292/271 44/294/273 529/295/274
f 553/287/266 581/290/269 554/293/272 290/288/267
f 255/925/519 564/926/500 582/286/265 535/235/214
f 564/926/500 334/922/499 553/287/266 582/286/265
f 535/235/214 582/286/265 555/289/268 165/236/215
f 335/927/507 566/928/512 583/279/258 550/276/255
f 566/928/512 257/920/511 537/280/259 583/279/258
f 552/278/257 289/277/256 164/265/244 533/264/243
f 551/282/261 167/281/260 42/269/248 534/268/247
f 550/276/255 583/279/258 551/282/261 289/277/256
f 168/924/503 567/929/508 584/275/254 542/291/270
f 567/929/508 335/927/507 550/276/255 584/275/254
f 542/291/270 584/275/254 552/278/257 258/292/271
f 336/930/515 569/931/520 589/234/213 543/231/210
f 569/931/520 255/925/519 535/235/214 589/234/213
f 532/284/263 585/271/250 528/274/253 43/285/264
f 163/239/218 549/262/241 585/271/250 532/284/263
f 549/262/241 288/261/240 548/272/251 585/271/250
f 548/272/251 586/267/246 527/270/249 161/273/252
f 288/261/240 547/266/245 586/267/246 548/272/251
f 547/266/245 164/265/244 534/268/247 586/267/246
f 546/260/239 587/263/242 547/266/245 288/261/240
f 162/296/275 529/295/274 587/263/242 546/260/239
f 529/295/274 44/294/273 533/264/243 587/263/242
f 531/238/217 588/259/238 549/262/241 163/239/218
f 45/305/284 530/304/283 588/259/238 531/238/217
f 530/304/283 162/296/275 546/260/239 588/259/238
f 545/233/212 282/232/211 163/239/218 532/284/263
f 544/237/216 165/236/215 45/305/284 531/238/217
f 543/231/210 589/234/213 544/237/216 282/232/211
f 166/932/495 570/933/516 590/230/209 540/302/281
f 570/933/516 336/930/515 543/231/210 590/230/209
f 540/302/281 590/230/209 545/233/212 256/283/262
f 560/555/496 166/932/495 540/302/281 579/301/280
f 596/86/78 609/85/77 610/120/112 595/119/111
f 609/85/77 597/153/145 598/103/95 610/120/112
f 592/117/109 617/104/96 618/144/136 591/143/135
f 617/104/96 596/86/78 595/119/111 618/144/136
f 597/153/145 619/310/287 620/100/92 598/103/95
f 619/310/287 593/309/130 594/160/121 620/100/92
f 591/143/135 621/130/122 622/114/106 592/117/109
f 621/130/122 594/129/121 593/138/130 622/114/106
f 604/426/391 633/425/390 634/406/371 603/405/370
f 633/425/390 605/414/379 606/401/366 634/406/371
f 600/90/82 641/438/403 642/411/376 599/428/393
f 641/438/403 604/426/391 603/405/370 642/411/376
f 605/414/379 643/413/378 644/402/367 606/401/366
f 643/413/378 601/439/401 602/446/407 644/402/367
f 599/428/393 645/427/392 646/91/83 600/90/82
f 645/427/392 602/536/407 601/436/401 646/91/83
f 608/118/110 655/121/113 656/124/116 607/123/115
f 628/127/119 656/124/116 655/121/113 627/102/94
f 624/152/144 657/84/76 658/394/359 623/434/399
f 612/151/143 658/394/359 657/84/76 611/87/79
f 614/142/134 659/145/137 660/140/132 613/108/100
f 607/123/115 660/140/132 659/145/137 608/118/110
f 626/308/131 661/311/288 662/98/90 625/97/89
f 623/434/399 662/98/90 661/311/288 624/152/144
f 630/128/120 663/131/123 664/107/99 629/313/84
f 613/108/100 664/107/99 663/131/123 614/142/134
f 616/420/385 665/148/140 666/105/97 615/116/108
f 611/87/79 666/105/97 665/148/140 612/151/143
f 625/447/89 667/417/382 668/115/107 626/139/131
f 615/116/108 668/115/107 667/417/382 616/420/385
f 629/92/84 669/95/87 670/101/93 630/161/120
f 627/102/94 670/101/93 669/95/87 628/127/119
f 652/415/380 671/424/389 672/422/387 651/431/396
f 632/136/128 672/422/387 671/424/389 631/423/388
f 636/404/369 673/403/368 674/83/75 635/82/74
f 648/147/139 674/83/75 673/403/368 647/400/365
f 631/423/388 675/437/402 676/137/129 632/136/128
f 638/409/374 676/137/129 675/437/402 637/89/81
f 647/400/365 677/399/364 678/443/405 648/147/139
f 650/444/146 678/443/405 677/399/364 649/445/406
f 637/89/81 679/88/80 680/410/375 638/409/374
f 654/539/360 680/410/375 679/88/80 653/435/400
f 635/82/74 681/132/124 682/412/377 636/404/369
f 640/429/394 682/412/377 681/132/124 639/158/150
f 639/158/150 683/155/147 684/430/395 640/429/394
f 649/537/406 684/430/395 683/155/147 650/154/146
f 651/431/396 685/396/361 686/416/381 652/415/380
f 653/440/400 686/416/381 685/396/361 654/395/360
f 663/131/123 621/130/122 591/143/135 614/142/134
f 167/281/260 558/300/279 527/270/249 42/269/248
f 7/1/1 94/4/4 917/934/744 761/935/745
f 687/936/746 761/935/745 917/934/744 804/937/747
f 711/938/748 804/937/747 917/934/744 811/939/749
f 705/940/750 811/939/749 917/934/744 795/941/751
f 5/11/11 795/941/751 917/934/744 94/4/4
f 8/12/12 93/15/15 918/942/752 764/943/753
f 764/943/753 918/942/752 762/944/754 691/945/755
f 918/942/752 761/935/745 687/936/746 762/944/754
f 93/15/15 7/1/1 761/935/745 918/942/752
f 698/946/756 844/947/757 919/948/758 765/949/759
f 765/949/759 919/948/758 842/950/760 690/951/761
f 919/948/758 826/952/762 713/953/763 842/950/760
f 844/947/757 716/954/764 826/952/762 919/948/758
f 8/27/12 764/955/753 920/956/765 169/28/27
f 169/28/27 920/956/765 835/957/766 46/31/29
f 920/956/765 777/958/767 693/959/768 835/957/766
f 764/955/753 691/960/755 777/958/767 920/956/765
f 688/961/769 778/962/770 921/963/771 767/964/772
f 691/960/755 767/964/772 921/963/771 777/958/767
f 693/959/768 777/958/767 921/963/771 778/962/770
f 688/965/769 767/966/772 922/967/773 781/968/774
f 781/968/774 922/967/773 769/969/775 697/970/776
f 922/967/773 779/971/777 695/972/778 769/969/775
f 767/966/772 691/945/755 779/971/777 922/967/773
f 687/936/746 804/937/747 923/973/779 782/974/780
f 782/974/780 923/973/779 805/975/781 694/976/782
f 923/973/779 807/977/783 712/978/784 805/975/781
f 804/937/747 711/938/748 807/977/783 923/973/779
f 691/945/755 762/944/754 924/979/785 779/971/777
f 779/971/777 924/979/785 772/980/786 695/972/778
f 924/979/785 782/974/780 694/976/782 772/980/786
f 762/944/754 687/936/746 782/974/780 924/979/785
f 705/940/750 795/941/751 925/981/787 796/982/788
f 796/982/788 925/981/787 819/983/789 719/984/790
f 925/981/787 95/61/56 33/60/55 819/983/789
f 795/941/751 5/11/11 95/61/56 925/981/787
f 696/985/791 843/986/792 926/987/793 774/988/794
f 774/988/794 926/987/793 844/947/757 698/946/756
f 926/987/793 822/989/795 716/954/764 844/947/757
f 843/986/792 714/990/796 822/989/795 926/987/793
f 697/991/776 770/992/797 927/993/798 781/994/774
f 781/994/774 927/993/798 783/995/799 688/996/769
f 927/993/798 774/988/794 698/946/756 783/995/799
f 770/992/797 696/985/791 774/988/794 927/993/798
f 690/951/761 842/950/760 928/997/800 800/998/801
f 800/998/801 928/997/800 815/999/802 706/1000/803
f 928/997/800 824/1001/804 720/1002/805 815/999/802
f 842/950/760 713/953/763 824/1001/804 928/997/800
f 1856/1003/72 1306/1004/806 1267/1005/807 1842/1006/808
f 1289/1007/809 1243/1008/810 1228/1009/811 1241/1010/812
f 1311/1011/813 1278/1012/814 1232/1013/815 1269/1014/816
f 1261/1015/817 1301/1016/818 838/1017/819 729/1018/820
f 1271/1019/821 1847/1020/822 1851/1021/823 1313/1022/824
f 1252/1023/825 1230/1024/826 1259/1025/827 1302/1026/828
f 1249/1027/829 1228/1009/811 1243/1008/810 1298/1028/830
f 839/1029/831 727/1030/832 1245/1031/833 1296/1032/834
f 1248/1033/835 1297/1034/836 1850/1035/837 1848/1036/838
f 1254/1037/839 1224/1038/840 1247/1039/841 1300/1040/842
f 1240/1041/843 1287/1042/113 1242/1043/844 1227/1044/845
f 726/1045/846 841/1046/847 1288/1047/848 1239/1048/849
f 1301/1016/818 1260/1049/850 728/1050/851 838/1017/819
f 1262/1051/852 1295/1052/853 1253/1053/854 1226/1054/855
f 1287/1042/113 1259/1025/827 1230/1024/826 1242/1043/844
f 1854/1055/856 1839/1056/857 1255/1057/858 1294/1058/859
f 909/1059/860 1308/1060/861 1264/1061/862 756/1062/863
f 1225/1063/864 1254/1037/839 1300/1040/842 1258/1064/865
f 1224/1038/840 1249/1027/829 1298/1028/830 1247/1039/841
f 727/1030/832 840/1065/866 1292/1066/867 1245/1031/833
f 1246/1067/868 1291/1068/869 1250/1069/870 1223/1070/871
f 1838/113/105 1280/112/104 1306/1004/806 1856/1003/72
f 1845/1071/872 1282/1072/873 1310/111/103 1853/110/102
f 1256/1073/874 1289/1007/809 1241/1010/812 1229/1074/875
f 1291/1068/869 1240/1041/843 1227/1044/845 1250/1069/870
f 1282/1075/873 1845/1076/872 1860/1077/148 1315/1078/876
f 1315/1078/876 1860/1077/148 1847/1020/822 1271/1019/821
f 1226/1079/855 1252/1023/825 1302/1026/828 1262/1080/852
f 729/1018/820 838/1017/819 929/1081/877 785/1082/878
f 785/1082/878 929/1081/877 787/1083/879 703/1084/880
f 929/1081/877 784/1085/881 701/1086/882 787/1083/879
f 838/1017/819 728/1050/851 784/1085/881 929/1081/877
f 693/959/768 791/1087/883 930/1088/884 766/1089/885
f 766/1089/885 930/1088/884 790/1090/886 690/951/761
f 930/1091/884 789/1092/887 700/1093/888 790/1094/886
f 791/1095/883 701/1086/882 789/1092/887 930/1091/884
f 690/951/761 790/1090/886 931/1096/889 765/949/759
f 765/949/759 931/1096/889 792/1097/890 698/946/756
f 931/1098/889 788/1099/891 702/1100/892 792/1101/890
f 790/1094/886 700/1093/888 788/1099/891 931/1098/889
f 698/946/756 792/1097/890 932/1102/893 783/995/799
f 783/995/799 932/1102/893 793/1103/894 688/996/769
f 932/1104/893 786/1105/895 703/1106/880 793/1107/894
f 792/1101/890 702/1100/892 786/1105/895 932/1104/893
f 693/959/768 778/962/770 933/1108/896 791/1087/883
f 791/1095/883 933/1109/896 787/1083/879 701/1086/882
f 933/1109/896 793/1110/894 703/1084/880 787/1083/879
f 778/962/770 688/961/769 793/1111/894 933/1108/896
f 814/1112/897 136/196/175 32/195/174 820/1113/898
f 819/983/789 33/60/55 136/196/175 814/1112/897
f 718/1114/899 820/1113/898 934/1115/900 813/1116/901
f 813/1116/901 934/1115/900 763/1117/902 704/1118/903
f 934/1115/900 137/203/182 6/202/181 763/1117/902
f 820/1113/898 32/195/174 137/203/182 934/1115/900
f 815/999/802 818/1119/904 794/1120/905 706/1000/803
f 818/1119/904 813/1116/901 704/1118/903 794/1120/905
f 706/1000/803 794/1120/905 935/1121/906 800/998/801
f 800/998/801 935/1121/906 766/1089/885 690/951/761
f 935/1121/906 797/1122/907 693/959/768 766/1089/885
f 794/1120/905 704/1118/903 797/1122/907 935/1121/906
f 710/1123/908 776/1124/909 936/1125/910 803/1126/911
f 803/1126/911 936/1125/910 771/1127/912 709/1128/913
f 936/1125/910 768/1129/914 692/1130/915 771/1127/912
f 776/1124/909 699/1131/916 768/1129/914 936/1125/910
f 707/1132/917 760/1133/918 937/1134/919 809/1135/920
f 809/1135/920 937/1134/919 776/1124/909 710/1123/908
f 937/1134/919 775/1136/921 699/1131/916 776/1124/909
f 760/1133/918 689/1137/922 775/1136/921 937/1134/919
f 705/940/750 798/1138/923 938/1139/924 811/939/749
f 811/939/749 938/1139/924 802/1140/925 711/938/748
f 938/1139/924 809/1135/920 710/1123/908 802/1140/925
f 798/1138/923 707/1132/917 809/1135/920 938/1139/924
f 711/938/748 802/1140/925 939/1141/926 807/977/783
f 807/977/783 939/1141/926 801/1142/927 712/978/784
f 939/1141/926 803/1126/911 709/1128/913 801/1142/927
f 802/1140/925 710/1123/908 803/1126/911 939/1141/926
f 707/1132/917 798/1138/923 817/1143/928 799/1144/929
f 798/1138/923 705/940/750 796/982/788 817/1143/928
f 1222/1145/930 1177/1146/931 940/1147/932 1175/1148/210
f 1221/1149/933 1176/1150/934 831/1151/935 1167/1152/936
f 940/1147/932 829/1153/937 1163/1154/938 1176/1150/934
f 692/1130/915 768/1129/914 941/1155/939 773/1156/940
f 773/1156/940 941/1155/939 821/1157/941 715/1158/942
f 941/1155/939 780/1159/943 717/1160/944 821/1157/941
f 768/1129/914 699/1131/916 780/1159/943 941/1155/939
f 715/1158/942 821/1157/941 942/1161/945 806/1162/946
f 806/1162/946 942/1161/945 822/989/795 714/990/796
f 942/1161/945 812/1163/947 716/954/764 822/989/795
f 821/1157/941 717/1160/944 812/1163/947 942/1161/945
f 689/1137/922 760/1133/918 943/1164/948 808/1165/949
f 808/1165/949 943/1164/948 823/1166/950 708/1167/951
f 943/1164/948 799/1144/929 721/1168/952 823/1166/950
f 760/1133/918 707/1132/917 799/1144/929 943/1164/948
f 708/1167/951 823/1166/950 816/1169/953 810/1170/954
f 810/1170/954 816/1169/953 824/1001/804 713/953/763
f 699/1131/916 775/1136/921 944/1171/955 780/1159/943
f 780/1159/943 944/1171/955 825/1172/956 717/1160/944
f 944/1171/955 808/1165/949 708/1167/951 825/1172/956
f 775/1136/921 689/1137/922 808/1165/949 944/1171/955
f 717/1160/944 825/1172/956 945/1173/957 812/1163/947
f 812/1163/947 945/1173/957 826/952/762 716/954/764
f 945/1173/957 810/1170/954 713/953/763 826/952/762
f 825/1172/956 708/1167/951 810/1170/954 945/1173/957
f 1220/1174/958 1181/1175/959 946/1176/960 1178/1177/961
f 1219/1178/962 1179/1179/963 830/1180/964 1165/1181/965
f 1218/1182/966 1159/1183/967 722/1184/968 1166/1185/969
f 1217/1186/970 1160/1187/971 827/1188/972 1180/1189/973
f 1216/1190/974 1184/1191/975 947/1192/976 1182/1193/977
f 1215/1194/978 1183/1195/979 833/1196/980 1169/1197/981
f 914/1198/982 723/1199/983 1164/1200/984 1177/1146/931
f 947/1192/976 830/1180/964 1166/1185/969 1183/1195/979
f 1214/1201/985 1187/1202/986 948/1203/987 1185/1204/988
f 1213/1205/989 1186/1206/990 916/1207/991 1174/1208/992
f 916/1207/991 724/1209/993 1165/1181/965 1184/1191/975
f 948/1203/987 828/1210/994 1161/1211/995 1186/1206/990
f 1212/1212/996 1190/1213/997 949/1214/998 1188/1215/999
f 1211/1216/1000 1189/1217/1001 914/1198/982 1172/1218/1002
f 831/1151/935 725/1219/1003 1162/1220/1004 1187/1202/986
f 949/1214/998 827/1188/972 1160/1187/971 1189/1217/1001
f 46/31/29 835/957/766 950/1221/1005 98/306/285
f 98/306/285 950/1221/1005 763/1117/902 6/202/181
f 950/1221/1005 797/1122/907 704/1118/903 763/1117/902
f 835/957/766 693/959/768 797/1122/907 950/1221/1005
f 1258/1222/865 1293/1223/1006 1251/1224/1007 1225/1225/864
f 729/1226/820 839/1029/831 1296/1032/834 1261/1227/817
f 841/1046/847 728/1050/851 1260/1049/850 1288/1047/848
f 1293/1223/1006 1256/1073/874 1229/1074/875 1251/1224/1007
f 703/1106/880 786/1105/895 951/1228/1008 785/1229/878
f 785/1229/878 951/1228/1008 839/1029/831 729/1226/820
f 951/1228/1008 837/1230/1009 727/1030/832 839/1029/831
f 786/1105/895 702/1100/892 837/1230/1009 951/1228/1008
f 702/1100/892 788/1099/891 952/1231/1010 837/1230/1009
f 837/1230/1009 952/1231/1010 840/1065/866 727/1030/832
f 952/1231/1010 836/1232/1011 726/1045/846 840/1065/866
f 788/1099/891 700/1093/888 836/1232/1011 952/1231/1010
f 700/1093/888 789/1092/887 953/1233/1012 836/1232/1011
f 836/1232/1011 953/1233/1012 841/1046/847 726/1045/846
f 953/1233/1012 784/1085/881 728/1050/851 841/1046/847
f 789/1092/887 701/1086/882 784/1085/881 953/1233/1012
f 55/320/294 186/323/297 954/1234/1013 875/1235/1014
f 743/1236/1015 875/1235/1014 954/1234/1013 888/1237/1016
f 748/1238/1017 888/1237/1016 954/1234/1013 883/1239/1018
f 694/976/782 805/975/781 1803/1240/338 1802/1241/337
f 58/332/306 849/1242/1019 955/1243/1020 185/333/307
f 185/333/307 955/1243/1020 846/1244/1021 57/336/304
f 955/1243/1020 847/1245/1022 730/1246/1023 846/1244/1021
f 849/1242/1019 734/1247/1024 847/1245/1022 955/1243/1020
f 736/1248/1025 850/1249/1026 956/1250/1027 912/1251/1028
f 912/1251/1028 956/1250/1027 903/1252/1029 750/1253/1030
f 956/1250/1027 911/1254/1031 749/1255/1032 903/1252/1029
f 850/1249/1026 733/1256/1033 911/1254/1031 956/1250/1027
f 58/348/306 245/351/322 957/1257/1034 849/1258/1019
f 849/1258/1019 957/1257/1034 857/1259/1035 734/1260/1024
f 957/1257/1034 904/1261/1036 735/1262/1037 857/1259/1035
f 245/351/322 83/356/326 904/1261/1036 957/1257/1034
f 731/1263/1038 852/1264/1039 958/1265/1040 858/1266/1041
f 735/1262/1037 858/1266/1041 958/1265/1040 857/1259/1035
f 734/1260/1024 857/1259/1035 958/1265/1040 852/1264/1039
f 731/1267/1038 861/1268/1042 959/1269/1043 852/1270/1039
f 852/1270/1039 959/1269/1043 859/1271/1044 734/1247/1024
f 959/1269/1043 769/969/775 695/972/778 859/1271/1044
f 861/1268/1042 697/970/776 769/969/775 959/1269/1043
f 862/1272/1045 694/976/782 1802/1241/337 1805/1273/1046
f 883/1239/1018 960/1274/1047 884/1275/1048 748/1238/1017
f 960/1274/1047 805/975/781 712/978/784 884/1275/1048
f 883/1239/1018 954/1234/1013 186/367/297 1806/1276/1049
f 734/1247/1024 859/1271/1044 961/1277/1050 847/1245/1022
f 847/1245/1022 961/1277/1050 862/1272/1045 730/1246/1023
f 961/1277/1050 772/980/786 694/976/782 862/1272/1045
f 859/1271/1044 695/972/778 772/980/786 961/1277/1050
f 743/1236/1015 876/1278/1051 962/1279/1052 875/1235/1014
f 875/1235/1014 962/1279/1052 187/376/343 55/320/294
f 962/1279/1052 896/1280/1053 76/377/344 187/376/343
f 876/1278/1051 753/1281/1054 896/1280/1053 962/1279/1052
f 696/985/791 854/1282/1055 963/1283/1056 843/986/792
f 843/986/792 963/1283/1056 899/1284/1057 714/990/796
f 963/1283/1056 912/1251/1028 750/1253/1030 899/1284/1057
f 854/1282/1055 736/1248/1025 912/1251/1028 963/1283/1056
f 697/991/776 861/1285/1042 964/1286/1058 770/992/797
f 770/992/797 964/1286/1058 854/1282/1055 696/985/791
f 964/1286/1058 863/1287/1059 736/1248/1025 854/1282/1055
f 861/1285/1042 731/1288/1038 863/1287/1059 964/1286/1058
f 733/1256/1033 880/1289/1060 965/1290/1061 911/1254/1031
f 911/1254/1031 965/1290/1061 901/1291/1062 749/1255/1032
f 965/1290/1061 892/1292/1063 754/1293/1064 901/1291/1062
f 880/1289/1060 744/1294/1065 892/1292/1063 965/1290/1061
f 1297/1034/836 1244/1295/1066 1841/1296/1067 1850/1035/837
f 1286/1297/1068 759/1298/1069 907/1299/1070 1317/1300/1071
f 1309/1301/1072 1276/1302/1073 1238/1303/1074 1279/1304/1075
f 1305/1305/1076 1266/1306/1077 1235/1307/1078 1268/1308/1079
f 1257/1309/1080 1299/1310/1081 1859/1311/383 1844/1312/1082
f 908/1313/1083 1312/1314/1084 1270/1315/1085 757/1316/1086
f 1274/1317/1087 1314/1318/1088 1268/1308/1079 1235/1307/1078
f 1275/1319/1089 1318/1320/1090 1284/1321/1091 1237/1322/1092
f 756/1062/863 1264/1061/862 1304/1323/1093 910/1324/1094
f 1263/1325/1095 1236/1326/1096 1265/1327/1097 1303/1328/389
f 1277/1329/1098 1316/1330/1099 1272/1331/1100 1231/1332/1101
f 1317/1300/1071 907/1299/1070 758/1333/1102 1283/1334/1103
f 1313/1022/824 1851/1021/823 1842/1006/808 1267/1005/807
f 840/1065/866 726/1045/846 1239/1048/849 1292/1066/867
f 1285/1335/1104 1233/1336/1105 1278/1012/814 1311/1011/813
f 757/1316/1086 1270/1315/1085 1308/1060/861 909/1059/860
f 1269/1014/816 1232/1013/815 1273/1337/1106 1307/1338/1107
f 1307/1338/1107 1273/1337/1106 1236/1326/1096 1263/1325/1095
f 1233/1339/1105 1285/1340/1104 1318/1320/1090 1275/1319/1089
f 1279/1304/1075 1238/1303/1074 1266/1306/1077 1305/1305/1076
f 1857/1341/358 1841/1296/1067 1244/1295/1066 1290/1342/1108
f 1839/1056/857 1857/1341/358 1290/1342/1108 1255/1057/858
f 1281/1343/1109 1234/1344/1110 1276/1302/1073 1309/1301/1072
f 1231/1332/1101 1272/1331/1100 1314/1318/1088 1274/1317/1087
f 1299/1310/1081 1248/1033/835 1848/1036/838 1859/1311/383
f 1844/1345/1082 1854/1055/856 1294/1058/859 1257/1346/1080
f 759/1298/1069 865/1347/1111 966/1348/1112 907/1299/1070
f 907/1299/1070 966/1348/1112 864/1349/1113 758/1333/1102
f 966/1348/1112 867/1350/1114 739/1351/1115 864/1349/1113
f 865/1347/1111 741/1352/1116 867/1350/1114 966/1348/1112
f 735/1262/1037 851/1353/1117 967/1354/1118 871/1355/1119
f 871/1356/1119 967/1357/1118 869/1358/1120 739/1351/1115
f 967/1357/1118 870/1359/1121 738/1360/1122 869/1358/1120
f 851/1353/1117 733/1256/1033 870/1361/1121 967/1354/1118
f 733/1256/1033 850/1249/1026 968/1362/1123 870/1361/1121
f 870/1359/1121 968/1363/1123 868/1364/1124 738/1360/1122
f 968/1363/1123 872/1365/1125 740/1366/1126 868/1364/1124
f 850/1249/1026 736/1248/1025 872/1367/1125 968/1362/1123
f 736/1248/1025 863/1287/1059 969/1368/1127 872/1367/1125
f 872/1365/1125 969/1369/1127 866/1370/1128 740/1366/1126
f 969/1369/1127 873/1371/1129 741/1372/1116 866/1370/1128
f 863/1287/1059 731/1288/1038 873/1373/1129 969/1368/1127
f 735/1262/1037 871/1355/1119 970/1374/1130 858/1266/1041
f 858/1266/1041 970/1374/1130 873/1375/1129 731/1263/1038
f 970/1376/1130 867/1350/1114 741/1352/1116 873/1377/1129
f 871/1356/1119 739/1351/1115 867/1350/1114 970/1376/1130
f 753/1281/1054 891/1378/1131 971/1379/1132 896/1280/1053
f 896/1280/1053 971/1379/1132 222/482/430 76/377/344
f 971/1379/1132 897/1380/1133 75/483/431 222/482/430
f 891/1378/1131 752/1381/1134 897/1380/1133 971/1379/1132
f 752/1381/1134 890/1382/1135 972/1383/1136 897/1380/1133
f 897/1380/1133 972/1383/1136 223/488/436 75/483/431
f 972/1383/1136 848/1384/1137 56/489/437 223/488/436
f 890/1382/1135 742/1385/1138 848/1384/1137 972/1383/1136
f 754/1293/1064 892/1292/1063 973/1386/1139 895/1387/1140
f 895/1387/1140 973/1386/1139 890/1382/1135 752/1381/1134
f 973/1386/1139 874/1388/1141 742/1385/1138 890/1382/1135
f 892/1292/1063 744/1294/1065 874/1388/1141 973/1386/1139
f 744/1294/1065 880/1289/1060 974/1389/1142 874/1388/1141
f 874/1388/1141 974/1389/1142 877/1390/1143 742/1385/1138
f 974/1389/1142 851/1353/1117 735/1262/1037 877/1390/1143
f 880/1289/1060 733/1256/1033 851/1353/1117 974/1389/1142
f 747/1391/1144 882/1392/1145 975/1393/1146 856/1394/1147
f 856/1394/1147 975/1393/1146 853/1395/1148 737/1396/1149
f 975/1393/1146 771/1127/912 692/1130/915 853/1395/1148
f 882/1392/1145 709/1128/913 771/1127/912 975/1393/1146
f 745/1397/1150 886/1398/1151 976/1399/1152 845/1400/1153
f 845/1400/1153 976/1399/1152 855/1401/1154 732/1402/1155
f 976/1399/1152 856/1394/1147 737/1396/1149 855/1401/1154
f 886/1398/1151 747/1391/1144 856/1394/1147 976/1399/1152
f 743/1236/1015 888/1237/1016 977/1403/1156 878/1404/1157
f 878/1404/1157 977/1403/1156 886/1398/1151 745/1397/1150
f 977/1403/1156 881/1405/1158 747/1391/1144 886/1398/1151
f 888/1237/1016 748/1238/1017 881/1405/1158 977/1403/1156
f 748/1238/1017 884/1275/1048 978/1406/1159 881/1405/1158
f 881/1405/1158 978/1406/1159 882/1392/1145 747/1391/1144
f 978/1406/1159 801/1142/927 709/1128/913 882/1392/1145
f 884/1275/1048 712/978/784 801/1142/927 978/1406/1159
f 745/1397/1150 879/1407/1160 979/1408/1161 878/1404/1157
f 878/1404/1157 979/1408/1161 876/1278/1051 743/1236/1015
f 979/1408/1161 894/1409/1162 753/1281/1054 876/1278/1051
f 879/1407/1160 755/1410/1163 894/1409/1162 979/1408/1161
f 692/1130/915 773/1156/940 980/1411/1164 853/1395/1148
f 853/1395/1148 980/1411/1164 860/1412/1165 737/1396/1149
f 980/1411/1164 898/1413/1166 751/1414/1167 860/1412/1165
f 773/1156/940 715/1158/942 898/1413/1166 980/1411/1164
f 715/1158/942 806/1162/946 981/1415/1168 898/1413/1166
f 898/1413/1166 981/1415/1168 889/1416/1169 751/1414/1167
f 981/1415/1168 899/1284/1057 750/1253/1030 889/1416/1169
f 806/1162/946 714/990/796 899/1284/1057 981/1415/1168
f 732/1402/1155 885/1417/1170 982/1418/1171 845/1400/1153
f 845/1400/1153 982/1418/1171 879/1407/1160 745/1397/1150
f 982/1418/1171 900/1419/1172 755/1410/1163 879/1407/1160
f 885/1417/1170 746/1420/1173 900/1419/1172 982/1418/1171
f 746/1420/1173 887/1421/1174 983/1422/1175 900/1419/1172
f 900/1419/1172 983/1422/1175 893/1423/1176 755/1410/1163
f 983/1422/1175 901/1291/1062 754/1293/1064 893/1423/1176
f 887/1421/1174 749/1255/1032 901/1291/1062 983/1422/1175
f 737/1396/1149 860/1412/1165 984/1424/1177 855/1401/1154
f 855/1401/1154 984/1424/1177 885/1417/1170 732/1402/1155
f 984/1424/1177 902/1425/1178 746/1420/1173 885/1417/1170
f 860/1412/1165 751/1414/1167 902/1425/1178 984/1424/1177
f 751/1414/1167 889/1416/1169 985/1426/1179 902/1425/1178
f 902/1425/1178 985/1426/1179 887/1421/1174 746/1420/1173
f 985/1426/1179 903/1252/1029 749/1255/1032 887/1421/1174
f 889/1416/1169 750/1253/1030 903/1252/1029 985/1426/1179
f 753/1281/1054 894/1409/1162 986/1427/1180 891/1378/1131
f 891/1378/1131 986/1427/1180 895/1387/1140 752/1381/1134
f 986/1427/1180 893/1423/1176 754/1293/1064 895/1387/1140
f 894/1409/1162 755/1410/1163 893/1423/1176 986/1427/1180
f 83/356/326 190/535/483 987/1428/1181 904/1261/1036
f 904/1261/1036 987/1428/1181 877/1390/1143 735/1262/1037
f 987/1428/1181 848/1384/1137 742/1385/1138 877/1390/1143
f 190/535/483 56/489/437 848/1384/1137 987/1428/1181
f 1234/1429/1110 1281/1430/1109 1316/1330/1099 1277/1329/1098
f 1303/1328/389 1265/1327/1097 1237/1322/1092 1284/1321/1091
f 910/1324/1094 1304/1323/1093 1283/1334/1103 758/1333/1102
f 759/1431/1069 1286/1432/1068 1312/1314/1084 908/1313/1083
f 741/1372/1116 865/1433/1111 988/1434/1182 866/1370/1128
f 866/1370/1128 988/1434/1182 906/1435/1183 740/1366/1126
f 988/1434/1182 908/1313/1083 757/1316/1086 906/1435/1183
f 865/1433/1111 759/1431/1069 908/1313/1083 988/1434/1182
f 740/1366/1126 906/1435/1183 989/1436/1184 868/1364/1124
f 868/1364/1124 989/1436/1184 905/1437/1185 738/1360/1122
f 989/1436/1184 909/1059/860 756/1062/863 905/1437/1185
f 906/1435/1183 757/1316/1086 909/1059/860 989/1436/1184
f 738/1360/1122 905/1437/1185 990/1438/1186 869/1358/1120
f 869/1358/1120 990/1438/1186 864/1349/1113 739/1351/1115
f 990/1438/1186 910/1324/1094 758/1333/1102 864/1349/1113
f 905/1437/1185 756/1062/863 910/1324/1094 990/1438/1186
f 1210/1439/1187 1193/1440/1188 991/1441/1189 1191/1442/1190
f 1209/1443/1191 1192/1444/1192 832/1445/1193 1168/1446/1194
f 991/1447/1189 1188/1215/999 1211/1216/1000 1192/1448/1192
f 1208/1449/1195 1196/1450/1196 992/1451/1197 1194/1452/1198
f 1207/1453/1199 1195/1454/1200 834/1455/1201 1170/1456/1202
f 1206/1457/1203 1199/1458/1204 993/1459/1205 1197/1460/1206
f 1205/1461/1207 1198/1462/1208 915/1463/1209 1173/1464/1210
f 1204/1465/1211 1202/1466/1212 994/1467/1213 1200/1468/1214
f 1203/1469/1215 1201/1470/1216 913/1471/1217 1171/1472/1218
f 1001/1473/1219 1050/1474/1220 1119/1475/1221 1045/1476/1222
f 1045/1476/1222 1119/1475/1221 1037/1477/1223 998/1478/1224
f 1119/1475/1221 1038/1479/1225 997/1480/1226 1037/1477/1223
f 1050/1474/1220 999/1481/1227 1038/1479/1225 1119/1475/1221
f 1005/1482/1228 1057/1483/533 1120/1484/532 1065/1485/1229
f 1065/1485/1229 1120/1484/532 1051/1486/535 1004/1487/1230
f 1120/1484/532 408/596/532 347/595/535 1051/1486/535
f 1057/1483/533 345/597/533 408/596/532 1120/1484/532
f 1070/1488/1231 1015/1489/1232 2079/1490/1233 2111/1491/1234
f 2130/1492/1235 2051/1493/1236 2024/1494/1237 2097/1495/1238
f 2048/1496/1239 2144/1497/1240 2093/1498/1241 2019/1499/1242
f 1076/1500/1243 1012/1501/1244 2076/1502/1245 2105/1503/1246
f 2055/1504/1247 2124/1505/1248 1075/1506/1249 1013/1507/1250
f 2085/1508/1251 2021/1509/1252 2051/1493/1236 2130/1492/1235
f 2075/1510/1253 2103/1511/1254 2043/1512/1255 2025/1513/1256
f 1012/1514/1244 1077/1515/1257 2102/1516/1258 2076/1517/1245
f 996/1518/1259 1042/1519/1260 1121/1520/1261 1046/1521/1262
f 1046/1521/1262 1121/1520/1261 1047/1522/1263 1002/1523/1264
f 1121/1520/1261 1039/1524/1265 1000/1525/1266 1047/1522/1263
f 1042/1519/1260 995/1526/1267 1039/1524/1265 1121/1520/1261
f 995/1527/1267 1040/1528/1268 1122/1529/1269 1039/1530/1265
f 1039/1530/1265 1122/1529/1269 1048/1531/1270 1000/1532/1266
f 1122/1529/1269 1038/1479/1225 999/1481/1227 1048/1531/1270
f 1040/1528/1268 997/1480/1226 1038/1479/1225 1122/1529/1269
f 1013/1507/1250 1075/1506/1249 1123/1533/1271 1068/1534/1272
f 1068/1534/1272 1123/1533/1271 1049/1535/1273 1003/1536/1274
f 1123/1533/1271 1066/1537/1275 1001/1473/1219 1049/1535/1273
f 1075/1506/1249 1009/1538/1276 1066/1537/1275 1123/1533/1271
f 1009/1538/1276 1074/1539/1277 1124/1540/1278 1066/1537/1275
f 1066/1537/1275 1124/1540/1278 1050/1474/1220 1001/1473/1219
f 1124/1540/1278 1043/1541/1279 999/1481/1227 1050/1474/1220
f 1074/1539/1277 1011/1542/1280 1043/1541/1279 1124/1540/1278
f 998/1478/1224 1037/1477/1223 1125/1543/1281 1041/1544/1282
f 1041/1544/1282 1125/1543/1281 1042/1545/1260 996/1546/1259
f 1125/1543/1281 1040/1547/1268 995/1548/1267 1042/1545/1260
f 1037/1477/1223 997/1480/1226 1040/1547/1268 1125/1543/1281
f 1006/1549/590 1058/1550/590 1126/1551/591 1064/1552/591
f 1064/1552/591 1126/1551/591 1057/1483/533 1005/1482/1228
f 1126/1551/591 407/667/591 345/597/533 1057/1483/533
f 1058/1550/590 346/668/590 407/667/591 1126/1551/591
f 1007/1553/592 1059/1554/592 1127/1555/593 1063/1556/593
f 1063/1556/593 1127/1555/593 1058/1557/590 1006/1558/590
f 1127/1555/593 409/676/593 346/675/590 1058/1557/590
f 1059/1554/592 348/677/592 409/676/593 1127/1555/593
f 1004/1487/1230 1051/1486/535 1128/1559/595 1062/1560/1283
f 1062/1560/1283 1128/1559/595 1055/1561/597 1008/1562/1284
f 1128/1559/595 410/683/595 350/682/597 1055/1561/597
f 1051/1486/535 347/595/535 410/683/595 1128/1559/595
f 2148/1563/1285 1116/1564/1286 1030/1565/1287 2082/1566/1288
f 2136/1567/1289 2064/1568/1290 2030/1569/1291 2100/1570/1292
f 1973/864/717 1917/863/716 1881/1571/716 1907/1572/717
f 435/715/552 1974/714/553 1908/616/553 360/615/552
f 1014/1573/610 1072/711/610 1129/1574/611 1069/1575/611
f 1069/1575/611 1129/1574/611 1059/1554/592 1007/1553/592
f 1129/1574/611 430/702/611 348/677/592 1059/1554/592
f 1072/711/610 362/703/610 430/702/611 1129/1574/611
f 1010/1576/1293 1071/1577/610 1130/1578/611 1067/1579/1294
f 1067/1579/1294 1130/1578/611 1054/1580/592 1002/1523/1264
f 1130/1578/611 1069/1575/611 1007/1553/592 1054/1580/592
f 1071/1577/610 1014/1573/610 1069/1575/611 1130/1578/611
f 2070/1581/1295 2118/709/614 1072/711/610 1014/1573/610
f 2088/1582/1296 2028/1583/1297 2064/1568/1290 2136/1567/1289
f 2078/1584/1298 2109/1585/717 2057/1586/716 2031/1587/1299
f 1015/1489/1232 1073/614/552 2108/617/553 2079/1490/1233
f 1001/1473/1219 1056/1588/1300 1131/1589/1301 1049/1535/1273
f 1049/1535/1273 1131/1589/1301 1060/1590/1302 1003/1536/1274
f 1131/1589/1301 1062/1560/1283 1008/1562/1284 1060/1590/1302
f 1056/1588/1300 1004/1487/1230 1062/1560/1283 1131/1589/1301
f 1002/1523/1264 1054/1580/592 1132/1591/593 1046/1521/1262
f 1046/1521/1262 1132/1591/593 1053/1592/590 996/1518/1259
f 1132/1591/593 1063/1556/593 1006/1558/590 1053/1592/590
f 1054/1580/592 1007/1553/592 1063/1556/593 1132/1591/593
f 996/1546/1259 1053/1593/590 1133/1594/591 1041/1544/1282
f 1041/1544/1282 1133/1594/591 1052/1595/1303 998/1478/1224
f 1133/1594/591 1064/1552/591 1005/1482/1228 1052/1595/1303
f 1053/1593/590 1006/1549/590 1064/1552/591 1133/1594/591
f 998/1478/1224 1052/1595/1303 1134/1596/1304 1045/1476/1222
f 1045/1476/1222 1134/1596/1304 1056/1588/1300 1001/1473/1219
f 1134/1596/1304 1065/1485/1229 1004/1487/1230 1056/1588/1300
f 1052/1595/1303 1005/1482/1228 1065/1485/1229 1134/1596/1304
f 1003/1536/1274 1060/1590/1302 1135/1597/1305 1068/1534/1272
f 1068/1534/1272 1135/1597/1305 1070/1488/1231 1013/1507/1250
f 1135/1597/1305 1061/1598/1306 1015/1489/1232 1070/1488/1231
f 1060/1590/1302 1008/1562/1284 1061/1598/1306 1135/1597/1305
f 2021/1509/1252 2085/1508/1251 2138/1599/556 2061/1600/555
f 1010/1576/1293 1076/1500/1243 2105/1503/1246 2040/1601/1307
f 2121/1602/1308 2072/1603/1309 1011/1542/1280 1074/1539/1277
f 2033/1604/555 2091/1605/556 2141/906/556 2067/905/555
f 2060/1606/724 2034/1607/724 2069/1608/725 2114/1609/725
f 2115/1610/614 2070/1581/1295 1014/1573/610 1071/1577/610
f 1982/739/614 434/701/610 362/703/610 1913/710/614
f 1926/904/724 1983/903/725 1914/883/725 1877/882/724
f 1008/1562/1284 1055/1561/597 1136/1611/630 1061/1598/1306
f 1061/1598/1306 1136/1611/630 1073/614/552 1015/1489/1232
f 1136/1611/630 428/743/630 360/615/552 1073/614/552
f 1055/1561/597 350/682/597 428/743/630 1136/1611/630
f 2015/1612/1310 2081/1613/1311 2144/1497/1240 2048/1496/1239
f 2040/1601/1307 2115/1610/614 1071/1577/610 1010/1576/1293
f 1077/1515/1257 1011/1542/1280 2072/1603/1309 2102/1516/1258
f 2022/1614/1312 2060/1606/724 2114/1609/725 2039/1615/1313
f 2054/1616/1314 2112/1617/1315 2063/1618/1316 2027/1619/1317
f 1013/1507/1250 1070/1488/1231 2111/1491/1234 2055/1504/1247
f 2036/1620/1318 2121/1602/1308 1074/1539/1277 1009/1538/1276
f 2045/1621/1319 2147/1622/1320 2081/1613/1311 2015/1612/1310
f 1002/1523/1264 1047/1522/1263 1137/1623/1321 1067/1579/1294
f 1067/1579/1294 1137/1623/1321 1076/1500/1243 1010/1576/1293
f 1137/1623/1321 1044/1624/1322 1012/1501/1244 1076/1500/1243
f 1047/1522/1263 1000/1525/1266 1044/1624/1322 1137/1623/1321
f 1000/1532/1266 1048/1531/1270 1138/1625/1323 1044/1626/1322
f 1044/1626/1322 1138/1625/1323 1077/1515/1257 1012/1514/1244
f 1138/1625/1323 1043/1541/1279 1011/1542/1280 1077/1515/1257
f 1048/1531/1270 999/1481/1227 1043/1541/1279 1138/1625/1323
f 1022/1627/1324 1086/1628/1325 1139/1629/1326 1091/1630/1327
f 1091/1630/1327 1139/1629/1326 1079/1631/1328 1020/1632/1329
f 1139/1629/1326 1078/1633/1330 1018/1634/1331 1079/1631/1328
f 1086/1628/1325 1019/1635/1332 1078/1633/1330 1139/1629/1326
f 1026/1636/1333 1106/1637/1334 1140/1638/657 1098/1639/656
f 1098/1639/656 1140/1638/657 455/774/657 373/773/656
f 1140/1638/657 1092/1640/659 375/775/659 455/774/657
f 1106/1637/1334 1025/1641/1335 1092/1640/659 1140/1638/657
f 1111/1642/1336 2135/1643/1337 2099/1644/1338 1036/1645/1339
f 1117/1646/1340 2129/1647/1341 2096/1648/1342 1033/1649/1343
f 2103/1511/1254 2073/1650/1344 2018/1651/1345 2043/1512/1255
f 2106/1652/1346 2075/1653/1253 2025/1654/1256 2052/1655/1347
f 2087/1656/1348 1034/1657/1349 1116/1564/1286 2148/1563/1285
f 1033/1658/1343 2096/1659/1342 2126/1660/1350 1118/1661/1351
f 2028/1583/1297 2088/1582/1296 2147/1622/1320 2045/1621/1319
f 2097/1662/1238 2024/1663/1237 2042/1664/1352 2127/1665/1353
f 1017/1666/1354 1087/1667/1355 1141/1668/1356 1083/1669/1357
f 1083/1669/1357 1141/1668/1356 1080/1670/1358 1016/1671/1359
f 1141/1668/1356 1088/1672/1360 1021/1673/1361 1080/1670/1358
f 1087/1667/1355 1023/1674/1362 1088/1672/1360 1141/1668/1356
f 1016/1675/1359 1080/1676/1358 1142/1677/1363 1081/1678/1364
f 1081/1678/1364 1142/1677/1363 1079/1631/1328 1018/1634/1331
f 1142/1677/1363 1089/1679/1365 1020/1632/1329 1079/1631/1328
f 1080/1676/1358 1021/1680/1361 1089/1679/1365 1142/1677/1363
f 1034/1657/1349 1109/1681/1366 1143/1682/1367 1116/1564/1286
f 1116/1564/1286 1143/1682/1367 1107/1683/1368 1030/1565/1287
f 1143/1682/1367 1090/1684/1369 1022/1627/1324 1107/1683/1368
f 1109/1681/1366 1024/1685/1370 1090/1684/1369 1143/1682/1367
f 1030/1565/1287 1107/1683/1368 1144/1686/1371 1115/1687/1372
f 1115/1687/1372 1144/1686/1371 1084/1688/1373 1032/1689/1374
f 1144/1686/1371 1091/1630/1327 1020/1632/1329 1084/1688/1373
f 1107/1683/1368 1022/1627/1324 1091/1630/1327 1144/1686/1371
f 1019/1635/1332 1082/1690/1375 1145/1691/1376 1078/1633/1330
f 1078/1633/1330 1145/1691/1376 1081/1692/1364 1018/1634/1331
f 1145/1691/1376 1083/1693/1357 1016/1694/1359 1081/1692/1364
f 1082/1690/1375 1017/1695/1354 1083/1693/1357 1145/1691/1376
f 1027/1696/701 1105/1697/702 1146/1698/702 1099/1699/701
f 1099/1699/701 1146/1698/702 454/838/702 374/837/701
f 1146/1698/702 1098/1639/656 373/773/656 454/838/702
f 1105/1697/702 1026/1636/1333 1098/1639/656 1146/1698/702
f 1028/1700/703 1104/1701/704 1147/1702/704 1100/1703/703
f 1100/1703/703 1147/1702/704 456/844/704 376/843/703
f 1147/1702/704 1099/1704/701 374/845/701 456/844/704
f 1104/1701/704 1027/1705/701 1099/1704/701 1147/1702/704
f 1025/1641/1335 1103/1706/1377 1148/1707/705 1092/1640/659
f 1092/1640/659 1148/1707/705 457/850/705 375/775/659
f 1148/1707/705 1096/1708/707 378/851/707 457/850/705
f 1103/1706/1377 1029/1709/1378 1096/1708/707 1148/1707/705
f 482/879/673 388/793/673 1946/792/674 1998/880/674
f 1964/689/603 1997/692/606 1916/695/607 1884/690/604
f 2112/1617/1315 2078/1584/1298 2031/1587/1299 2063/1618/1316
f 1035/1710/718 1110/1711/719 1149/1712/719 1113/877/718
f 1113/877/718 1149/1712/719 477/870/719 390/869/718
f 1149/1712/719 1100/1703/703 376/843/703 477/870/719
f 1110/1711/719 1028/1700/703 1100/1703/703 1149/1712/719
f 1031/1713/1379 1108/1714/1380 1150/1715/719 1112/1716/718
f 1112/1716/718 1150/1715/719 1110/1711/719 1035/1710/718
f 1150/1715/719 1095/1717/703 1028/1700/703 1110/1711/719
f 1108/1714/1380 1023/1674/1362 1095/1717/703 1150/1715/719
f 2090/1718/722 1035/1710/718 1113/877/718 2142/876/722
f 1036/1645/1339 2099/1644/1338 2132/791/674 1114/790/673
f 2061/1600/555 2138/1599/556 2091/1605/556 2033/1604/555
f 2100/1570/1292 2030/1569/1291 2058/860/607 2133/859/606
f 1022/1627/1324 1090/1684/1369 1151/1719/1381 1097/1720/1382
f 1097/1720/1382 1151/1719/1381 1103/1706/1377 1025/1641/1335
f 1151/1719/1381 1101/1721/1383 1029/1709/1378 1103/1706/1377
f 1090/1684/1369 1024/1685/1370 1101/1721/1383 1151/1719/1381
f 1023/1674/1362 1087/1667/1355 1152/1722/704 1095/1717/703
f 1095/1717/703 1152/1722/704 1104/1701/704 1028/1700/703
f 1152/1722/704 1094/1723/701 1027/1705/701 1104/1701/704
f 1087/1667/1355 1017/1666/1354 1094/1723/701 1152/1722/704
f 1017/1695/1354 1082/1690/1375 1153/1724/702 1094/1725/701
f 1094/1725/701 1153/1724/702 1105/1697/702 1027/1696/701
f 1153/1724/702 1093/1726/1384 1026/1636/1333 1105/1697/702
f 1082/1690/1375 1019/1635/1332 1093/1726/1384 1153/1724/702
f 1019/1635/1332 1086/1628/1325 1154/1727/1385 1093/1726/1384
f 1093/1726/1384 1154/1727/1385 1106/1637/1334 1026/1636/1333
f 1154/1727/1385 1097/1720/1382 1025/1641/1335 1106/1637/1334
f 1086/1628/1325 1022/1627/1324 1097/1720/1382 1154/1727/1385
f 1024/1685/1370 1109/1681/1366 1155/1728/1386 1101/1721/1383
f 1101/1721/1383 1155/1728/1386 1102/1729/1387 1029/1709/1378
f 1155/1728/1386 1111/1642/1336 1036/1645/1339 1102/1729/1387
f 1109/1681/1366 1034/1657/1349 1111/1642/1336 1155/1728/1386
f 2039/1615/1313 2106/1652/1346 2052/1655/1347 2022/1614/1312
f 2034/1607/724 2066/881/724 2117/884/725 2069/1608/725
f 2145/1730/1388 1115/1687/1372 1032/1689/1374 2094/1731/1389
f 1031/1713/1379 2084/1732/1390 2129/1647/1341 1117/1646/1340
f 2124/1505/1248 2036/1620/1318 1009/1538/1276 1075/1506/1249
f 2109/1585/717 1907/1572/717 1881/1571/716 2057/1586/716
f 2006/908/723 1953/878/723 390/869/718 481/866/718
f 2139/1733/722 1112/1716/718 1035/1710/718 2090/1718/722
f 1029/1709/1378 1102/1729/1387 1156/1734/736 1096/1708/707
f 1096/1708/707 1156/1734/736 475/911/736 378/851/707
f 1156/1734/736 1114/790/673 388/793/673 475/911/736
f 1102/1729/1387 1036/1645/1339 1114/790/673 1156/1734/736
f 2127/1665/1353 2042/1664/1352 2019/1499/1242 2093/1498/1241
f 2049/1735/1391 2018/1651/1345 2073/1650/1344 2120/1736/1392
f 1118/1661/1351 2126/1660/1350 2094/1731/1389 1032/1689/1374
f 2084/1732/1390 1031/1713/1379 1112/1716/718 2139/1733/722
f 2027/1619/1317 2046/854/709 2123/857/712 2054/1616/1314
f 2016/855/710 2049/1735/1391 2120/1736/1392 2037/856/711
f 2082/1566/1288 1030/1565/1287 1115/1687/1372 2145/1730/1388
f 1034/1657/1349 2087/1656/1348 2135/1643/1337 1111/1642/1336
f 1023/1674/1362 1108/1714/1380 1157/1737/1393 1088/1672/1360
f 1088/1672/1360 1157/1737/1393 1085/1738/1394 1021/1673/1361
f 1157/1737/1393 1117/1646/1340 1033/1649/1343 1085/1738/1394
f 1108/1714/1380 1031/1713/1379 1117/1646/1340 1157/1737/1393
f 1021/1680/1361 1085/1739/1394 1158/1740/1395 1089/1679/1365
f 1089/1679/1365 1158/1740/1395 1084/1688/1373 1020/1632/1329
f 1158/1740/1395 1118/1661/1351 1032/1689/1374 1084/1688/1373
f 1085/1739/1394 1033/1658/1343 1118/1661/1351 1158/1740/1395
f 1200/1468/1214 994/1467/1213 1201/1470/1216 1203/1469/1215
f 817/1143/928 1200/1468/1214 1203/1469/1215 799/1144/929
f 799/1144/929 1203/1469/1215 1171/1472/1218 721/1168/952
f 1168/1446/1194 832/1445/1193 1202/1466/1212 1204/1465/1211
f 719/984/790 1168/1446/1194 1204/1465/1211 796/982/788
f 796/982/788 1204/1465/1211 1200/1468/1214 817/1143/928
f 1197/1460/1206 993/1459/1205 1198/1462/1208 1205/1461/1207
f 818/1119/904 1197/1460/1206 1205/1461/1207 813/1116/901
f 813/1116/901 1205/1461/1207 1173/1464/1210 718/1114/899
f 1170/1456/1202 834/1455/1201 1199/1458/1204 1206/1457/1203
f 720/1002/805 1170/1456/1202 1206/1457/1203 815/999/802
f 815/999/802 1206/1457/1203 1197/1460/1206 818/1119/904
f 1194/1452/1198 992/1451/1197 1195/1454/1200 1207/1453/1199
f 816/1169/953 1194/1452/1198 1207/1453/1199 824/1001/804
f 824/1001/804 1207/1453/1199 1170/1456/1202 720/1002/805
f 1171/1472/1218 913/1471/1217 1196/1450/1196 1208/1449/1195
f 721/1168/952 1171/1472/1218 1208/1449/1195 823/1166/950
f 823/1166/950 1208/1449/1195 1194/1452/1198 816/1169/953
f 1191/1442/1190 991/1441/1189 1192/1444/1192 1209/1443/1191
f 814/1112/897 1191/1442/1190 1209/1443/1191 819/983/789
f 819/983/789 1209/1443/1191 1168/1446/1194 719/984/790
f 1173/1464/1210 915/1463/1209 1193/1440/1188 1210/1439/1187
f 718/1114/899 1173/1464/1210 1210/1439/1187 820/1113/898
f 820/1113/898 1210/1439/1187 1191/1442/1190 814/1112/897
f 1190/1213/997 1159/1183/967 827/1188/972 949/1214/998
f 1189/1217/1001 1160/1187/971 723/1199/983 914/1198/982
f 1188/1215/999 949/1214/998 1189/1217/1001 1211/1216/1000
f 915/1741/1209 1169/1197/981 1212/1212/996 1193/1742/1188
f 1193/1742/1188 1212/1212/996 1188/1215/999 991/1447/1189
f 1169/1197/981 833/1196/980 1190/1213/997 1212/1212/996
f 992/1743/1197 1185/1204/988 1213/1205/989 1195/1744/1200
f 1195/1744/1200 1213/1205/989 1174/1208/992 834/1745/1201
f 1187/1202/986 1162/1220/1004 828/1210/994 948/1203/987
f 1186/1206/990 1161/1211/995 724/1209/993 916/1207/991
f 1185/1204/988 948/1203/987 1186/1206/990 1213/1205/989
f 913/1746/1217 1167/1152/936 1214/1201/985 1196/1747/1196
f 1196/1747/1196 1214/1201/985 1185/1204/988 992/1743/1197
f 1167/1152/936 831/1151/935 1187/1202/986 1214/1201/985
f 993/1748/1205 1182/1193/977 1215/1194/978 1198/1749/1208
f 1198/1749/1208 1215/1194/978 1169/1197/981 915/1741/1209
f 1184/1191/975 1165/1181/965 830/1180/964 947/1192/976
f 1183/1195/979 1166/1185/969 722/1184/968 833/1196/980
f 1182/1193/977 947/1192/976 1183/1195/979 1215/1194/978
f 834/1745/1201 1174/1208/992 1216/1190/974 1199/1750/1204
f 1199/1750/1204 1216/1190/974 1182/1193/977 993/1748/1205
f 1174/1208/992 916/1207/991 1184/1191/975 1216/1190/974
f 994/1751/1213 1175/1148/210 1221/1149/933 1201/1752/1216
f 1201/1752/1216 1221/1149/933 1167/1152/936 913/1746/1217
f 1164/1200/984 723/1199/983 1160/1187/971 1217/1186/970
f 829/1153/937 1164/1200/984 1217/1186/970 1181/1175/959
f 1181/1175/959 1217/1186/970 1180/1189/973 946/1176/960
f 1180/1189/973 827/1188/972 1159/1183/967 1218/1182/966
f 946/1176/960 1180/1189/973 1218/1182/966 1179/1179/963
f 1179/1179/963 1218/1182/966 1166/1185/969 830/1180/964
f 1178/1177/961 946/1176/960 1179/1179/963 1219/1178/962
f 828/1210/994 1178/1177/961 1219/1178/962 1161/1211/995
f 1161/1211/995 1219/1178/962 1165/1181/965 724/1209/993
f 1163/1154/938 829/1153/937 1181/1175/959 1220/1174/958
f 725/1219/1003 1163/1154/938 1220/1174/958 1162/1220/1004
f 1162/1220/1004 1220/1174/958 1178/1177/961 828/1210/994
f 1177/1146/931 1164/1200/984 829/1153/937 940/1147/932
f 1176/1150/934 1163/1154/938 725/1219/1003 831/1151/935
f 1175/1148/210 940/1147/932 1176/1150/934 1221/1149/933
f 832/1753/1193 1172/1218/1002 1222/1145/930 1202/1754/1212
f 1202/1754/1212 1222/1145/930 1175/1148/210 994/1751/1213
f 1172/1218/1002 914/1198/982 1177/1146/931 1222/1145/930
f 1192/1448/1192 1211/1216/1000 1172/1218/1002 832/1753/1193
f 1228/1009/811 1227/1044/845 1242/1043/844 1241/1010/812
f 1241/1010/812 1242/1043/844 1230/1024/826 1229/1074/875
f 1224/1038/840 1223/1070/871 1250/1069/870 1249/1027/829
f 1249/1027/829 1250/1069/870 1227/1044/845 1228/1009/811
f 1229/1074/875 1230/1024/826 1252/1023/825 1251/1224/1007
f 1251/1224/1007 1252/1023/825 1226/1079/855 1225/1225/864
f 1223/1070/871 1224/1038/840 1254/1037/839 1253/1053/854
f 1253/1053/854 1254/1037/839 1225/1063/864 1226/1054/855
f 1236/1326/1096 1235/1307/1078 1266/1306/1077 1265/1327/1097
f 1265/1327/1097 1266/1306/1077 1238/1303/1074 1237/1322/1092
f 1232/1013/815 1231/1332/1101 1274/1317/1087 1273/1337/1106
f 1273/1337/1106 1274/1317/1087 1235/1307/1078 1236/1326/1096
f 1237/1322/1092 1238/1303/1074 1276/1302/1073 1275/1319/1089
f 1275/1319/1089 1276/1302/1073 1234/1344/1110 1233/1339/1105
f 1231/1332/1101 1232/1013/815 1278/1012/814 1277/1329/1098
f 1277/1329/1098 1278/1012/814 1233/1336/1105 1234/1429/1110
f 1240/1041/843 1239/1048/849 1288/1047/848 1287/1042/113
f 1260/1049/850 1259/1025/827 1287/1042/113 1288/1047/848
f 1256/1073/874 1255/1057/858 1290/1342/1108 1289/1007/809
f 1244/1295/1066 1243/1008/810 1289/1007/809 1290/1342/1108
f 1246/1067/868 1245/1031/833 1292/1066/867 1291/1068/869
f 1239/1048/849 1240/1041/843 1291/1068/869 1292/1066/867
f 1258/1222/865 1257/1346/1080 1294/1058/859 1293/1223/1006
f 1255/1057/858 1256/1073/874 1293/1223/1006 1294/1058/859
f 1262/1051/852 1261/1227/817 1296/1032/834 1295/1052/853
f 1245/1031/833 1246/1067/868 1295/1052/853 1296/1032/834
f 1248/1033/835 1247/1039/841 1298/1028/830 1297/1034/836
f 1243/1008/810 1244/1295/1066 1297/1034/836 1298/1028/830
f 1257/1309/1080 1258/1064/865 1300/1040/842 1299/1310/1081
f 1247/1039/841 1248/1033/835 1299/1310/1081 1300/1040/842
f 1261/1015/817 1262/1080/852 1302/1026/828 1301/1016/818
f 1259/1025/827 1260/1049/850 1301/1016/818 1302/1026/828
f 1284/1321/1091 1283/1334/1103 1304/1323/1093 1303/1328/389
f 1264/1061/862 1263/1325/1095 1303/1328/389 1304/1323/1093
f 1268/1308/1079 1267/1005/807 1306/1004/806 1305/1305/1076
f 1280/112/104 1279/1304/1075 1305/1305/1076 1306/1004/806
f 1263/1325/1095 1264/1061/862 1308/1060/861 1307/1338/1107
f 1270/1315/1085 1269/1014/816 1307/1338/1107 1308/1060/861
f 1279/1304/1075 1280/112/104 1310/111/103 1309/1301/1072
f 1282/1072/873 1281/1343/1109 1309/1301/1072 1310/111/103
f 1269/1014/816 1270/1315/1085 1312/1314/1084 1311/1011/813
f 1286/1432/1068 1285/1335/1104 1311/1011/813 1312/1314/1084
f 1267/1005/807 1268/1308/1079 1314/1318/1088 1313/1022/824
f 1272/1331/1100 1271/1019/821 1313/1022/824 1314/1318/1088
f 1271/1019/821 1272/1331/1100 1316/1330/1099 1315/1078/876
f 1281/1430/1109 1282/1075/873 1315/1078/876 1316/1330/1099
f 1283/1334/1103 1284/1321/1091 1318/1320/1090 1317/1300/1071
f 1285/1340/1104 1286/1297/1068 1317/1300/1071 1318/1320/1090
f 1295/1052/853 1246/1067/868 1223/1070/871 1253/1053/854
f 833/1196/980 722/1184/968 1159/1183/967 1190/1213/997
f 1319/1755/1396 1331/1756/1397 1332/1757/1398 1320/1758/1399
f 1320/1758/1399 1332/1757/1398 1333/1759/1400 1321/1760/1401
f 1321/1760/1401 1333/1759/1400 1334/1761/1402 1322/1762/1403
f 1322/1762/1403 1334/1761/1402 1335/1763/1404 1323/1764/1405
f 1323/1764/1405 1335/1763/1404 1336/1765/1406 1324/1766/1407
f 1324/1766/1407 1336/1765/1406 1337/1767/1408 1325/1768/1409
f 1325/1769/1409 1337/1770/1408 1338/1771/1410 1326/1772/1411
f 1326/1772/1411 1338/1771/1410 1339/1773/1412 1327/1774/1413
f 1327/1774/1413 1339/1773/1412 1340/1775/1414 1328/1776/1415
f 1328/1776/1415 1340/1775/1414 1341/1777/1416 1329/1778/1417
f 1329/1778/1417 1341/1777/1416 1342/1779/1418 1330/1780/1419
f 1330/1780/1419 1342/1779/1418 1331/1756/1397 1319/1755/1396
f 1331/1756/1397 1343/1781/1420 1344/1782/1421 1332/1757/1398
f 1332/1757/1398 1344/1782/1421 1345/1783/1422 1333/1759/1400
f 1333/1759/1400 1345/1783/1422 1346/1784/1423 1334/1761/1402
f 1334/1761/1402 1346/1784/1423 1347/1785/1424 1335/1763/1404
f 1335/1763/1404 1347/1785/1424 1348/1786/1425 1336/1765/1406
f 1336/1765/1406 1348/1786/1425 1349/1787/1426 1337/1767/1408
f 1337/1770/1408 1349/1788/1426 1350/1789/1427 1338/1771/1410
f 1338/1771/1410 1350/1789/1427 1351/1790/1428 1339/1773/1412
f 1339/1773/1412 1351/1790/1428 1352/1791/1429 1340/1775/1414
f 1340/1775/1414 1352/1791/1429 1353/1792/1430 1341/1777/1416
f 1341/1777/1416 1353/1792/1430 1354/1793/1431 1342/1779/1418
f 1342/1779/1418 1354/1793/1431 1343/1781/1420 1331/1756/1397
f 1343/1781/1420 1355/1794/1432 1356/1795/1433 1344/1782/1421
f 1344/1782/1421 1356/1795/1433 1357/1796/1434 1345/1783/1422
f 1345/1783/1422 1357/1796/1434 1358/1797/1435 1346/1784/1423
f 1346/1784/1423 1358/1797/1435 1359/1798/1436 1347/1785/1424
f 1347/1785/1424 1359/1798/1436 1360/1799/1437 1348/1786/1425
f 1348/1786/1425 1360/1799/1437 1361/1800/1438 1349/1787/1426
f 1349/1788/1426 1361/1801/1438 1362/1802/1439 1350/1789/1427
f 1350/1789/1427 1362/1802/1439 1363/1803/1440 1351/1790/1428
f 1351/1790/1428 1363/1803/1440 1364/1804/1441 1352/1791/1429
f 1352/1791/1429 1364/1804/1441 1365/1805/1442 1353/1792/1430
f 1353/1792/1430 1365/1805/1442 1366/1806/1443 1354/1793/1431
f 1354/1793/1431 1366/1806/1443 1355/1794/1432 1343/1781/1420
f 1355/1794/1432 1367/1807/1444 1368/1808/1445 1356/1795/1433
f 1356/1795/1433 1368/1808/1445 1369/1809/1446 1357/1796/1434
f 1357/1796/1434 1369/1809/1446 1370/1810/1447 1358/1797/1435
f 1358/1797/1435 1370/1810/1447 1371/1811/1448 1359/1798/1436
f 1359/1798/1436 1371/1811/1448 1372/1812/1449 1360/1799/1437
f 1360/1799/1437 1372/1812/1449 1373/1813/1450 1361/1800/1438
f 1361/1801/1438 1373/1814/1450 1374/1815/1451 1362/1802/1439
f 1362/1802/1439 1374/1815/1451 1375/1816/1452 1363/1803/1440
f 1363/1803/1440 1375/1816/1452 1376/1817/1453 1364/1804/1441
f 1364/1804/1441 1376/1817/1453 1377/1818/1454 1365/1805/1442
f 1365/1805/1442 1377/1818/1454 1378/1819/1455 1366/1806/1443
f 1366/1806/1443 1378/1819/1455 1367/1807/1444 1355/1794/1432
f 1367/1807/1444 1379/1820/1456 1380/1821/1457 1368/1808/1445
f 1368/1808/1445 1380/1821/1457 1381/1822/1458 1369/1809/1446
f 1369/1809/1446 1381/1822/1458 1382/1823/1459 1370/1810/1447
f 1370/1810/1447 1382/1823/1459 1383/1824/1460 1371/1811/1448
f 1371/1811/1448 1383/1824/1460 1384/1825/1461 1372/1812/1449
f 1372/1812/1449 1384/1825/1461 1385/1826/1462 1373/1813/1450
f 1373/1814/1450 1385/1827/1462 1386/1828/1463 1374/1815/1451
f 1374/1815/1451 1386/1828/1463 1387/1829/1464 1375/1816/1452
f 1375/1816/1452 1387/1829/1464 1388/1830/1465 1376/1817/1453
f 1376/1817/1453 1388/1830/1465 1389/1831/1466 1377/1818/1454
f 1377/1818/1454 1389/1831/1466 1390/1832/1467 1378/1819/1455
f 1378/1819/1455 1390/1832/1467 1379/1820/1456 1367/1807/1444
f 1379/1820/1456 1391/1833/1468 1392/1834/1469 1380/1821/1457
f 1380/1821/1457 1392/1834/1469 1393/1835/1470 1381/1822/1458
f 1381/1822/1458 1393/1835/1470 1394/1836/1471 1382/1823/1459
f 1382/1823/1459 1394/1836/1471 1395/1837/1472 1383/1824/1460
f 1383/1824/1460 1395/1837/1472 1396/1838/1473 1384/1825/1461
f 1384/1825/1461 1396/1838/1473 1397/1839/1474 1385/1826/1462
f 1385/1827/1462 1397/1840/1474 1398/1841/1475 1386/1828/1463
f 1386/1828/1463 1398/1841/1475 1399/1842/1476 1387/1829/1464
f 1387/1829/1464 1399/1842/1476 1400/1843/1477 1388/1830/1465
f 1388/1830/1465 1400/1843/1477 1401/1844/1478 1389/1831/1466
f 1389/1831/1466 1401/1844/1478 1402/1845/1479 1390/1832/1467
f 1390/1832/1467 1402/1845/1479 1391/1833/1468 1379/1820/1456
f 1391/1833/1468 1403/1846/1480 1404/1847/1481 1392/1834/1469
f 1392/1834/1469 1404/1847/1481 1405/1848/1482 1393/1835/1470
f 1393/1835/1470 1405/1848/1482 1406/1849/1483 1394/1836/1471
f 1394/1836/1471 1406/1849/1483 1407/1850/1484 1395/1837/1472
f 1395/1837/1472 1407/1850/1484 1408/1851/1485 1396/1838/1473
f 1396/1838/1473 1408/1851/1485 1409/1852/1486 1397/1839/1474
f 1397/1840/1474 1409/1853/1486 1410/1854/1487 1398/1841/1475
f 1398/1841/1475 1410/1854/1487 1411/1855/1488 1399/1842/1476
f 1399/1842/1476 1411/1855/1488 1412/1856/1489 1400/1843/1477
f 1400/1843/1477 1412/1856/1489 1413/1857/1490 1401/1844/1478
f 1401/1844/1478 1413/1857/1490 1414/1858/1491 1402/1845/1479
f 1402/1845/1479 1414/1858/1491 1403/1846/1480 1391/1833/1468
f 1403/1846/1480 1415/1859/1492 1416/1860/1493 1404/1847/1481
f 1404/1847/1481 1416/1860/1493 1417/1861/1494 1405/1848/1482
f 1405/1848/1482 1417/1861/1494 1418/1862/1495 1406/1849/1483
f 1406/1849/1483 1418/1862/1495 1419/1863/1496 1407/1850/1484
f 1407/1850/1484 1419/1863/1496 1420/1864/1497 1408/1851/1485
f 1409/1865/1486 1408/1866/1485 1703/1867/1498 1704/1868/1499
f 1408/1869/1485 1420/1870/1497 1703/1871/1498
f 1410/1854/1487 1421/1872/1500 1422/1873/1501 1411/1855/1488
f 1411/1855/1488 1422/1873/1501 1423/1874/1502 1412/1856/1489
f 1412/1856/1489 1423/1874/1502 1424/1875/1503 1413/1857/1490
f 1413/1857/1490 1424/1875/1503 1425/1876/1504 1414/1858/1491
f 1414/1858/1491 1425/1876/1504 1415/1859/1492 1403/1846/1480
f 1415/1859/1492 1426/1877/1505 1427/1878/1506 1416/1860/1493
f 1416/1860/1493 1427/1878/1506 1428/1879/1507 1417/1861/1494
f 1417/1861/1494 1428/1879/1507 1429/1880/1508 1418/1862/1495
f 1418/1862/1495 1429/1880/1508 1430/1881/1509 1419/1863/1496
f 1419/1863/1496 1430/1881/1509 1431/1882/1510 1420/1864/1497
f 1420/1870/1497 1431/1883/1510 1705/1884/1511 1703/1871/1498
f 1661/1885/1512 1660/1886/1513 1719/1887/1514 1722/1888/1515
f 1421/1872/1500 1433/1889/1516 1434/1890/1517 1422/1873/1501
f 1422/1873/1501 1434/1890/1517 1435/1891/1518 1423/1874/1502
f 1423/1874/1502 1435/1891/1518 1436/1892/1519 1424/1875/1503
f 1424/1875/1503 1436/1892/1519 1437/1893/1520 1425/1876/1504
f 1425/1876/1504 1437/1893/1520 1426/1877/1505 1415/1859/1492
f 1426/1877/1505 1438/1894/1521 1439/1895/1522 1427/1878/1506
f 1427/1878/1506 1439/1895/1522 1440/1896/1523 1428/1879/1507
f 1428/1879/1507 1440/1896/1523 1441/1897/1524 1429/1880/1508
f 1429/1880/1508 1441/1897/1524 1442/1898/1525 1430/1881/1509
f 1430/1881/1509 1442/1898/1525 1443/1899/1526 1431/1882/1510
f 1431/1882/1510 1443/1899/1526 1444/1900/1527 1432/1901/1528
f 1432/1902/1528 1444/1903/1527 1445/1904/1529 1433/1889/1516
f 1433/1889/1516 1445/1904/1529 1446/1905/1530 1434/1890/1517
f 1434/1890/1517 1446/1905/1530 1447/1906/1531 1435/1891/1518
f 1435/1891/1518 1447/1906/1531 1448/1907/1532 1436/1892/1519
f 1436/1892/1519 1448/1907/1532 1449/1908/1533 1437/1893/1520
f 1437/1893/1520 1449/1908/1533 1438/1894/1521 1426/1877/1505
f 1438/1894/1521 1450/1909/1534 1451/1910/1535 1439/1895/1522
f 1439/1895/1522 1451/1910/1535 1452/1911/1536 1440/1896/1523
f 1440/1896/1523 1452/1911/1536 1453/1912/1537 1441/1897/1524
f 1441/1897/1524 1453/1912/1537 1454/1913/1538 1442/1898/1525
f 1442/1898/1525 1454/1913/1538 1455/1914/1539 1443/1899/1526
f 1443/1899/1526 1455/1914/1539 1456/1915/1540 1444/1900/1527
f 1444/1903/1527 1456/1916/1540 1457/1917/1541 1445/1904/1529
f 1445/1904/1529 1457/1917/1541 1458/1918/1542 1446/1905/1530
f 1446/1905/1530 1458/1918/1542 1459/1919/1543 1447/1906/1531
f 1447/1906/1531 1459/1919/1543 1460/1920/1544 1448/1907/1532
f 1448/1907/1532 1460/1920/1544 1461/1921/1545 1449/1908/1533
f 1449/1908/1533 1461/1921/1545 1450/1909/1534 1438/1894/1521
f 1450/1909/1534 1462/1922/1546 1463/1923/1547 1451/1910/1535
f 1451/1910/1535 1463/1923/1547 1464/1924/1548 1452/1911/1536
f 1452/1911/1536 1464/1924/1548 1465/1925/1549 1453/1912/1537
f 1453/1912/1537 1465/1925/1549 1466/1926/1550 1454/1913/1538
f 1454/1913/1538 1466/1926/1550 1467/1927/1551 1455/1914/1539
f 1455/1914/1539 1467/1927/1551 1468/1928/1552 1456/1915/1540
f 1456/1916/1540 1468/1929/1552 1469/1930/1553 1457/1917/1541
f 1457/1917/1541 1469/1930/1553 1470/1931/1554 1458/1918/1542
f 1458/1918/1542 1470/1931/1554 1471/1932/1555 1459/1919/1543
f 1459/1919/1543 1471/1932/1555 1472/1933/1556 1460/1920/1544
f 1460/1920/1544 1472/1933/1556 1473/1934/1557 1461/1921/1545
f 1461/1921/1545 1473/1934/1557 1462/1922/1546 1450/1909/1534
f 1462/1922/1546 1474/1935/1558 1475/1936/1559 1463/1923/1547
f 1463/1923/1547 1475/1936/1559 1476/1937/1560 1464/1924/1548
f 1464/1924/1548 1476/1937/1560 1477/1938/1561 1465/1925/1549
f 1465/1925/1549 1477/1938/1561 1478/1939/1562 1466/1926/1550
f 1466/1926/1550 1478/1939/1562 1479/1940/1563 1467/1927/1551
f 1467/1927/1551 1479/1940/1563 1480/1941/1564 1468/1928/1552
f 1468/1929/1552 1480/1942/1564 1481/1943/1565 1469/1930/1553
f 1469/1930/1553 1481/1943/1565 1482/1944/1566 1470/1931/1554
f 1470/1931/1554 1482/1944/1566 1483/1945/1567 1471/1932/1555
f 1471/1932/1555 1483/1945/1567 1484/1946/1568 1472/1933/1556
f 1472/1933/1556 1484/1946/1568 1485/1947/1569 1473/1934/1557
f 1473/1934/1557 1485/1947/1569 1474/1935/1558 1462/1922/1546
f 1474/1935/1558 1486/1948/1570 1487/1949/1571 1475/1936/1559
f 1475/1936/1559 1487/1949/1571 1488/1950/1572 1476/1937/1560
f 1476/1937/1560 1488/1950/1572 1489/1951/1573 1477/1938/1561
f 1477/1938/1561 1489/1951/1573 1490/1952/1574 1478/1939/1562
f 1478/1939/1562 1490/1952/1574 1491/1953/1575 1479/1940/1563
f 1479/1940/1563 1491/1953/1575 1492/1954/1576 1480/1941/1564
f 1480/1942/1564 1492/1955/1576 1493/1956/1577 1481/1943/1565
f 1481/1943/1565 1493/1956/1577 1494/1957/1578 1482/1944/1566
f 1482/1944/1566 1494/1957/1578 1495/1958/1579 1483/1945/1567
f 1483/1945/1567 1495/1958/1579 1496/1959/1580 1484/1946/1568
f 1484/1946/1568 1496/1959/1580 1497/1960/1581 1485/1947/1569
f 1485/1947/1569 1497/1960/1581 1486/1948/1570 1474/1935/1558
f 1486/1948/1570 1498/1961/1582 1499/1962/1583 1487/1949/1571
f 1487/1949/1571 1499/1962/1583 1500/1963/1584 1488/1950/1572
f 1488/1950/1572 1500/1963/1584 1501/1964/1585 1489/1951/1573
f 1489/1951/1573 1501/1964/1585 1502/1965/1586 1490/1952/1574
f 1490/1952/1574 1502/1965/1586 1503/1966/1587 1491/1953/1575
f 1491/1953/1575 1503/1966/1587 1504/1967/1588 1492/1954/1576
f 1492/1955/1576 1504/1968/1588 1505/1969/1589 1493/1956/1577
f 1493/1956/1577 1505/1969/1589 1506/1970/1590 1494/1957/1578
f 1494/1957/1578 1506/1970/1590 1507/1971/1591 1495/1958/1579
f 1495/1958/1579 1507/1971/1591 1508/1972/1592 1496/1959/1580
f 1496/1959/1580 1508/1972/1592 1509/1973/1593 1497/1960/1581
f 1497/1960/1581 1509/1973/1593 1498/1961/1582 1486/1948/1570
f 1498/1961/1582 1510/1974/1409 1511/1975/1594 1499/1962/1583
f 1499/1962/1583 1511/1975/1594 1512/1976/1595 1500/1963/1584
f 1500/1963/1584 1512/1976/1595 1513/1977/1596 1501/1964/1585
f 1501/1964/1585 1513/1977/1596 1514/1978/1597 1502/1965/1586
f 1502/1965/1586 1514/1978/1597 1515/1979/1598 1503/1966/1587
f 1503/1966/1587 1515/1979/1598 1516/1980/1396 1504/1967/1588
f 1504/1968/1588 1516/1981/1396 1517/1982/1599 1505/1969/1589
f 1505/1969/1589 1517/1982/1599 1518/1983/1600 1506/1970/1590
f 1506/1970/1590 1518/1983/1600 1519/1984/1601 1507/1971/1591
f 1507/1971/1591 1519/1984/1601 1520/1985/1602 1508/1972/1592
f 1508/1972/1592 1520/1985/1602 1521/1986/1603 1509/1973/1593
f 1509/1973/1593 1521/1986/1603 1510/1974/1409 1498/1961/1582
f 1510/1974/1409 1522/1987/1408 1523/1988/1604 1511/1975/1594
f 1511/1975/1594 1523/1988/1604 1524/1989/1605 1512/1976/1595
f 1512/1976/1595 1524/1989/1605 1525/1990/1606 1513/1977/1596
f 1513/1977/1596 1525/1990/1606 1526/1991/1607 1514/1978/1597
f 1514/1978/1597 1526/1991/1607 1527/1992/1608 1515/1979/1598
f 1515/1979/1598 1527/1992/1608 1528/1993/1397 1516/1980/1396
f 1516/1981/1396 1528/1994/1397 1529/1995/1609 1517/1982/1599
f 1517/1982/1599 1529/1995/1609 1530/1996/1610 1518/1983/1600
f 1518/1983/1600 1530/1996/1610 1531/1997/1611 1519/1984/1601
f 1519/1984/1601 1531/1997/1611 1532/1998/1612 1520/1985/1602
f 1520/1985/1602 1532/1998/1612 1533/1999/1613 1521/1986/1603
f 1521/1986/1603 1533/1999/1613 1522/1987/1408 1510/1974/1409
f 1522/1987/1408 1534/2000/1426 1535/2001/1614 1523/1988/1604
f 1523/1988/1604 1535/2001/1614 1536/2002/1615 1524/1989/1605
f 1524/1989/1605 1536/2002/1615 1537/2003/1616 1525/1990/1606
f 1525/1990/1606 1537/2003/1616 1538/2004/1617 1526/1991/1607
f 1526/1991/1607 1538/2004/1617 1539/2005/1618 1527/1992/1608
f 1527/1992/1608 1539/2005/1618 1540/2006/1619 1528/1993/1397
f 1528/1994/1397 1540/2007/1619 1541/2008/1620 1529/1995/1609
f 1529/1995/1609 1541/2008/1620 1542/2009/1621 1530/1996/1610
f 1530/1996/1610 1542/2009/1621 1543/2010/1622 1531/1997/1611
f 1531/1997/1611 1543/2010/1622 1544/2011/1623 1532/1998/1612
f 1532/1998/1612 1544/2011/1623 1545/2012/1624 1533/1999/1613
f 1533/1999/1613 1545/2012/1624 1534/2000/1426 1522/1987/1408
f 1534/2000/1426 1546/2013/1438 1547/2014/1625 1535/2001/1614
f 1535/2001/1614 1547/2014/1625 1548/2015/1626 1536/2002/1615
f 1536/2002/1615 1548/2015/1626 1549/2016/1627 1537/2003/1616
f 1537/2003/1616 1549/2016/1627 1550/2017/1628 1538/2004/1617
f 1538/2004/1617 1550/2017/1628 1551/2018/1629 1539/2005/1618
f 1433/2019/1516 1421/2020/1500 1715/2021/1630 1712/2022/1631
f 1551/2023/1629 1563/2024/1632 1708/2025/1633 1720/2026/1634
f 1541/2008/1620 1553/2027/1635 1554/2028/1636 1542/2009/1621
f 1542/2009/1621 1554/2028/1636 1555/2029/1637 1543/2010/1622
f 1543/2010/1622 1555/2029/1637 1556/2030/1638 1544/2011/1623
f 1544/2011/1623 1556/2030/1638 1557/2031/1639 1545/2012/1624
f 1545/2012/1624 1557/2031/1639 1546/2013/1438 1534/2000/1426
f 1546/2013/1438 1558/2032/1450 1559/2033/1640 1547/2014/1625
f 1547/2014/1625 1559/2033/1640 1560/2034/1641 1548/2015/1626
f 1548/2015/1626 1560/2034/1641 1561/2035/1642 1549/2016/1627
f 1549/2016/1627 1561/2035/1642 1562/2036/1643 1550/2017/1628
f 1550/2017/1628 1562/2036/1643 1563/2037/1632 1551/2018/1629
f 1431/1883/1510 1432/2038/1528 1706/2039/1644 1705/1884/1511
f 1410/2040/1487 1409/1865/1486 1704/1868/1499 1709/2041/1645
f 1553/2027/1635 1565/2042/1646 1566/2043/1647 1554/2028/1636
f 1554/2028/1636 1566/2043/1647 1567/2044/1648 1555/2029/1637
f 1555/2029/1637 1567/2044/1648 1568/2045/1649 1556/2030/1638
f 1556/2030/1638 1568/2045/1649 1569/2046/1650 1557/2031/1639
f 1557/2031/1639 1569/2046/1650 1558/2032/1450 1546/2013/1438
f 1558/2032/1450 1570/2047/1462 1571/2048/1651 1559/2033/1640
f 1559/2033/1640 1571/2048/1651 1572/2049/1652 1560/2034/1641
f 1560/2034/1641 1572/2049/1652 1573/2050/1653 1561/2035/1642
f 1561/2035/1642 1573/2050/1653 1574/2051/1654 1562/2036/1643
f 1562/2036/1643 1574/2051/1654 1575/2052/1655 1563/2037/1632
f 1563/2037/1632 1575/2052/1655 1576/2053/1456 1564/2054/1656
f 1564/2055/1656 1576/2056/1456 1577/2057/1657 1565/2042/1646
f 1565/2042/1646 1577/2057/1657 1578/2058/1658 1566/2043/1647
f 1566/2043/1647 1578/2058/1658 1579/2059/1659 1567/2044/1648
f 1567/2044/1648 1579/2059/1659 1580/2060/1660 1568/2045/1649
f 1568/2045/1649 1580/2060/1660 1581/2061/1661 1569/2046/1650
f 1569/2046/1650 1581/2061/1661 1570/2047/1462 1558/2032/1450
f 1570/2047/1462 1582/2062/1474 1583/2063/1662 1571/2048/1651
f 1571/2048/1651 1583/2063/1662 1584/2064/1663 1572/2049/1652
f 1572/2049/1652 1584/2064/1663 1585/2065/1664 1573/2050/1653
f 1573/2050/1653 1585/2065/1664 1586/2066/1665 1574/2051/1654
f 1574/2051/1654 1586/2066/1665 1587/2067/1666 1575/2052/1655
f 1575/2052/1655 1587/2067/1666 1588/2068/1468 1576/2053/1456
f 1576/2056/1456 1588/2069/1468 1589/2070/1667 1577/2057/1657
f 1577/2057/1657 1589/2070/1667 1590/2071/1668 1578/2058/1658
f 1578/2058/1658 1590/2071/1668 1591/2072/1669 1579/2059/1659
f 1579/2059/1659 1591/2072/1669 1592/2073/1670 1580/2060/1660
f 1580/2060/1660 1592/2073/1670 1593/2074/1671 1581/2061/1661
f 1581/2061/1661 1593/2074/1671 1582/2062/1474 1570/2047/1462
f 1582/2062/1474 1594/2075/1672 1595/2076/1673 1583/2063/1662
f 1583/2063/1662 1595/2076/1673 1596/2077/1674 1584/2064/1663
f 1584/2064/1663 1596/2077/1674 1597/2078/1675 1585/2065/1664
f 1585/2065/1664 1597/2078/1675 1598/2079/1676 1586/2066/1665
f 1586/2066/1665 1598/2079/1676 1599/2080/1677 1587/2067/1666
f 1587/2067/1666 1599/2080/1677 1600/2081/1480 1588/2068/1468
f 1588/2069/1468 1600/2082/1480 1601/2083/1678 1589/2070/1667
f 1589/2070/1667 1601/2083/1678 1602/2084/1679 1590/2071/1668
f 1590/2071/1668 1602/2084/1679 1603/2085/1680 1591/2072/1669
f 1591/2072/1669 1603/2085/1680 1604/2086/1681 1592/2073/1670
f 1592/2073/1670 1604/2086/1681 1605/2087/1682 1593/2074/1671
f 1593/2074/1671 1605/2087/1682 1594/2075/1672 1582/2062/1474
f 1594/2075/1672 1606/2088/1683 1607/2089/1684 1595/2076/1673
f 1595/2076/1673 1607/2089/1684 1608/2090/1685 1596/2077/1674
f 1596/2077/1674 1608/2090/1685 1609/2091/1686 1597/2078/1675
f 1597/2078/1675 1609/2091/1686 1610/2092/1687 1598/2079/1676
f 1598/2079/1676 1610/2092/1687 1611/2093/1688 1599/2080/1677
f 1599/2080/1677 1611/2093/1688 1612/2094/1492 1600/2081/1480
f 1600/2082/1480 1612/2095/1492 1613/2096/1689 1601/2083/1678
f 1601/2083/1678 1613/2096/1689 1614/2097/1690 1602/2084/1679
f 1602/2084/1679 1614/2097/1690 1615/2098/1691 1603/2085/1680
f 1603/2085/1680 1615/2098/1691 1616/2099/1692 1604/2086/1681
f 1604/2086/1681 1616/2099/1692 1617/2100/1693 1605/2087/1682
f 1605/2087/1682 1617/2100/1693 1606/2088/1683 1594/2075/1672
f 1606/2088/1683 1618/2101/1694 1619/2102/1695 1607/2089/1684
f 1607/2089/1684 1619/2102/1695 1620/2103/1696 1608/2090/1685
f 1608/2090/1685 1620/2103/1696 1621/2104/1697 1609/2091/1686
f 1609/2091/1686 1621/2104/1697 1622/2105/1698 1610/2092/1687
f 1610/2092/1687 1622/2105/1698 1623/2106/1699 1611/2093/1688
f 1611/2093/1688 1623/2106/1699 1624/2107/1505 1612/2094/1492
f 1612/2095/1492 1624/2108/1505 1625/2109/1700 1613/2096/1689
f 1613/2096/1689 1625/2109/1700 1626/2110/1701 1614/2097/1690
f 1614/2097/1690 1626/2110/1701 1627/2111/1702 1615/2098/1691
f 1615/2098/1691 1627/2111/1702 1628/2112/1703 1616/2099/1692
f 1616/2099/1692 1628/2112/1703 1629/2113/1704 1617/2100/1693
f 1617/2100/1693 1629/2113/1704 1618/2101/1694 1606/2088/1683
f 1618/2101/1694 1630/2114/1527 1631/2115/1705 1619/2102/1695
f 1619/2102/1695 1631/2115/1705 1632/2116/1706 1620/2103/1696
f 1620/2103/1696 1632/2116/1706 1633/2117/1707 1621/2104/1697
f 1621/2104/1697 1633/2117/1707 1634/2118/1708 1622/2105/1698
f 1622/2105/1698 1634/2118/1708 1635/2119/1709 1623/2106/1699
f 1623/2106/1699 1635/2119/1709 1636/2120/1521 1624/2107/1505
f 1624/2108/1505 1636/2121/1521 1637/2122/1710 1625/2109/1700
f 1625/2109/1700 1637/2122/1710 1638/2123/1711 1626/2110/1701
f 1626/2110/1701 1638/2123/1711 1639/2124/1712 1627/2111/1702
f 1627/2111/1702 1639/2124/1712 1640/2125/1713 1628/2112/1703
f 1628/2112/1703 1640/2125/1713 1641/2126/1714 1629/2113/1704
f 1629/2113/1704 1641/2126/1714 1630/2114/1527 1618/2101/1694
f 1630/2114/1527 1642/2127/1540 1643/2128/1715 1631/2115/1705
f 1631/2115/1705 1643/2128/1715 1644/2129/1716 1632/2116/1706
f 1632/2116/1706 1644/2129/1716 1645/2130/1717 1633/2117/1707
f 1633/2117/1707 1645/2130/1717 1646/2131/1718 1634/2118/1708
f 1634/2118/1708 1646/2131/1718 1647/2132/1719 1635/2119/1709
f 1635/2119/1709 1647/2132/1719 1648/2133/1534 1636/2120/1521
f 1636/2121/1521 1648/2134/1534 1649/2135/1720 1637/2122/1710
f 1637/2122/1710 1649/2135/1720 1650/2136/1721 1638/2123/1711
f 1638/2123/1711 1650/2136/1721 1651/2137/1722 1639/2124/1712
f 1639/2124/1712 1651/2137/1722 1652/2138/1723 1640/2125/1713
f 1640/2125/1713 1652/2138/1723 1653/2139/1724 1641/2126/1714
f 1641/2126/1714 1653/2139/1724 1642/2127/1540 1630/2114/1527
f 1642/2127/1540 1654/2140/1552 1655/2141/1725 1643/2128/1715
f 1643/2128/1715 1655/2141/1725 1656/2142/1726 1644/2129/1716
f 1644/2129/1716 1656/2142/1726 1657/2143/1727 1645/2130/1717
f 1645/2130/1717 1657/2143/1727 1658/2144/1728 1646/2131/1718
f 1646/2131/1718 1658/2144/1728 1659/2145/1729 1647/2132/1719
f 1647/2132/1719 1659/2145/1729 1660/2146/1513 1648/2133/1534
f 1648/2134/1534 1660/2147/1513 1661/2148/1512 1649/2135/1720
f 1649/2135/1720 1661/2148/1512 1662/2149/1730 1650/2136/1721
f 1650/2136/1721 1662/2149/1730 1663/2150/1731 1651/2137/1722
f 1651/2137/1722 1663/2150/1731 1664/2151/1732 1652/2138/1723
f 1652/2138/1723 1664/2151/1732 1665/2152/1733 1653/2139/1724
f 1653/2139/1724 1665/2152/1733 1654/2140/1552 1642/2127/1540
f 1654/2140/1552 1666/2153/1564 1667/2154/1734 1655/2141/1725
f 1655/2141/1725 1667/2154/1734 1668/2155/1735 1656/2142/1726
f 1656/2142/1726 1668/2155/1735 1669/2156/1736 1657/2143/1727
f 1657/2143/1727 1669/2156/1736 1670/2157/1737 1658/2144/1728
f 1658/2144/1728 1670/2157/1737 1671/2158/1738 1659/2145/1729
f 1541/2159/1620 1540/2160/1619 1721/2161/1739 1723/2162/1740
f 1539/2163/1618 1551/2023/1629 1720/2026/1634
f 1661/2148/1512 1673/2164/1741 1674/2165/1742 1662/2149/1730
f 1662/2149/1730 1674/2165/1742 1675/2166/1743 1663/2150/1731
f 1663/2150/1731 1675/2166/1743 1676/2167/1744 1664/2151/1732
f 1664/2151/1732 1676/2167/1744 1677/2168/1745 1665/2152/1733
f 1665/2152/1733 1677/2168/1745 1666/2153/1564 1654/2140/1552
f 1666/2153/1564 1678/2169/1576 1679/2170/1746 1667/2154/1734
f 1667/2154/1734 1679/2170/1746 1680/2171/1747 1668/2155/1735
f 1668/2155/1735 1680/2171/1747 1681/2172/1748 1669/2156/1736
f 1669/2156/1736 1681/2172/1748 1682/2173/1749 1670/2157/1737
f 1670/2157/1737 1682/2173/1749 1683/2174/1750 1671/2158/1738
f 1553/2175/1635 1541/2159/1620 1723/2162/1740 1713/2176/1751
f 1673/2177/1741 1661/1885/1512 1722/1888/1515 1710/2178/1752
f 1673/2164/1741 1685/2179/1753 1686/2180/1754 1674/2165/1742
f 1674/2165/1742 1686/2180/1754 1687/2181/1755 1675/2166/1743
f 1675/2166/1743 1687/2181/1755 1688/2182/1756 1676/2167/1744
f 1676/2167/1744 1688/2182/1756 1689/2183/1757 1677/2168/1745
f 1677/2168/1745 1689/2183/1757 1678/2169/1576 1666/2153/1564
f 1678/2169/1576 1690/2184/1588 1691/2185/1758 1679/2170/1746
f 1679/2170/1746 1691/2185/1758 1692/2186/1759 1680/2171/1747
f 1680/2171/1747 1692/2186/1759 1693/2187/1760 1681/2172/1748
f 1681/2172/1748 1693/2187/1760 1694/2188/1761 1682/2173/1749
f 1682/2173/1749 1694/2188/1761 1695/2189/1762 1683/2174/1750
f 1683/2174/1750 1695/2189/1762 1696/2190/1582 1684/2191/1763
f 1684/2192/1763 1696/2193/1582 1697/2194/1764 1685/2179/1753
f 1685/2179/1753 1697/2194/1764 1698/2195/1765 1686/2180/1754
f 1686/2180/1754 1698/2195/1765 1699/2196/1766 1687/2181/1755
f 1687/2181/1755 1699/2196/1766 1700/2197/1767 1688/2182/1756
f 1688/2182/1756 1700/2197/1767 1701/2198/1768 1689/2183/1757
f 1689/2183/1757 1701/2198/1768 1690/2184/1588 1678/2169/1576
f 1690/2184/1588 1319/1755/1396 1320/1758/1399 1691/2185/1758
f 1691/2185/1758 1320/1758/1399 1321/1760/1401 1692/2186/1759
f 1692/2186/1759 1321/1760/1401 1322/1762/1403 1693/2187/1760
f 1693/2187/1760 1322/1762/1403 1323/1764/1405 1694/2188/1761
f 1694/2188/1761 1323/1764/1405 1324/1766/1407 1695/2189/1762
f 1695/2189/1762 1324/1766/1407 1325/1768/1409 1696/2190/1582
f 1696/2193/1582 1325/1769/1409 1326/1772/1411 1697/2194/1764
f 1697/2194/1764 1326/1772/1411 1327/1774/1413 1698/2195/1765
f 1698/2195/1765 1327/1774/1413 1328/1776/1415 1699/2196/1766
f 1699/2196/1766 1328/1776/1415 1329/1778/1417 1700/2197/1767
f 1700/2197/1767 1329/1778/1417 1330/1780/1419 1701/2198/1768
f 1701/2198/1768 1330/1780/1419 1319/1755/1396 1690/2184/1588
f 1672/2199/1769 1707/2200/1770 1734/2201/1771 1708/2202/1633
f 1710/2203/1752 1722/2204/1515 1744/2205/1772 1736/2206/1773
f 1711/2207/1774 1737/2208/1775 1750/2209/1776 1730/2210/1777
f 1718/2211/1778 1702/2212/1779 1731/2213/1780 1742/2214/1781
f 1720/2215/1634 1743/2216/1782 1747/2217/1783 1725/2218/1784
f 1715/2219/1630 1709/2220/1645 1735/2221/1785 1740/2222/1786
f 1730/2210/1777 1750/2209/1776 1735/2221/1785 1709/2220/1645
f 1703/2223/1498 1732/2224/1787 1746/2225/1788 1724/2226/1789
f 1563/2024/1632 1564/2227/1656 1714/2228/1790 1708/2025/1633
f 1685/2229/1753 1673/2177/1741 1710/2178/1752 1711/2230/1774
f 1421/2020/1500 1410/2040/1487 1709/2041/1645 1715/2021/1630
f 1565/2231/1646 1553/2175/1635 1713/2176/1751 1717/2232/1791
f 1432/2038/1528 1433/2019/1516 1712/2022/1631 1706/2039/1644
f 1683/2233/1750 1684/2234/1763 1716/2235/1792 1702/2236/1779
f 1540/2160/1619 1539/2237/1618 1720/2238/1634 1721/2161/1739
f 1659/2239/1729 1671/2240/1738 1718/2241/1778
f 1660/1886/1513 1659/2242/1729 1718/2243/1778 1719/1887/1514
f 1671/2240/1738 1683/2233/1750 1702/2236/1779 1718/2241/1778
f 1684/2234/1763 1685/2229/1753 1711/2230/1774 1716/2235/1792
f 1564/2227/1656 1565/2231/1646 1717/2232/1791 1714/2228/1790
f 1724/2244/1789 1727/2245/1793 1704/2246/1499 1703/2247/1498
f 1727/2245/1793 1730/2210/1777 1709/2220/1645 1704/2246/1499
f 1725/2248/1784 1726/2249/1794 1721/2250/1739 1720/2251/1634
f 1726/2249/1794 1729/2252/1795 1723/2253/1740 1721/2250/1739
f 1708/2254/1633 1714/2255/1790 1552/2256/1796 1672/2257/1769
f 1714/2255/1790 1717/2258/1791 1728/2259/1797 1552/2256/1796
f 1672/2257/1769 1552/2256/1796 1719/2260/1514 1718/2261/1778
f 1552/2256/1796 1728/2259/1797 1722/2204/1515 1719/2260/1514
f 1705/2262/1511 1706/2263/1644 1726/2249/1794 1725/2248/1784
f 1729/2252/1795 1726/2249/1794 1706/2263/1644 1712/2264/1631
f 1702/2265/1779 1716/2266/1792 1727/2245/1793 1724/2244/1789
f 1730/2210/1777 1727/2245/1793 1716/2266/1792 1711/2207/1774
f 1717/2258/1791 1713/2267/1751 1739/2268/1798 1741/2269/1799
f 1728/2259/1797 1748/2270/1800 1744/2205/1772 1722/2204/1515
f 1725/2218/1784 1747/2217/1783 1733/2271/1801 1705/2272/1511
f 1712/2264/1631 1738/2273/1802 1749/2274/1803 1729/2252/1795
f 1717/2258/1791 1741/2269/1799 1748/2270/1800 1728/2259/1797
f 1720/2215/1634 1708/2202/1633 1734/2201/1771 1743/2216/1782
f 1712/2264/1631 1715/2219/1630 1740/2222/1786 1738/2273/1802
f 1703/2223/1498 1705/2272/1511 1733/2271/1801 1732/2224/1787
f 1713/2267/1751 1723/2253/1740 1745/2275/1804 1739/2268/1798
f 1718/2211/1778 1742/2214/1781 1707/2200/1770 1672/2199/1769
f 1711/2207/1774 1710/2203/1752 1736/2206/1773 1737/2208/1775
f 1724/2226/1789 1746/2225/1788 1731/2213/1780 1702/2212/1779
f 1729/2252/1795 1749/2274/1803 1745/2275/1804 1723/2253/1740
f 1746/2276/1788 1759/2277/1805 1753/2278/1806 1731/2279/1780
f 1742/2280/1781 1757/2281/1807 1752/2282/1808 1707/2283/1770
f 1732/2284/1787 1754/2285/1809 1759/2277/1805 1746/2276/1788
f 1743/2286/1782 1734/2287/1771 1756/2288/1810 1758/2289/1811
f 1732/2284/1787 1733/2290/1801 1755/2291/1812 1754/2285/1809
f 1742/2280/1781 1731/2279/1780 1753/2278/1806 1757/2281/1807
f 1707/2283/1770 1752/2282/1808 1756/2288/1810 1734/2287/1771
f 1747/2292/1783 1760/2293/1813 1755/2291/1812 1733/2290/1801
f 1743/2294/1782 1758/2295/1811 1760/2293/1813 1747/2292/1783
f 1749/2274/1803 1751/2296/1814 1745/2275/1804
f 1738/2273/1802 1751/2296/1814 1749/2274/1803
f 1737/2208/1775 1736/2206/1773 1744/2205/1772 1751/2296/1814
f 1741/2269/1799 1751/2296/1814 1748/2270/1800
f 1739/2268/1798 1745/2275/1804 1751/2296/1814 1741/2269/1799
f 1737/2208/1775 1751/2296/1814 1750/2209/1776
f 1750/2209/1776 1751/2296/1814 1735/2221/1785
f 1748/2270/1800 1751/2296/1814 1744/2205/1772
f 1740/2222/1786 1735/2221/1785 1751/2296/1814 1738/2273/1802
f 1766/2297/1815 1775/2298/1816 1782/2299/1817 1776/2300/1818
f 1775/2298/1816 1764/2301/1819 1773/2302/1820 1782/2299/1817
f 1782/2299/1817 1773/2302/1820 1763/2303/1821 1771/2304/1822
f 1776/2300/1818 1782/2299/1817 1771/2304/1822 1765/2305/1823
f 1761/2306/1824 1772/2307/1825 1783/2308/1826 1770/2309/1827
f 1772/2307/1825 1766/2297/1815 1776/2300/1818 1783/2308/1826
f 1783/2308/1826 1776/2300/1818 1765/2305/1823 1774/2310/1828
f 1770/2309/1827 1783/2308/1826 1774/2310/1828 1762/2311/1829
f 1766/2297/1815 1781/2312/1830 1784/2313/1831 1775/2298/1816
f 1781/2312/1830 1769/2314/1832 1778/2315/1833 1784/2313/1831
f 1784/2313/1831 1778/2315/1833 1768/2316/1834 1779/2317/1835
f 1775/2298/1816 1784/2313/1831 1779/2317/1835 1764/2301/1819
f 1761/2306/1824 1777/2318/1836 1785/2319/1837 1772/2307/1825
f 1777/2318/1836 1767/2320/1838 1780/2321/1839 1785/2319/1837
f 1785/2319/1837 1780/2321/1839 1769/2314/1832 1781/2312/1830
f 1772/2307/1825 1785/2319/1837 1781/2312/1830 1766/2297/1815
f 1777/2318/1836 1798/2322/1840 1791/2323/1841 1767/2320/1838
f 1764/2301/1819 1789/2324/1842 1796/2325/1843 1773/2302/1820
f 1762/2311/1829 1787/2326/1844 1794/2327/1845 1770/2309/1827
f 1761/2306/1824 1786/2328/1846 1798/2322/1840 1777/2318/1836
f 1774/2310/1828 1797/2329/1847 1787/2330/1844 1762/2311/1829
f 1770/2309/1827 1794/2327/1845 1786/2328/1846 1761/2306/1824
f 1769/2314/1832 1793/2331/1848 1799/2332/1849 1778/2315/1833
f 1765/2305/1823 1790/2333/1850 1797/2329/1847 1774/2310/1828
f 1771/2304/1822 1795/2334/1851 1790/2333/1850 1765/2305/1823
f 1778/2315/1833 1799/2332/1849 1792/2335/1852 1768/2316/1834
f 1763/2303/1821 1788/2336/1853 1795/2334/1851 1771/2304/1822
f 1768/2316/1834 1792/2337/1852 1800/2338/1854 1779/2317/1835
f 1779/2317/1835 1800/2338/1854 1789/2324/1842 1764/2301/1819
f 1767/2320/1838 1791/2339/1841 1801/2340/1855 1780/2321/1839
f 1773/2302/1820 1796/2325/1843 1788/2341/1853 1763/2303/1821
f 1780/2321/1839 1801/2340/1855 1793/2331/1848 1769/2314/1832
f 846/1244/1021 730/1246/1023 1804/2342/1856 57/330/304
f 805/975/781 960/1274/1047 1807/2343/1857 1803/1240/338
f 960/1274/1047 883/1239/1018 1806/1276/1049 1807/2343/1857
f 730/1246/1023 862/1272/1045 1805/1273/1046 1804/2342/1856
f 12/50/45 201/373/340 1811/2344/1046 1808/370/337
f 302/369/336 139/51/46 1809/371/338 1813/2345/1857
f 224/327/301 302/369/336 1813/2345/1857 1812/366/334
f 201/373/340 51/328/302 1810/331/305 1811/2344/1046
f 1824/159/151 1826/133/125 1828/2346/1858 1825/2347/1859
f 1825/2347/1859 1828/2346/1858 1827/149/141 1823/419/384
f 1826/133/125 1817/81/73 1819/2348/1860 1828/2346/1858
f 1828/2346/1858 1819/2348/1860 1818/150/142 1827/149/141
f 1821/96/88 1829/99/91 1831/2349/1861 1822/2350/1862
f 1822/2350/1862 1831/2349/1861 1830/442/404 1820/441/149
f 1829/99/91 1814/433/398 1816/2351/1863 1831/2349/1861
f 1831/2349/1861 1816/2351/1863 1815/146/138 1830/442/404
f 1814/433/398 1832/393/358 1834/2352/1864 1816/2351/1863
f 1816/2351/1863 1834/2352/1864 1833/80/72 1815/146/138
f 1832/393/358 1818/150/142 1819/2348/1860 1834/2352/1864
f 1834/2352/1864 1819/2348/1860 1817/81/73 1833/80/72
f 1820/157/149 1835/156/148 1837/2353/1865 1822/2354/1862
f 1822/2354/1862 1837/2353/1865 1836/418/383 1821/448/88
f 1835/156/148 1824/159/151 1825/2347/1859 1837/2353/1865
f 1837/2353/1865 1825/2347/1859 1823/419/384 1836/418/383
f 1848/1036/838 1850/1035/837 1852/2355/1866 1849/2356/1862
f 1849/2356/1862 1852/2355/1866 1851/1021/823 1847/1020/822
f 1850/1035/837 1841/1296/1067 1843/2357/1867 1852/2355/1866
f 1852/2355/1866 1843/2357/1867 1842/1006/808 1851/1021/823
f 1845/1071/872 1853/110/102 1855/2358/1868 1846/2359/1859
f 1846/2359/1859 1855/2358/1868 1854/1055/856 1844/1345/1082
f 1853/110/102 1838/113/105 1840/2360/1869 1855/2358/1868
f 1855/2358/1868 1840/2360/1869 1839/1056/857 1854/1055/856
f 1838/113/105 1856/1003/72 1858/2361/1864 1840/2360/1869
f 1840/2360/1869 1858/2361/1864 1857/1341/358 1839/1056/857
f 1856/1003/72 1842/1006/808 1843/2357/1867 1858/2361/1864
f 1858/2361/1864 1843/2357/1867 1841/1296/1067 1857/1341/358
f 1844/1312/1082 1859/1311/383 1861/2362/1865 1846/2363/1859
f 1846/2363/1859 1861/2362/1865 1860/1077/148 1845/1076/872
f 1859/1311/383 1848/1036/838 1849/2356/1862 1861/2362/1865
f 1861/2362/1865 1849/2356/1862 1847/1020/822 1860/1077/148
f 1830/442/404 1815/146/138 648/147/139 678/443/405
f 1866/748/635 1895/747/634 1897/2364/1870 1867/2365/1871
f 1867/2365/1871 1897/2364/1870 1896/745/632 1865/607/545
f 1895/747/634 1871/789/672 1873/2366/1872 1897/2364/1870
f 1897/2364/1870 1873/2366/1872 1872/801/542 1896/745/632
f 1875/751/638 1898/913/738 1900/2367/1873 1876/2368/1874
f 1876/2368/1874 1900/2367/1873 1899/623/559 1874/622/558
f 1898/913/738 1862/914/739 1864/2369/1875 1900/2367/1873
f 1900/2367/1873 1864/2369/1875 1863/754/641 1899/623/559
f 1862/914/739 1901/786/669 1903/2370/1876 1864/2369/1875
f 1864/2369/1875 1903/2370/1876 1902/606/544 1863/754/641
f 1901/786/669 1866/748/635 1867/2365/1871 1903/2370/1876
f 1903/2370/1876 1867/2365/1871 1865/607/545 1902/606/544
f 1871/798/672 1904/729/624 1906/2371/1877 1873/2372/1872
f 1873/2372/1872 1906/2371/1877 1905/605/543 1872/604/542
f 1904/729/624 1868/728/623 1870/2373/1878 1906/2371/1877
f 1906/2371/1877 1870/2373/1878 1869/618/554 1905/605/543
f 1884/690/604 1916/695/607 1918/2374/1864 1885/2375/1879
f 1885/2375/1879 1918/2374/1864 1917/863/716 1883/862/715
f 1916/695/607 1880/694/607 1882/2376/1864 1918/2374/1864
f 1918/2374/1864 1882/2376/1864 1881/1571/716 1917/863/716
f 1887/712/555 1919/619/555 1921/2377/1880 1888/2378/1865
f 1888/2378/1865 1921/2377/1880 1920/896/724 1886/899/724
f 1919/619/555 1869/618/554 1870/2373/1878 1921/2377/1880
f 1921/2377/1880 1870/2373/1878 1868/728/623 1920/896/724
f 1874/622/558 1922/691/605 1924/2379/1881 1876/2368/1874
f 1876/2368/1874 1924/2379/1881 1923/752/639 1875/751/638
f 1922/691/605 1884/690/604 1885/2375/1879 1924/2379/1881
f 1924/2379/1881 1885/2375/1879 1883/862/715 1923/752/639
f 1878/740/555 1925/734/555 1927/2380/1865 1879/2381/1865
f 1879/2381/1865 1927/2380/1865 1926/904/724 1877/882/724
f 1925/734/555 1887/712/555 1888/2378/1865 1927/2380/1865
f 1927/2380/1865 1888/2378/1865 1886/899/724 1926/904/724
f 1935/788/671 1967/746/633 1969/2382/1882 1936/2383/1883
f 1936/2383/1883 1969/2382/1882 1968/628/562 1934/627/550
f 1932/733/628 1968/628/562 1969/2382/1882 1933/2384/1884
f 1933/2384/1884 1969/2382/1882 1967/746/633 1931/749/636
f 1893/727/622 1970/730/625 1972/2385/1885 1894/2386/1886
f 1894/2386/1886 1972/2385/1885 1971/611/549 1892/731/626
f 1934/612/550 1971/611/549 1972/2385/1885 1936/2387/1883
f 1936/2387/1883 1972/2385/1885 1970/730/625 1935/799/671
f 1938/861/714 1973/864/717 1975/2388/1887 1939/2389/1888
f 1939/2389/1888 1975/2388/1887 1974/714/553 1937/600/538
f 1908/616/553 1974/714/553 1975/2388/1887 1909/2390/1889
f 1909/2390/1889 1975/2388/1887 1973/864/717 1907/1572/717
f 1911/750/637 1976/753/640 1978/2391/1890 1912/2392/1891
f 1912/2392/1891 1978/2391/1890 1977/599/537 1910/696/608
f 1937/600/538 1977/599/537 1978/2391/1890 1939/2389/1888
f 1939/2389/1888 1978/2391/1890 1976/753/640 1938/861/714
f 1892/731/626 1979/737/614 1981/2393/1892 1894/2386/1886
f 1894/2386/1886 1981/2393/1892 1980/897/725 1893/727/622
f 1929/898/725 1980/897/725 1981/2393/1892 1930/2394/1892
f 1930/2394/1892 1981/2393/1892 1979/737/614 1928/738/614
f 1928/738/614 1982/739/614 1984/2395/1892 1930/2394/1892
f 1930/2394/1892 1984/2395/1892 1983/903/725 1929/898/725
f 1914/883/725 1983/903/725 1984/2395/1892 1915/2396/1893
f 1915/2396/1893 1984/2395/1892 1982/739/614 1913/710/614
f 1890/736/629 1985/732/627 1987/2397/1894 1891/2398/1895
f 1891/2398/1895 1987/2397/1894 1986/787/670 1889/915/740
f 1931/749/636 1986/787/670 1987/2397/1894 1933/2384/1884
f 1933/2384/1884 1987/2397/1894 1985/732/627 1932/733/628
f 1910/696/608 1988/697/609 1990/2399/1896 1912/2392/1891
f 1912/2392/1891 1990/2399/1896 1989/912/737 1911/750/637
f 1889/915/740 1989/912/737 1990/2399/1896 1891/2398/1895
f 1891/2398/1895 1990/2399/1896 1988/697/609 1890/736/629
f 1959/608/546 1991/744/631 1993/2400/1897 1960/2401/1898
f 1960/2401/1898 1993/2400/1897 1992/796/676 1958/901/734
f 1962/797/667 1992/796/676 1993/2400/1897 1963/2402/1899
f 1963/2402/1899 1993/2400/1897 1991/744/631 1961/800/541
f 1961/603/541 1994/602/540 1996/2403/1900 1963/2404/1899
f 1963/2404/1899 1996/2403/1900 1995/785/668 1962/784/667
f 1944/902/735 1995/785/668 1996/2403/1900 1945/2405/1901
f 1945/2405/1901 1996/2403/1900 1994/602/540 1943/621/557
f 1947/693/606 1997/692/606 1999/2406/1902 1948/2407/1903
f 1948/2407/1903 1999/2406/1902 1998/880/674 1946/792/674
f 1965/780/663 1998/880/674 1999/2406/1902 1966/2408/1904
f 1966/2408/1904 1999/2406/1902 1997/692/606 1964/689/603
f 1964/689/603 2000/688/602 2002/2409/1905 1966/2408/1904
f 1966/2408/1904 2002/2409/1905 2001/781/664 1965/780/663
f 1950/858/713 2001/781/664 2002/2409/1905 1951/2410/1906
f 1951/2410/1906 2002/2409/1905 2000/688/602 1949/625/561
f 1956/907/723 2003/909/722 2005/2411/1907 1957/2412/1907
f 1957/2412/1907 2005/2411/1907 2004/620/556 1955/713/556
f 1943/621/557 2004/620/556 2005/2411/1907 1945/2405/1901
f 1945/2405/1901 2005/2411/1907 2003/909/722 1944/902/735
f 1953/878/723 2006/908/723 2008/2413/1907 1954/2414/1908
f 1954/2414/1908 2008/2413/1907 2007/735/556 1952/741/556
f 1955/713/556 2007/735/556 2008/2413/1907 1957/2412/1907
f 1957/2412/1907 2008/2413/1907 2006/908/723 1956/907/723
f 1958/901/734 2009/900/733 2011/2415/1909 1960/2401/1898
f 1960/2401/1898 2011/2415/1909 2010/609/547 1959/608/546
f 1941/755/642 2010/609/547 2011/2415/1909 1942/2416/1910
f 1942/2416/1910 2011/2415/1909 2009/900/733 1940/685/599
f 1940/685/599 2012/684/598 2014/2417/1911 1942/2416/1910
f 1942/2416/1910 2014/2417/1911 2013/624/560 1941/755/642
f 1949/625/561 2013/624/560 2014/2417/1911 1951/2410/1906
f 1951/2410/1906 2014/2417/1911 2012/684/598 1950/858/713
f 2019/1499/1242 2042/1664/1352 2044/2418/1912 2020/2419/1913
f 2020/2419/1913 2044/2418/1912 2043/1512/1255 2018/1651/1345
f 2042/1664/1352 2024/1663/1237 2026/2420/1914 2044/2418/1912
f 2044/2418/1912 2026/2420/1914 2025/1513/1256 2043/1512/1255
f 2028/1583/1297 2045/1621/1319 2047/2421/1915 2029/2422/1916
f 2029/2422/1916 2047/2421/1915 2046/854/709 2027/1619/1317
f 2045/1621/1319 2015/1612/1310 2017/2423/1917 2047/2421/1915
f 2047/2421/1915 2017/2423/1917 2016/855/710 2046/854/709
f 2015/1612/1310 2048/1496/1239 2050/2424/1918 2017/2423/1917
f 2017/2423/1917 2050/2424/1918 2049/1735/1391 2016/855/710
f 2048/1496/1239 2019/1499/1242 2020/2419/1913 2050/2424/1918
f 2050/2424/1918 2020/2419/1913 2018/1651/1345 2049/1735/1391
f 2024/1494/1237 2051/1493/1236 2053/2425/1919 2026/2426/1914
f 2026/2426/1914 2053/2425/1919 2052/1655/1347 2025/1654/1256
f 2051/1493/1236 2021/1509/1252 2023/2427/1920 2053/2425/1919
f 2053/2425/1919 2023/2427/1920 2022/1614/1312 2052/1655/1347
f 2031/1587/1299 2057/1586/716 2059/2428/1864 2032/2429/1921
f 2032/2429/1921 2059/2428/1864 2058/860/607 2030/1569/1291
f 2057/1586/716 1881/1571/716 1882/2376/1864 2059/2428/1864
f 2059/2428/1864 1882/2376/1864 1880/694/607 2058/860/607
f 2034/1607/724 2060/1606/724 2062/2430/1922 2035/2431/1865
f 2035/2431/1865 2062/2430/1922 2061/1600/555 2033/1604/555
f 2060/1606/724 2022/1614/1312 2023/2427/1920 2062/2430/1922
f 2062/2430/1922 2023/2427/1920 2021/1509/1252 2061/1600/555
f 2027/1619/1317 2063/1618/1316 2065/2432/1923 2029/2422/1916
f 2029/2422/1916 2065/2432/1923 2064/1568/1290 2028/1583/1297
f 2063/1618/1316 2031/1587/1299 2032/2429/1921 2065/2432/1923
f 2065/2432/1923 2032/2429/1921 2030/1569/1291 2064/1568/1290
f 1877/882/724 2066/881/724 2068/2433/1865 1879/2381/1865
f 1879/2381/1865 2068/2433/1865 2067/905/555 1878/740/555
f 2066/881/724 2034/1607/724 2035/2431/1865 2068/2433/1865
f 2068/2433/1865 2035/2431/1865 2033/1604/555 2067/905/555
f 2076/1517/1245 2102/1516/1258 2104/2434/1924 2077/2435/1925
f 2077/2435/1925 2104/2434/1924 2103/1511/1254 2075/1510/1253
f 2073/1650/1344 2103/1511/1254 2104/2434/1924 2074/2436/1926
f 2074/2436/1926 2104/2434/1924 2102/1516/1258 2072/1603/1309
f 2040/1601/1307 2105/1503/1246 2107/2437/1927 2041/2438/1928
f 2041/2438/1928 2107/2437/1927 2106/1652/1346 2039/1615/1313
f 2075/1653/1253 2106/1652/1346 2107/2437/1927 2077/2439/1925
f 2077/2439/1925 2107/2437/1927 2105/1503/1246 2076/1502/1245
f 2079/1490/1233 2108/617/553 2110/2440/1887 2080/2441/1929
f 2080/2441/1929 2110/2440/1887 2109/1585/717 2078/1584/1298
f 1907/1572/717 2109/1585/717 2110/2440/1887 1909/2390/1889
f 1909/2390/1889 2110/2440/1887 2108/617/553 1908/616/553
f 2055/1504/1247 2111/1491/1234 2113/2442/1930 2056/2443/1931
f 2056/2443/1931 2113/2442/1930 2112/1617/1315 2054/1616/1314
f 2078/1584/1298 2112/1617/1315 2113/2442/1930 2080/2441/1929
f 2080/2441/1929 2113/2442/1930 2111/1491/1234 2079/1490/1233
f 2039/1615/1313 2114/1609/725 2116/2444/1892 2041/2438/1928
f 2041/2438/1928 2116/2444/1892 2115/1610/614 2040/1601/1307
f 2070/1581/1295 2115/1610/614 2116/2444/1892 2071/2445/1893
f 2071/2445/1893 2116/2444/1892 2114/1609/725 2069/1608/725
f 2069/1608/725 2117/884/725 2119/2446/1893 2071/2445/1893
f 2071/2445/1893 2119/2446/1893 2118/709/614 2070/1581/1295
f 1913/710/614 2118/709/614 2119/2446/1893 1915/2396/1893
f 1915/2396/1893 2119/2446/1893 2117/884/725 1914/883/725
f 2037/856/711 2120/1736/1392 2122/2447/1932 2038/2448/1933
f 2038/2448/1933 2122/2447/1932 2121/1602/1308 2036/1620/1318
f 2072/1603/1309 2121/1602/1308 2122/2447/1932 2074/2436/1926
f 2074/2436/1926 2122/2447/1932 2120/1736/1392 2073/1650/1344
f 2054/1616/1314 2123/857/712 2125/2449/1934 2056/2443/1931
f 2056/2443/1931 2125/2449/1934 2124/1505/1248 2055/1504/1247
f 2036/1620/1318 2124/1505/1248 2125/2449/1934 2038/2448/1933
f 2038/2448/1933 2125/2449/1934 2123/857/712 2037/856/711
f 2094/1731/1389 2126/1660/1350 2128/2450/1935 2095/2451/1936
f 2095/2451/1936 2128/2450/1935 2127/1665/1353 2093/1498/1241
f 2097/1662/1238 2127/1665/1353 2128/2450/1935 2098/2452/1937
f 2098/2452/1937 2128/2450/1935 2126/1660/1350 2096/1659/1342
f 2096/1648/1342 2129/1647/1341 2131/2453/1938 2098/2454/1937
f 2098/2454/1937 2131/2453/1938 2130/1492/1235 2097/1495/1238
f 2085/1508/1251 2130/1492/1235 2131/2453/1938 2086/2455/1939
f 2086/2455/1939 2131/2453/1938 2129/1647/1341 2084/1732/1390
f 1946/792/674 2132/791/674 2134/2456/1902 1948/2407/1903
f 1948/2407/1903 2134/2456/1902 2133/859/606 1947/693/606
f 2100/1570/1292 2133/859/606 2134/2456/1902 2101/2457/1940
f 2101/2457/1940 2134/2456/1902 2132/791/674 2099/1644/1338
f 2099/1644/1338 2135/1643/1337 2137/2458/1941 2101/2457/1940
f 2101/2457/1940 2137/2458/1941 2136/1567/1289 2100/1570/1292
f 2088/1582/1296 2136/1567/1289 2137/2458/1941 2089/2459/1942
f 2089/2459/1942 2137/2458/1941 2135/1643/1337 2087/1656/1348
f 2091/1605/556 2138/1599/556 2140/2460/1907 2092/2461/1908
f 2092/2461/1908 2140/2460/1907 2139/1733/722 2090/1718/722
f 2084/1732/1390 2139/1733/722 2140/2460/1907 2086/2455/1939
f 2086/2455/1939 2140/2460/1907 2138/1599/556 2085/1508/1251
f 1952/741/556 2141/906/556 2143/2462/1908 1954/2414/1908
f 1954/2414/1908 2143/2462/1908 2142/876/722 1953/878/723
f 2090/1718/722 2142/876/722 2143/2462/1908 2092/2461/1908
f 2092/2461/1908 2143/2462/1908 2141/906/556 2091/1605/556
f 2093/1498/1241 2144/1497/1240 2146/2463/1943 2095/2451/1936
f 2095/2451/1936 2146/2463/1943 2145/1730/1388 2094/1731/1389
f 2082/1566/1288 2145/1730/1388 2146/2463/1943 2083/2464/1944
f 2083/2464/1944 2146/2463/1943 2144/1497/1240 2081/1613/1311
f 2081/1613/1311 2147/1622/1320 2149/2465/1945 2083/2464/1944
f 2083/2464/1944 2149/2465/1945 2148/1563/1285 2082/1566/1288
f 2087/1656/1348 2148/1563/1285 2149/2465/1945 2089/2459/1942
f 2089/2459/1942 2149/2465/1945 2147/1622/1320 2088/1582/1296
f 1898/913/738 1989/912/737 1889/915/740 1862/914/739
o Torus.004_Torus.009
v 1.437753 0.555029 0.000000
v 1.379602 0.830057 0.000000
v 1.220379 1.032178 0.000000
v 1.002025 1.107256 0.000000
v 0.782658 1.034389 -0.000000
v 0.621410 0.832268 0.000000
v 0.562247 0.555029 0.000000
v 0.621410 0.277789 0.000000
v 0.782658 0.075668 0.000000
v 1.002025 0.002801 -0.000000
v 1.220379 0.077879 0.000000
v 1.379602 0.280000 0.000000
v 1.425453 0.555029 -0.203939
v 1.367800 0.830057 -0.195690
v 1.209939 1.032178 -0.173105
v 0.993452 1.107256 -0.142133
v 0.775962 1.034389 -0.111016
v 0.616093 0.832268 -0.088144
v 0.557436 0.555029 -0.079752
v 0.616093 0.277789 -0.088144
v 0.775962 0.075668 -0.111016
v 0.993452 0.002801 -0.142133
v 1.209939 0.077879 -0.173105
v 1.367800 0.280000 -0.195690
v 1.388763 0.555029 -0.404388
v 1.332594 0.830057 -0.388032
v 1.178796 1.032178 -0.343249
v 0.967881 1.107256 -0.281833
v 0.755989 1.034389 -0.220133
v 0.600236 0.832268 -0.174780
v 0.543088 0.555029 -0.158140
v 0.600236 0.277789 -0.174780
v 0.755989 0.075668 -0.220133
v 0.967881 0.002801 -0.281833
v 1.178796 0.077879 -0.343249
v 1.332594 0.280000 -0.388032
v 1.328311 0.555029 -0.597918
v 1.274587 0.830057 -0.573735
v 1.127483 1.032178 -0.507519
v 0.925750 1.107256 -0.416712
v 0.723081 1.034389 -0.325484
v 0.574108 0.832268 -0.258426
v 0.519448 0.555029 -0.233821
v 0.574108 0.277789 -0.258426
v 0.723081 0.075668 -0.325484
v 0.925750 0.002801 -0.416712
v 1.127483 0.077879 -0.507519
v 1.274587 0.280000 -0.573735
v 1.245131 0.555029 -0.781218
v 1.194771 0.830057 -0.749621
v 1.056879 1.032178 -0.663106
v 0.867779 1.107256 -0.544461
v 0.677801 1.034389 -0.425265
v 0.538157 0.832268 -0.337649
v 0.486920 0.555029 -0.305503
v 0.538157 0.277789 -0.337649
v 0.677801 0.075668 -0.425265
v 0.867779 0.002801 -0.544461
v 1.056879 0.077879 -0.663106
v 1.194771 0.280000 -0.749621
v 1.140647 0.555029 -0.951151
v 1.094512 0.830057 -0.912681
v 0.968192 1.032178 -0.807346
v 0.794960 1.107256 -0.662893
v 0.620924 1.034389 -0.517770
v 0.492998 0.832268 -0.411096
v 0.446060 0.555029 -0.371956
v 0.492998 0.277789 -0.411096
v 0.620924 0.075668 -0.517770
v 0.794960 0.002801 -0.662893
v 0.968192 0.077879 -0.807346
v 1.094512 0.280000 -0.912681
v 1.016645 0.555029 -1.104810
v 0.975526 0.830057 -1.060125
v 0.862938 1.032178 -0.937773
v 0.708538 1.107256 -0.769983
v 0.553423 1.034389 -0.601416
v 0.439403 0.832268 -0.477508
v 0.397568 0.555029 -0.432046
v 0.439403 0.277789 -0.477508
v 0.553423 0.075668 -0.601416
v 0.708538 0.002801 -0.769983
v 0.862938 0.077879 -0.937773
v 0.975526 0.280000 -1.060125
v 0.875249 0.555029 -1.239564
v 0.839849 0.830057 -1.189429
v 0.742920 1.032178 -1.052154
v 0.609994 1.107256 -0.863899
v 0.476452 1.034389 -0.674771
v 0.378290 0.832268 -0.535750
v 0.342274 0.555029 -0.484743
v 0.378290 0.277789 -0.535750
v 0.476452 0.075668 -0.674771
v 0.609994 0.002801 -0.863899
v 0.742920 0.077879 -1.052154
v 0.839849 0.280000 -1.189429
v 0.718877 0.555029 -1.353110
v 0.689801 0.830057 -1.298382
v 0.610189 1.032178 -1.148533
v 0.501012 1.107256 -0.943033
v 0.391329 1.034389 -0.736581
v 0.310705 0.832268 -0.584826
v 0.281123 0.555029 -0.529146
v 0.310705 0.277789 -0.584826
v 0.391329 0.075668 -0.736581
v 0.501012 0.002801 -0.943033
v 0.610189 0.077879 -1.148533
v 0.689801 0.280000 -1.298382
v 0.550205 0.555029 -1.443503
v 0.527951 0.830057 -1.385119
v 0.467019 1.032178 -1.225259
v 0.383458 1.107256 -1.006032
v 0.299510 1.034389 -0.785787
v 0.237803 0.832268 -0.623895
v 0.215163 0.555029 -0.564495
v 0.237803 0.277789 -0.623895
v 0.299510 0.075668 -0.785787
v 0.383458 0.002801 -1.006032
v 0.467019 0.077879 -1.225259
v 0.527951 0.280000 -1.385119
v 0.372118 0.555029 -1.509198
v 0.360665 0.798941 -1.431850
v 0.316482 1.028803 -1.292583
v 0.259343 1.107256 -1.051817
v 0.202567 1.034389 -0.821549
v 0.160833 0.832268 -0.652289
v 0.145520 0.555029 -0.590185
v 0.160833 0.277789 -0.652289
v 0.202567 0.075668 -0.821549
v 0.259343 0.002801 -1.051817
v 0.315857 0.077879 -1.281022
v 0.357067 0.280000 -1.448157
v 0.184876 0.555028 -1.533876
v 0.132324 1.076889 -1.178081
v 0.130790 1.107256 -1.079605
v 0.102157 1.034389 -0.843254
v 0.081110 0.832268 -0.669522
v 0.073388 0.555029 -0.605778
v 0.081110 0.277789 -0.669522
v 0.102157 0.075668 -0.843254
v 0.130790 0.002801 -1.079605
v 0.159291 0.077879 -1.314865
v 0.180074 0.280000 -1.486416
v 0.000000 0.555028 -1.547243
v 0.000000 1.086338 -1.166097
v 0.000000 1.107256 -1.088921
v 0.000000 1.034389 -0.850530
v 0.000000 0.832268 -0.675299
v 0.000000 0.555029 -0.611005
v 0.000000 0.277789 -0.675299
v 0.000000 0.075668 -0.850530
v 0.000000 0.002801 -1.088921
v 0.000000 0.077879 -1.326211
v 0.000000 0.280000 -1.499243
v 0.000000 0.555029 1.562436
v 0.000000 0.746744 1.530824
v 0.000000 0.880412 0.712536
v 0.000000 0.832268 0.675299
v 0.000000 0.555029 0.611005
v 0.000000 0.277789 0.675299
v 0.000000 0.075668 0.850530
v 0.000000 0.002801 1.088921
v 0.000000 0.077879 1.326211
v 0.000000 0.280000 1.499243
v 0.187664 0.555029 1.549070
v 0.184554 0.783707 1.507583
v 0.110593 0.908482 0.727497
v 0.081002 0.832827 0.669239
v 0.073388 0.555029 0.605778
v 0.081110 0.277789 0.669522
v 0.102157 0.075668 0.843254
v 0.130790 0.002801 1.079605
v 0.159291 0.077879 1.314865
v 0.180074 0.280000 1.486416
v 0.372117 0.555029 1.509198
v 0.369498 0.854895 1.441449
v 0.395832 1.032178 1.251520
v 0.228266 0.960397 0.763929
v 0.160822 0.832322 0.652261
v 0.145520 0.555029 0.590186
v 0.160832 0.277789 0.652289
v 0.202566 0.075668 0.821549
v 0.259343 0.002801 1.051817
v 0.315857 0.077879 1.281022
v 0.357067 0.280000 1.448157
v 0.550205 0.555029 1.443503
v 0.527951 0.830057 1.385119
v 0.467019 1.032178 1.225259
v 0.389052 1.110648 0.999470
v 0.282930 1.029811 0.808000
v 0.237803 0.832268 0.623895
v 0.215163 0.555029 0.564495
v 0.237803 0.277789 0.623895
v 0.299510 0.075668 0.785787
v 0.383458 0.002801 1.006032
v 0.467019 0.077879 1.225259
v 0.527951 0.280000 1.385119
v 0.718877 0.555029 1.353110
v 0.689801 0.830057 1.298382
v 0.610189 1.032178 1.148533
v 0.503378 1.108691 0.940259
v 0.393524 1.035721 0.734005
v 0.310705 0.832268 0.584826
v 0.281123 0.555029 0.529146
v 0.310705 0.277789 0.584826
v 0.391329 0.075668 0.736581
v 0.501012 0.002801 0.943033
v 0.610189 0.077879 1.148533
v 0.689801 0.280000 1.298382
v 0.875249 0.555029 1.239565
v 0.839848 0.830057 1.189429
v 0.742919 1.032178 1.052154
v 0.609994 1.107256 0.863899
v 0.476452 1.034389 0.674771
v 0.378290 0.832268 0.535751
v 0.342274 0.555029 0.484743
v 0.378290 0.277789 0.535751
v 0.476452 0.075668 0.674771
v 0.609994 0.002801 0.863899
v 0.742919 0.077879 1.052154
v 0.839848 0.280000 1.189429
v 1.016645 0.555029 1.104810
v 0.975526 0.830057 1.060125
v 0.862938 1.032178 0.937773
v 0.708538 1.107256 0.769984
v 0.553422 1.034389 0.601416
v 0.439403 0.832268 0.477509
v 0.397568 0.555029 0.432046
v 0.439403 0.277789 0.477509
v 0.553422 0.075668 0.601416
v 0.708538 0.002801 0.769984
v 0.862938 0.077879 0.937773
v 0.975526 0.280000 1.060125
v 1.140647 0.555029 0.951151
v 1.094512 0.830057 0.912681
v 0.968192 1.032178 0.807346
v 0.794960 1.107256 0.662893
v 0.620924 1.034389 0.517770
v 0.492998 0.832268 0.411096
v 0.446060 0.555029 0.371956
v 0.492998 0.277789 0.411096
v 0.620924 0.075668 0.517770
v 0.794960 0.002801 0.662893
v 0.968192 0.077879 0.807346
v 1.094512 0.280000 0.912681
v 1.245131 0.555029 0.781218
v 1.194771 0.830057 0.749621
v 1.056879 1.032178 0.663106
v 0.867779 1.107256 0.544461
v 0.677801 1.034389 0.425265
v 0.538157 0.832268 0.337649
v 0.486920 0.555029 0.305503
v 0.538157 0.277789 0.337649
v 0.677801 0.075668 0.425265
v 0.867779 0.002801 0.544461
v 1.056879 0.077879 0.663106
v 1.194771 0.280000 0.749621
v 1.328311 0.555029 0.597919
v 1.274586 0.830057 0.573736
v 1.127483 1.032178 0.507519
v 0.925750 1.107256 0.416712
v 0.723081 1.034389 0.325484
v 0.574108 0.832268 0.258426
v 0.519448 0.555029 0.233822
v 0.574108 0.277789 0.258426
v 0.723081 0.075668 0.325484
v 0.925750 0.002801 0.416712
v 1.127483 0.077879 0.507519
v 1.274586 0.280000 0.573736
v 1.388763 0.555029 0.404388
v 1.332594 0.830057 0.388032
v 1.178796 1.032178 0.343248
v 0.967881 1.107256 0.281833
v 0.755989 1.034389 0.220133
v 0.600236 0.832268 0.174780
v 0.543088 0.555029 0.158140
v 0.600236 0.277789 0.174780
v 0.755989 0.075668 0.220133
v 0.967881 0.002801 0.281833
v 1.178796 0.077879 0.343248
v 1.332594 0.280000 0.388032
v 1.425453 0.555029 0.203939
v 1.367800 0.830057 0.195690
v 1.209939 1.032178 0.173105
v 0.993452 1.107256 0.142133
v 0.775962 1.034389 0.111016
v 0.616093 0.832268 0.088144
v 0.557436 0.555029 0.079752
v 0.616093 0.277789 0.088144
v 0.775962 0.075668 0.111016
v 0.993452 0.002801 0.142133
v 1.209939 0.077879 0.173105
v 1.367800 0.280000 0.195690
v 0.236781 2.268685 1.626639
v 0.374555 2.988274 1.320668
v 0.189832 2.587154 2.399302
v 0.200715 2.232682 2.447950
v 0.000000 2.125674 1.695386
v 0.000000 2.647301 2.523849
v 0.000000 2.155933 2.573042
v 0.212074 2.719732 1.656706
v 0.233758 2.260389 1.789550
v 0.000000 2.109116 1.842982
v 0.000000 2.877115 1.705325
v 0.106404 2.885169 1.588966
v 0.000000 2.934963 1.480044
v 0.213507 2.822455 1.444390
v 0.249012 2.657797 1.423042
v 0.213169 2.720050 1.284415
v 0.167150 2.852158 1.315097
v 0.382753 2.951327 1.307168
v 0.372243 2.955670 1.271974
v 0.354169 2.991715 1.282768
v 0.000000 3.296034 1.650386
v 0.000000 3.286323 1.699332
v 0.031558 3.254128 1.669281
v 0.000000 1.596262 0.848830
v 0.000000 2.946458 1.399368
v 0.126709 2.885969 1.282491
v 0.091415 2.914743 1.387210
v 0.167482 1.868186 0.958363
v 0.298162 1.461951 1.488455
v 0.296872 1.715760 1.115677
v 0.000000 1.379403 1.603588
v 0.152187 2.771402 1.221863
v 0.188232 2.462538 1.124681
v 0.257978 2.369628 1.254562
v 0.254433 2.051817 1.549011
v 0.000000 1.923271 1.634650
v 0.205063 2.684045 1.937961
v 0.000000 2.051038 2.142431
v 0.232643 2.201301 2.075968
v 0.000000 2.829655 1.936449
v 0.000000 3.038467 1.542337
v 0.072356 3.008358 1.625568
v 0.000000 2.997906 1.693348
v 0.114080 2.959484 1.247344
v 0.000000 3.028094 1.211233
v 0.000000 2.511252 0.937213
v 0.000000 1.905549 0.804131
v 0.000000 3.046838 1.366145
v 0.068641 3.011353 1.350962
v 0.165334 2.492093 1.030764
v 0.150169 1.993503 0.898065
v 0.139326 2.814849 1.145351
v 0.000000 2.857520 1.071640
v 0.231474 2.894827 1.309209
v 0.261879 2.826453 1.285373
v 0.282649 2.810991 1.358403
v 0.273403 2.885637 1.385968
v 0.374395 2.970098 1.270033
v 0.371801 2.984138 1.271076
v 0.363427 2.991215 1.276249
v 0.387875 2.957078 1.296912
v 0.388687 2.960819 1.285216
v 0.382018 2.959599 1.276401
v 0.383669 2.987446 1.317472
v 0.389620 2.980026 1.313217
v 0.388272 2.965748 1.309511
v 0.315363 1.287913 1.461811
v 0.324403 1.043078 1.449975
v 0.351820 0.945063 1.425326
v 0.061734 2.645122 2.512982
v 0.117724 2.634918 2.483034
v 0.162477 2.613034 2.439608
v 0.201353 2.513535 2.427081
v 0.209302 2.408221 2.449554
v 0.207876 2.304030 2.454888
v 0.206276 2.670987 2.061986
v 0.204716 2.650544 2.195872
v 0.198383 2.619534 2.317450
v 0.233552 2.276685 1.738363
v 0.233901 2.285809 1.693872
v 0.235088 2.282194 1.657461
v 0.197581 2.197921 1.662141
v 0.141242 2.154141 1.683021
v 0.073477 2.131880 1.692897
v 0.172776 2.201349 2.489678
v 0.125744 2.173687 2.533100
v 0.066100 2.159537 2.562495
v 0.000000 2.045269 2.256077
v 0.000000 2.054099 2.375140
v 0.000000 2.087622 2.485502
v 0.000000 2.530628 2.604476
v 0.000000 2.395844 2.637089
v 0.000000 2.263946 2.625381
v 0.000000 1.222673 1.588344
v 0.000000 1.024683 1.563638
v 0.000000 0.907266 1.547489
v 0.000000 1.476542 0.844431
v 0.000000 1.310999 0.819455
v 0.000000 1.098607 0.772273
v 0.363824 2.999884 1.288849
v 0.372735 3.003346 1.299078
v 0.376045 2.997944 1.311103
v 0.233860 2.213277 1.985823
v 0.234240 2.227508 1.910327
v 0.234100 2.243407 1.846048
v 0.000000 2.133979 1.722509
v 0.000000 2.132126 1.755730
v 0.000000 2.122908 1.795678
v 0.195460 2.183678 1.815558
v 0.139898 2.137575 1.831963
v 0.072827 2.115061 1.840520
v 0.235414 2.617823 1.682755
v 0.249767 2.495903 1.715857
v 0.250814 2.370000 1.753953
v 0.040204 2.876415 1.698658
v 0.074655 2.875988 1.678234
v 0.098157 2.878130 1.643451
v 0.084367 2.905107 1.542237
v 0.058559 2.920645 1.509002
v 0.029968 2.931183 1.487453
v 0.183992 2.790614 1.637623
v 0.155579 2.835247 1.622275
v 0.130308 2.862706 1.607156
v 0.000000 2.812293 2.078925
v 0.000000 2.781912 2.239923
v 0.000000 2.729813 2.396034
v 0.000000 2.932537 1.414780
v 0.000000 2.927154 1.436148
v 0.000000 2.928531 1.459242
v 0.171299 2.862042 1.339117
v 0.181603 2.863351 1.367950
v 0.195883 2.854081 1.401481
v 0.234223 2.766243 1.463390
v 0.244155 2.717021 1.463159
v 0.248182 2.680896 1.448138
v 0.248041 2.646748 1.392532
v 0.243315 2.651935 1.357746
v 0.233049 2.676823 1.320025
v 0.193125 2.774719 1.278242
v 0.179269 2.809213 1.284108
v 0.170214 2.834557 1.296643
v 0.214714 2.732549 1.603734
v 0.215410 2.753241 1.549714
v 0.214672 2.784256 1.496524
v 0.158236 1.898247 0.940181
v 0.155739 1.926610 0.922302
v 0.153661 1.960375 0.907237
v 0.309311 1.522035 1.063794
v 0.366100 1.211915 1.029915
v 0.255282 2.576949 1.465120
v 0.258729 2.476623 1.518049
v 0.255358 2.367348 1.575493
v 0.279119 2.934920 1.298023
v 0.331721 2.976878 1.286249
v 0.226622 2.775571 1.290506
v 0.218478 2.751728 1.290307
v 0.322560 2.867406 1.337775
v 0.366130 2.926829 1.316331
v 0.238039 2.846944 1.409965
v 0.226688 2.833370 1.423169
v 0.000000 3.330468 1.670765
v 0.000000 3.340754 1.685299
v 0.000000 3.326162 1.694555
v 0.010133 3.285418 1.697057
v 0.019424 3.280294 1.690289
v 0.026991 3.268459 1.679666
v 0.026991 3.271573 1.664223
v 0.019424 3.286798 1.657620
v 0.010133 3.294272 1.652439
v 0.000000 3.100435 1.566905
v 0.000000 3.171147 1.595334
v 0.000000 3.239911 1.624311
v 0.085666 2.926294 1.609284
v 0.093009 2.903636 1.602105
v 0.000000 2.914347 1.691273
v 0.000000 2.892480 1.695466
v 0.154920 2.855227 1.309029
v 0.142847 2.862374 1.300850
v 0.132817 2.872880 1.291645
v 0.020699 2.944652 1.399611
v 0.041934 2.939108 1.399128
v 0.064423 2.929731 1.396055
v 0.104126 2.912977 1.353875
v 0.113161 2.907966 1.326738
v 0.120511 2.899208 1.302878
v 0.190442 2.171304 1.046360
v 0.142326 1.745963 0.915978
v 0.106558 1.657830 0.880532
v 0.057161 1.610061 0.857160
v 0.272236 1.789368 1.525084
v 0.277047 2.077054 1.197830
v 0.323530 1.658136 1.204993
v 0.334763 1.589834 1.305784
v 0.327372 1.521042 1.404715
v 0.189517 1.830375 0.976590
v 0.222333 1.791330 1.003478
v 0.260269 1.756657 1.048501
v 0.000000 1.680842 1.621592
v 0.245511 1.420453 1.546775
v 0.174097 1.395255 1.581871
v 0.090176 1.382768 1.599042
v 0.108832 2.884986 1.534226
v 0.104770 2.890383 1.483585
v 0.098089 2.899830 1.434985
v 0.123520 2.890389 1.403539
v 0.153640 2.870986 1.419834
v 0.183382 2.849539 1.434560
v 0.132272 2.867602 1.265634
v 0.137697 2.843095 1.251041
v 0.143893 2.811350 1.237082
v 0.000000 1.679109 0.837959
v 0.000000 1.744000 0.820518
v 0.000000 1.812343 0.806058
v 0.192818 2.733217 1.262652
v 0.174945 2.747019 1.247456
v 0.160670 2.759840 1.234710
v 0.123246 2.937613 1.257546
v 0.125635 2.918221 1.266164
v 0.125392 2.901076 1.274169
v 0.077513 2.945985 1.366827
v 0.072022 2.974070 1.360029
v 0.069746 2.997100 1.355531
v 0.162609 2.721488 1.203817
v 0.172444 2.656912 1.182157
v 0.181413 2.572365 1.156055
v 0.225634 2.646359 1.287928
v 0.236963 2.567906 1.286147
v 0.247301 2.478381 1.274463
v 0.150667 2.781812 1.206823
v 0.151780 2.791872 1.189109
v 0.149853 2.802558 1.168645
v 0.200016 2.453938 1.144558
v 0.217774 2.439440 1.169181
v 0.238170 2.413264 1.204023
v 0.238778 2.247430 1.599012
v 0.242016 2.209402 1.576439
v 0.247384 2.144787 1.560703
v 0.273846 2.304827 1.323582
v 0.281593 2.223464 1.403105
v 0.276833 2.133974 1.482217
v 0.000000 2.104237 1.673722
v 0.000000 2.065954 1.656839
v 0.000000 2.006931 1.644045
v 0.210915 1.990808 1.594221
v 0.150177 1.951168 1.620123
v 0.077959 1.929715 1.631879
v 0.207770 2.710586 1.708941
v 0.204255 2.702650 1.767457
v 0.203710 2.694115 1.840930
v 0.000000 2.093340 1.898648
v 0.000000 2.077355 1.965186
v 0.000000 2.062731 2.045485
v 0.212922 2.210039 2.384863
v 0.223856 2.194527 2.289175
v 0.229949 2.193176 2.181102
v 0.193423 2.124327 2.105265
v 0.137969 2.078618 2.126010
v 0.071690 2.056685 2.138350
v 0.235107 2.573381 1.963834
v 0.251494 2.443055 1.999588
v 0.251560 2.312537 2.039030
v 0.000000 2.864022 1.724225
v 0.000000 2.852379 1.762512
v 0.000000 2.841728 1.831129
v 0.163988 2.760064 1.926369
v 0.114356 2.804421 1.926286
v 0.058708 2.824792 1.932405
v 0.000000 2.945740 1.495971
v 0.000000 2.963915 1.509255
v 0.039629 3.212196 1.661800
v 0.050732 3.147436 1.650241
v 0.062301 3.074775 1.637412
v 0.000000 3.222970 1.700527
v 0.000000 3.145903 1.699197
v 0.000000 3.066943 1.696438
v 0.066138 3.002447 1.652222
v 0.049745 2.999329 1.673693
v 0.026568 2.998113 1.688089
v 0.026568 3.035188 1.549782
v 0.049745 3.027215 1.569366
v 0.066138 3.017340 1.596333
v 0.095178 2.983220 1.235389
v 0.068050 3.005358 1.223677
v 0.035405 3.021712 1.214771
v 0.000000 2.196693 0.854133
v 0.000000 3.048632 1.254998
v 0.000000 3.058788 1.298739
v 0.000000 3.058283 1.337450
v 0.020729 3.044227 1.365607
v 0.040274 3.036287 1.363042
v 0.057253 3.023628 1.357503
v 0.078025 3.008833 1.335349
v 0.090455 2.999680 1.309823
v 0.103046 2.982692 1.278971
v 0.166954 2.207270 0.954284
v 0.130503 1.959502 0.870691
v 0.096012 1.928066 0.838623
v 0.050807 1.910587 0.813931
v 0.122469 2.931763 1.218809
v 0.128706 2.899078 1.193135
v 0.133807 2.860437 1.169067
v 0.000000 2.997606 1.171512
v 0.000000 2.958215 1.135753
v 0.000000 2.911119 1.102836
v 0.116465 2.829065 1.119921
v 0.083448 2.842895 1.096129
v 0.043472 2.853369 1.078520
v 0.000000 2.797197 1.040974
v 0.000000 2.724255 1.009371
v 0.000000 2.631378 0.975296
v 0.146492 2.760523 1.120761
v 0.153310 2.692476 1.094187
v 0.159988 2.604926 1.064548
v 0.137668 2.499159 0.999093
v 0.098254 2.505292 0.968830
v 0.051075 2.509616 0.946146
v 0.178983 2.484824 1.058868
v 0.183175 2.477485 1.083217
v 0.184171 2.470062 1.104818
v 0.000000 3.025117 1.381666
v 0.000000 2.997557 1.388337
v 0.000000 2.969537 1.392172
v 0.178515 2.853834 1.318074
v 0.191086 2.861046 1.317928
v 0.354047 2.932845 1.272899
v 0.306381 2.877702 1.279034
v 0.247726 2.712635 1.396241
v 0.252477 2.749979 1.380220
v 0.357956 2.972235 1.333519
v 0.314408 2.927879 1.361248
v 0.261875 2.897923 1.372415
v 0.248718 2.903593 1.352532
v 0.237438 2.902558 1.330149
v 0.270107 2.813125 1.298281
v 0.275998 2.805252 1.316872
v 0.280027 2.804111 1.338004
v 0.284128 2.826164 1.375065
v 0.283766 2.846333 1.386172
v 0.280582 2.867396 1.390316
v 0.233273 2.880813 1.293125
v 0.240869 2.862891 1.283286
v 0.251354 2.843856 1.280441
v 0.342202 1.467313 1.158695
v 0.382251 1.122157 1.265986
v 0.355561 1.403640 1.266089
v 0.347307 1.340633 1.371840
v 0.251061 2.546926 1.588017
v 0.253134 2.386980 1.609517
v 0.256251 2.503126 1.552573
v 0.252594 2.603614 1.495101
v 0.246811 2.648623 1.513061
v 0.234300 2.717369 1.510100
v 0.236037 2.666670 1.568145
v 0.236208 2.635886 1.626690
v 0.249737 2.516522 1.657430
v 0.250494 2.388389 1.698871
v 0.251153 2.398319 1.648740
v 0.249563 2.303391 2.146104
v 0.250653 2.432778 2.111028
v 0.235472 2.561831 2.081005
v 0.243481 2.299685 2.259222
v 0.245627 2.423294 2.231644
v 0.232091 2.546631 2.207868
v 0.230435 2.302972 2.364992
v 0.232972 2.415051 2.347676
v 0.221734 2.527325 2.327154
v 0.070621 2.050730 2.250674
v 0.135967 2.072157 2.235378
v 0.190789 2.117116 2.211623
v 0.069212 2.059214 2.368082
v 0.132950 2.079444 2.348806
v 0.185957 2.122110 2.320685
v 0.067603 2.092144 2.476638
v 0.129051 2.110065 2.452435
v 0.178671 2.147504 2.417896
v 0.180426 1.397620 0.877536
v 0.102532 1.110148 0.781884
v 0.088888 1.329157 0.831364
v 0.071313 1.494267 0.854414
v 0.131514 1.557882 0.883649
v 0.168155 1.679047 0.927795
v 0.210470 1.609125 0.947672
v 0.261246 1.563253 0.992818
v 0.272422 1.280242 0.910045
v 0.288201 1.127087 0.862980
v 0.201732 1.129916 0.811069
v 0.167351 2.517009 2.502633
v 0.120232 2.525627 2.557716
v 0.062811 2.529879 2.592392
v 0.172169 2.402884 2.530240
v 0.122825 2.399033 2.588613
v 0.063921 2.396658 2.624685
v 0.172590 2.290837 2.526198
v 0.124171 2.275043 2.579689
v 0.064941 2.266270 2.613561
v 0.259070 1.252761 1.525101
v 0.261462 0.920652 1.497100
v 0.214726 1.028148 1.535585
v 0.183451 1.233108 1.563761
v 0.109228 0.919265 1.549070
v 0.103046 1.027464 1.560261
v 0.094946 1.224547 1.583079
v 0.073102 2.140113 1.720019
v 0.140472 2.162690 1.710450
v 0.196378 2.207964 1.690648
v 0.072904 2.138239 1.753235
v 0.140037 2.161235 1.743922
v 0.195626 2.208097 1.725048
v 0.072833 2.128947 1.793202
v 0.139888 2.151829 1.784300
v 0.195387 2.198694 1.766757
v 0.392532 3.003190 1.302590
v 0.400674 2.997386 1.297487
v 0.399157 2.981558 1.295230
v 0.391747 3.009403 1.290171
v 0.401237 3.003773 1.284806
v 0.400430 2.987262 1.283124
v 0.381955 3.004989 1.280992
v 0.391502 2.999279 1.275808
v 0.391841 2.983655 1.274525
v 0.056935 3.082383 1.612744
v 0.042807 3.090877 1.590035
v 0.022857 3.097670 1.573378
v 0.046282 3.154333 1.630790
v 0.034677 3.162719 1.613215
v 0.018474 3.168860 1.600344
v 0.035860 3.220499 1.648400
v 0.026542 3.231355 1.636572
v 0.014034 3.237942 1.627780
v 0.114501 2.832407 1.733438
v 0.174901 2.784822 1.689191
v 0.141661 2.831866 1.673288
v 0.116213 2.859574 1.655940
v 0.089236 2.859278 1.694991
v 0.047832 2.862304 1.717304
v 0.055465 2.848735 1.755988
v 0.058091 2.836992 1.826679
v 0.113677 2.816651 1.820309
v 0.163033 2.770889 1.824561
v 0.165682 2.779438 1.748133
v 0.297797 2.892408 1.274899
v 0.288902 2.908801 1.277031
v 0.281527 2.923557 1.285003
v 0.348903 2.945207 1.269614
v 0.343081 2.959208 1.270840
v 0.335624 2.969542 1.276784
v 0.188346 2.830342 1.481622
v 0.158602 2.860722 1.465834
v 0.127927 2.882584 1.449391
v 0.190013 2.812235 1.532809
v 0.161884 2.849568 1.516798
v 0.133075 2.873494 1.500644
v 0.188901 2.799203 1.585520
v 0.161586 2.841154 1.569818
v 0.134911 2.866879 1.554134
v 0.320929 2.913642 1.364352
v 0.324078 2.896997 1.360386
v 0.324064 2.880255 1.351166
v 0.364487 2.963465 1.334913
v 0.368602 2.952324 1.331242
v 0.368047 2.938189 1.325108
v 0.321178 2.861969 1.321268
v 0.318641 2.862654 1.304206
v 0.313632 2.867847 1.289363
v 0.366846 2.924287 1.303999
v 0.366227 2.925858 1.290914
v 0.361066 2.927741 1.280133
v 0.284413 2.941843 1.314901
v 0.294338 2.943144 1.333210
v 0.305094 2.938203 1.349887
v 0.336826 2.983443 1.297893
v 0.345456 2.985674 1.311169
v 0.352324 2.980932 1.324395
v 0.011262 3.331851 1.683415
v 0.007345 3.324906 1.693099
v 0.014183 3.318195 1.687904
v 0.020273 3.302626 1.677922
v 0.014183 3.320721 1.674034
v 0.007345 3.328797 1.671614
v 0.006247 3.339008 1.684888
v 0.022857 3.067055 1.691780
v 0.042807 3.067852 1.679090
v 0.056935 3.070085 1.660307
v 0.018474 3.145786 1.695282
v 0.034677 3.145363 1.684621
v 0.046282 3.145064 1.668927
v 0.014034 3.222459 1.697430
v 0.026542 3.219729 1.688848
v 0.035860 3.214324 1.676124
v 0.160390 2.731138 1.187333
v 0.169338 2.665781 1.164381
v 0.177695 2.580501 1.137149
v 0.160826 2.740280 1.168088
v 0.169116 2.674205 1.144007
v 0.176974 2.588367 1.116004
v 0.158105 2.749784 1.145943
v 0.165739 2.682874 1.120715
v 0.173093 2.596373 1.092008
v 0.130938 1.795756 0.900630
v 0.094743 1.726541 0.867867
v 0.049797 1.689717 0.845925
v 0.128018 1.838297 0.883905
v 0.091489 1.781850 0.851421
v 0.047734 1.752416 0.828927
v 0.128188 1.887895 0.871329
v 0.092782 1.842605 0.838870
v 0.048752 1.819055 0.815215
v 0.297740 1.859228 1.451902
v 0.304095 1.938039 1.364886
v 0.295746 2.014216 1.276187
v 0.228758 2.520971 1.227767
v 0.209559 2.547349 1.196204
v 0.192613 2.562762 1.174159
v 0.218742 2.606297 1.245045
v 0.199344 2.630860 1.217673
v 0.182907 2.646383 1.198464
v 0.206317 2.676063 1.255705
v 0.187470 2.695879 1.234220
v 0.172009 2.710298 1.218323
v 0.082820 1.686277 1.618176
v 0.159736 1.704379 1.604441
v 0.224843 1.737844 1.575154
v 0.082666 2.901746 1.507173
v 0.077676 2.904927 1.466104
v 0.071168 2.913586 1.426844
v 0.055809 2.915885 1.481979
v 0.051474 2.916734 1.450865
v 0.046536 2.923882 1.421326
v 0.028133 2.925269 1.465181
v 0.025658 2.924491 1.440211
v 0.023022 2.930369 1.416779
v 0.124043 2.892876 1.366635
v 0.148683 2.876868 1.380851
v 0.173794 2.863167 1.393875
v 0.126610 2.890769 1.336856
v 0.144586 2.877610 1.348719
v 0.163875 2.868217 1.359990
v 0.129415 2.884356 1.312051
v 0.142357 2.872937 1.322245
v 0.157028 2.865380 1.331872
v 0.185039 2.181114 1.025623
v 0.183848 2.191152 1.004511
v 0.179992 2.201233 0.981593
v 0.178561 2.778296 1.269172
v 0.163337 2.788155 1.258902
v 0.150948 2.799689 1.248484
v 0.166545 2.812506 1.278228
v 0.153714 2.820663 1.270398
v 0.143357 2.831347 1.261325
v 0.158347 2.837802 1.291316
v 0.146765 2.845183 1.283933
v 0.137430 2.855476 1.275179
v 0.132136 2.880792 1.255681
v 0.137679 2.855023 1.239389
v 0.143234 2.822436 1.223706
v 0.133508 2.895413 1.244976
v 0.139482 2.867689 1.226103
v 0.144876 2.833630 1.208025
v 0.131801 2.912158 1.232916
v 0.138138 2.882051 1.210816
v 0.143483 2.845969 1.189842
v 0.252408 2.119034 1.138999
v 0.227030 2.144521 1.097626
v 0.205151 2.160344 1.068657
v 0.261435 2.439942 1.428163
v 0.267892 2.235367 1.495137
v 0.271117 2.333735 1.417035
v 0.262714 2.415755 1.339656
v 0.252620 2.512645 1.345334
v 0.242117 2.603640 1.334324
v 0.253382 2.568153 1.385870
v 0.256379 2.562714 1.429280
v 0.260096 2.457512 1.479734
v 0.257437 2.345568 1.542107
v 0.260999 2.307974 1.512858
v 0.076266 2.013553 1.641401
v 0.146763 2.036077 1.630051
v 0.205725 2.078493 1.604862
v 0.074990 2.072552 1.654258
v 0.144185 2.095502 1.643257
v 0.201792 2.139540 1.618947
v 0.074083 2.110642 1.671198
v 0.142411 2.133252 1.660764
v 0.199228 2.177151 1.638132
v 0.072815 2.099217 1.896137
v 0.139913 2.121516 1.887567
v 0.195580 2.167244 1.871388
v 0.072694 2.083177 1.962463
v 0.139735 2.105393 1.953352
v 0.195468 2.151128 1.936444
v 0.072356 2.068485 2.042275
v 0.139156 2.090621 2.031954
v 0.194843 2.136449 2.013483
v 0.251409 2.352549 1.811424
v 0.250056 2.479369 1.773113
v 0.234193 2.604556 1.737566
v 0.251923 2.337276 1.874893
v 0.250501 2.465652 1.835235
v 0.233467 2.593609 1.797575
v 0.252083 2.323995 1.949162
v 0.251113 2.453821 1.908603
v 0.233981 2.583567 1.870452
v 0.165401 2.745275 2.057965
v 0.115486 2.788130 2.064285
v 0.059323 2.807667 2.073910
v 0.165421 2.720388 2.201783
v 0.116376 2.760003 2.217766
v 0.060067 2.777787 2.233156
v 0.163270 2.678620 2.335341
v 0.116741 2.711767 2.364290
v 0.060843 2.726499 2.387120
v 0.035031 2.892298 1.689121
v 0.065361 2.892897 1.670471
v 0.086328 2.896008 1.640479
v 0.031736 2.914453 1.685263
v 0.059356 2.915613 1.668321
v 0.078730 2.919112 1.642187
v 0.081696 2.916991 1.562021
v 0.059008 2.931184 1.527475
v 0.030768 2.941724 1.504116
v 0.077474 2.937644 1.573264
v 0.057528 2.950122 1.540468
v 0.030479 2.959953 1.517491
v 0.023812 3.054629 1.337767
v 0.046006 3.044186 1.337755
v 0.064840 3.028099 1.336471
v 0.027706 3.053981 1.300101
v 0.053402 3.040977 1.303167
v 0.075043 3.022003 1.306597
v 0.031777 3.042819 1.257463
v 0.061152 3.027627 1.263553
v 0.085716 3.006441 1.271335
v 0.102288 2.953995 1.202830
v 0.107632 2.918804 1.173522
v 0.111997 2.877283 1.146281
v 0.073230 2.975301 1.187526
v 0.077064 2.937967 1.154980
v 0.080238 2.893713 1.124896
v 0.038133 2.991300 1.176039
v 0.040152 2.952470 1.141170
v 0.041815 2.906176 1.109039
v 0.045388 2.793651 1.048426
v 0.087237 2.784683 1.067495
v 0.122006 2.772805 1.093250
v 0.047450 2.721220 1.017327
v 0.091287 2.713514 1.037653
v 0.127771 2.703233 1.065043
v 0.049407 2.628926 0.983730
v 0.095103 2.622633 1.005225
v 0.133256 2.614101 1.034068
v 0.052701 2.197842 0.864013
v 0.100839 2.201263 0.888864
v 0.140060 2.205984 0.921443
v 0.019111 2.967941 1.391373
v 0.038515 2.963134 1.388042
v 0.058344 2.955241 1.380648
v 0.018476 2.995996 1.387160
v 0.036807 2.991216 1.382848
v 0.054784 2.983418 1.374214
v 0.018960 3.023226 1.380602
v 0.037251 3.017335 1.376579
v 0.054253 3.007700 1.368476
v 0.093241 2.938115 1.344841
v 0.106047 2.929154 1.320028
v 0.116756 2.917047 1.295917
v 0.088033 2.964277 1.339801
v 0.102444 2.952592 1.315788
v 0.115172 2.937276 1.290434
v 0.084362 2.987938 1.336745
v 0.098540 2.976318 1.312673
v 0.111866 2.959321 1.285143
v 0.183942 2.863403 1.342450
v 0.195869 2.864268 1.370420
v 0.211243 2.855182 1.399187
v 0.197129 2.870181 1.341849
v 0.209401 2.871184 1.368034
v 0.224318 2.863616 1.392404
v 0.245420 2.703495 1.369548
v 0.240655 2.707049 1.340518
v 0.231713 2.724299 1.311853
v 0.249624 2.742000 1.355993
v 0.244739 2.744456 1.330474
v 0.237078 2.756452 1.307101
v 0.238842 2.798766 1.434518
v 0.245957 2.762130 1.432309
v 0.248380 2.732618 1.418345
v 0.247387 2.821800 1.416875
v 0.252404 2.793405 1.413169
v 0.253719 2.768084 1.400167
v 0.203526 2.783512 1.283136
v 0.190247 2.812802 1.287323
v 0.181197 2.836587 1.299336
v 0.214010 2.798938 1.284415
v 0.201959 2.823076 1.287958
v 0.193410 2.844595 1.299455
v 0.258931 1.323962 -1.348144
v 0.261676 0.750914 -1.650033
v 0.245608 0.820612 -1.910942
v 0.232065 1.464845 -1.777070
v 0.197101 0.825473 -2.233679
v 0.166254 1.206901 -2.203730
v 0.101825 1.107224 -2.554284
v 0.090663 1.236836 -2.484738
v 0.000000 0.643468 -1.706637
v 0.143297 0.670329 -1.692486
v 0.260464 0.712606 -1.591815
v 0.249899 0.678626 -1.536633
v 0.224636 0.659036 -1.485326
v 0.334457 0.880746 -1.581636
v 0.357917 1.037438 -1.499088
v 0.332570 1.194131 -1.416540
v 0.257504 1.229095 -1.280071
v 0.246701 1.127947 -1.236708
v 0.228480 1.057627 -1.223447
v 0.141410 1.404547 -1.305690
v 0.000000 1.431409 -1.291539
v 0.000000 0.699818 -1.936043
v 0.135269 0.730017 -1.929768
v 0.310664 0.966571 -1.880611
v 0.328400 1.142729 -1.844006
v 0.301354 1.318886 -1.807400
v 0.125958 1.555441 -1.758244
v 0.000000 1.585639 -1.751969
v 0.251993 0.820306 -1.842146
v 0.256796 0.807382 -1.775500
v 0.260021 0.783649 -1.711348
v 0.243361 1.479331 -1.659328
v 0.251474 1.456186 -1.544107
v 0.256598 1.402150 -1.438136
v 0.000000 0.754411 -2.239295
v 0.110040 0.772177 -2.237891
v 0.243035 0.911339 -2.226894
v 0.249441 1.014970 -2.218705
v 0.222189 1.118601 -2.210515
v 0.088582 1.262741 -2.199519
v 0.000000 1.280500 -2.198115
v 0.237525 0.809086 -1.982059
v 0.227190 0.796886 -2.057726
v 0.213937 0.797765 -2.140685
v 0.183393 1.259072 -2.105582
v 0.200884 1.334606 -2.001335
v 0.217607 1.410812 -1.891621
v 0.000000 1.120314 -2.588883
v 0.060152 1.115687 -2.577168
v 0.111105 1.147668 -2.555711
v 0.112948 1.191781 -2.542073
v 0.103911 1.222687 -2.513348
v 0.052958 1.254668 -2.491890
v 0.000000 1.263248 -2.495263
v 0.148287 1.190768 -2.294664
v 0.129368 1.200600 -2.375322
v 0.108809 1.221038 -2.441694
v 0.125031 1.050576 -2.510577
v 0.151824 0.969873 -2.433744
v 0.176243 0.887949 -2.336076
v 0.000000 0.588941 -1.529402
v 0.000000 0.593869 -1.591656
v 0.000000 0.615701 -1.650116
v 0.124184 0.607416 -1.519140
v 0.136869 0.615332 -1.578175
v 0.142647 0.639961 -1.635575
v 0.319306 0.779266 -1.468250
v 0.332850 0.829478 -1.521132
v 0.342383 0.899601 -1.390429
v 0.356118 0.970616 -1.435825
v 0.330815 1.111988 -1.350636
v 0.134671 1.189362 -1.194218
v 0.140612 1.301505 -1.236193
v 0.000000 1.208947 -1.179789
v 0.000000 1.325531 -1.221533
v 0.142440 0.696672 -1.749769
v 0.000000 0.667680 -1.762576
v 0.140809 0.716144 -1.808040
v 0.000000 0.685731 -1.818887
v 0.138415 0.727630 -1.867855
v 0.000000 0.696738 -1.876424
v 0.284722 1.274484 -1.912111
v 0.312904 1.109949 -1.936840
v 0.298416 0.945415 -1.961569
v 0.265192 1.212779 -2.014111
v 0.294301 1.065746 -2.029530
v 0.283278 0.918713 -2.044950
v 0.244109 1.154057 -2.113535
v 0.273092 1.028095 -2.123133
v 0.264925 0.902133 -2.132732
v 0.329783 1.262021 -1.500036
v 0.355176 1.092899 -1.574742
v 0.332136 0.923778 -1.649449
v 0.323781 1.309191 -1.596532
v 0.349435 1.131784 -1.659804
v 0.327439 0.954377 -1.723075
v 0.314369 1.330020 -1.700747
v 0.340556 1.149818 -1.750737
v 0.320303 0.969616 -1.800726
v 0.000000 1.518119 -1.386909
v 0.140086 1.489127 -1.399715
v 0.000000 1.577837 -1.500720
v 0.137151 1.547424 -1.511567
v 0.000000 1.602898 -1.625049
v 0.132481 1.572006 -1.633619
v 0.000000 1.249398 -2.287054
v 0.079083 1.235275 -2.288905
v 0.000000 1.244744 -2.365601
v 0.069295 1.233587 -2.367617
v 0.000000 1.254394 -2.434221
v 0.059236 1.245196 -2.434838
v 0.000000 1.523636 -1.874664
v 0.117603 1.495430 -1.878903
v 0.000000 1.435429 -1.990762
v 0.108008 1.410223 -1.993405
v 0.000000 1.345780 -2.099000
v 0.097926 1.324237 -2.100645
v 0.131297 0.724468 -1.994777
v 0.000000 0.696262 -1.999016
v 0.126094 0.721269 -2.065655
v 0.000000 0.696064 -2.068299
v 0.119172 0.732984 -2.145621
v 0.000000 0.711391 -2.147267
v 0.059143 1.178443 -2.592232
v 0.000000 1.187996 -2.605599
v 0.059273 1.222834 -2.577544
v 0.000000 1.233231 -2.589421
v 0.055457 1.248174 -2.541095
v 0.000000 1.257671 -2.549489
v 0.098404 0.845941 -2.342114
v 0.000000 0.832056 -2.344243
v 0.084738 0.939489 -2.443674
v 0.000000 0.930301 -2.447914
v 0.070376 1.033805 -2.525746
v 0.000000 1.030980 -2.533635
v 0.198215 1.120553 -2.304206
v 0.222850 1.038397 -2.315649
v 0.217285 0.956102 -2.326813
v 0.171923 1.148784 -2.389830
v 0.192507 1.086607 -2.406757
v 0.187366 1.022614 -2.421461
v 0.141575 1.186833 -2.461578
v 0.156852 1.142540 -2.483928
v 0.152715 1.091880 -2.499005
v -1.437753 0.555029 0.000000
v -1.379602 0.830057 0.000000
v -1.220379 1.032178 0.000000
v -1.002025 1.107256 0.000000
v -0.782658 1.034389 -0.000000
v -0.621410 0.832268 0.000000
v -0.562247 0.555029 0.000000
v -0.621410 0.277789 0.000000
v -0.782658 0.075668 0.000000
v -1.002025 0.002801 -0.000000
v -1.220379 0.077879 0.000000
v -1.379602 0.280000 0.000000
v -1.425453 0.555029 -0.203939
v -1.367800 0.830057 -0.195690
v -1.209939 1.032178 -0.173105
v -0.993452 1.107256 -0.142133
v -0.775962 1.034389 -0.111016
v -0.616093 0.832268 -0.088144
v -0.557436 0.555029 -0.079752
v -0.616093 0.277789 -0.088144
v -0.775962 0.075668 -0.111016
v -0.993452 0.002801 -0.142133
v -1.209939 0.077879 -0.173105
v -1.367800 0.280000 -0.195690
v -1.388763 0.555029 -0.404388
v -1.332594 0.830057 -0.388032
v -1.178796 1.032178 -0.343249
v -0.967881 1.107256 -0.281833
v -0.755989 1.034389 -0.220133
v -0.600236 0.832268 -0.174780
v -0.543088 0.555029 -0.158140
v -0.600236 0.277789 -0.174780
v -0.755989 0.075668 -0.220133
v -0.967881 0.002801 -0.281833
v -1.178796 0.077879 -0.343249
v -1.332594 0.280000 -0.388032
v -1.328311 0.555029 -0.597918
v -1.274587 0.830057 -0.573735
v -1.127483 1.032178 -0.507519
v -0.925750 1.107256 -0.416712
v -0.723081 1.034389 -0.325484
v -0.574108 0.832268 -0.258426
v -0.519448 0.555029 -0.233821
v -0.574108 0.277789 -0.258426
v -0.723081 0.075668 -0.325484
v -0.925750 0.002801 -0.416712
v -1.127483 0.077879 -0.507519
v -1.274587 0.280000 -0.573735
v -1.245131 0.555029 -0.781218
v -1.194771 0.830057 -0.749621
v -1.056879 1.032178 -0.663106
v -0.867779 1.107256 -0.544461
v -0.677801 1.034389 -0.425265
v -0.538157 0.832268 -0.337649
v -0.486920 0.555029 -0.305503
v -0.538157 0.277789 -0.337649
v -0.677801 0.075668 -0.425265
v -0.867779 0.002801 -0.544461
v -1.056879 0.077879 -0.663106
v -1.194771 0.280000 -0.749621
v -1.140647 0.555029 -0.951151
v -1.094512 0.830057 -0.912681
v -0.968192 1.032178 -0.807346
v -0.794960 1.107256 -0.662893
v -0.620924 1.034389 -0.517770
v -0.492998 0.832268 -0.411096
v -0.446060 0.555029 -0.371956
v -0.492998 0.277789 -0.411096
v -0.620924 0.075668 -0.517770
v -0.794960 0.002801 -0.662893
v -0.968192 0.077879 -0.807346
v -1.094512 0.280000 -0.912681
v -1.016645 0.555029 -1.104810
v -0.975526 0.830057 -1.060125
v -0.862938 1.032178 -0.937773
v -0.708538 1.107256 -0.769983
v -0.553423 1.034389 -0.601416
v -0.439403 0.832268 -0.477508
v -0.397568 0.555029 -0.432046
v -0.439403 0.277789 -0.477508
v -0.553423 0.075668 -0.601416
v -0.708538 0.002801 -0.769983
v -0.862938 0.077879 -0.937773
v -0.975526 0.280000 -1.060125
v -0.875249 0.555029 -1.239564
v -0.839849 0.830057 -1.189429
v -0.742920 1.032178 -1.052154
v -0.609994 1.107256 -0.863899
v -0.476452 1.034389 -0.674771
v -0.378290 0.832268 -0.535750
v -0.342274 0.555029 -0.484743
v -0.378290 0.277789 -0.535750
v -0.476452 0.075668 -0.674771
v -0.609994 0.002801 -0.863899
v -0.742920 0.077879 -1.052154
v -0.839849 0.280000 -1.189429
v -0.718877 0.555029 -1.353110
v -0.689801 0.830057 -1.298382
v -0.610189 1.032178 -1.148533
v -0.501012 1.107256 -0.943033
v -0.391329 1.034389 -0.736581
v -0.310705 0.832268 -0.584826
v -0.281123 0.555029 -0.529146
v -0.310705 0.277789 -0.584826
v -0.391329 0.075668 -0.736581
v -0.501012 0.002801 -0.943033
v -0.610189 0.077879 -1.148533
v -0.689801 0.280000 -1.298382
v -0.550205 0.555029 -1.443503
v -0.527951 0.830057 -1.385119
v -0.467019 1.032178 -1.225259
v -0.383458 1.107256 -1.006032
v -0.299510 1.034389 -0.785787
v -0.237803 0.832268 -0.623895
v -0.215163 0.555029 -0.564495
v -0.237803 0.277789 -0.623895
v -0.299510 0.075668 -0.785787
v -0.383458 0.002801 -1.006032
v -0.467019 0.077879 -1.225259
v -0.527951 0.280000 -1.385119
v -0.372118 0.555029 -1.509198
v -0.360665 0.798941 -1.431850
v -0.316482 1.028803 -1.292583
v -0.259343 1.107256 -1.051817
v -0.202567 1.034389 -0.821549
v -0.160833 0.832268 -0.652289
v -0.145520 0.555029 -0.590185
v -0.160833 0.277789 -0.652289
v -0.202567 0.075668 -0.821549
v -0.259343 0.002801 -1.051817
v -0.315857 0.077879 -1.281022
v -0.357067 0.280000 -1.448157
v -0.184876 0.555028 -1.533876
v -0.132324 1.076889 -1.178081
v -0.130790 1.107256 -1.079605
v -0.102157 1.034389 -0.843254
v -0.081110 0.832268 -0.669522
v -0.073388 0.555029 -0.605778
v -0.081110 0.277789 -0.669522
v -0.102157 0.075668 -0.843254
v -0.130790 0.002801 -1.079605
v -0.159291 0.077879 -1.314865
v -0.180074 0.280000 -1.486416
v -0.187664 0.555029 1.549070
v -0.184554 0.783707 1.507583
v -0.110593 0.908482 0.727497
v -0.081002 0.832827 0.669239
v -0.073388 0.555029 0.605778
v -0.081110 0.277789 0.669522
v -0.102157 0.075668 0.843254
v -0.130790 0.002801 1.079605
v -0.159291 0.077879 1.314865
v -0.180074 0.280000 1.486416
v -0.372117 0.555029 1.509198
v -0.369498 0.854895 1.441449
v -0.395832 1.032178 1.251520
v -0.228266 0.960397 0.763929
v -0.160822 0.832322 0.652261
v -0.145520 0.555029 0.590186
v -0.160832 0.277789 0.652289
v -0.202566 0.075668 0.821549
v -0.259343 0.002801 1.051817
v -0.315857 0.077879 1.281022
v -0.357067 0.280000 1.448157
v -0.550205 0.555029 1.443503
v -0.527951 0.830057 1.385119
v -0.467019 1.032178 1.225259
v -0.389052 1.110648 0.999470
v -0.282930 1.029811 0.808000
v -0.237803 0.832268 0.623895
v -0.215163 0.555029 0.564495
v -0.237803 0.277789 0.623895
v -0.299510 0.075668 0.785787
v -0.383458 0.002801 1.006032
v -0.467019 0.077879 1.225259
v -0.527951 0.280000 1.385119
v -0.718877 0.555029 1.353110
v -0.689801 0.830057 1.298382
v -0.610189 1.032178 1.148533
v -0.503378 1.108691 0.940259
v -0.393524 1.035721 0.734005
v -0.310705 0.832268 0.584826
v -0.281123 0.555029 0.529146
v -0.310705 0.277789 0.584826
v -0.391329 0.075668 0.736581
v -0.501012 0.002801 0.943033
v -0.610189 0.077879 1.148533
v -0.689801 0.280000 1.298382
v -0.875249 0.555029 1.239565
v -0.839848 0.830057 1.189429
v -0.742919 1.032178 1.052154
v -0.609994 1.107256 0.863899
v -0.476452 1.034389 0.674771
v -0.378290 0.832268 0.535751
v -0.342274 0.555029 0.484743
v -0.378290 0.277789 0.535751
v -0.476452 0.075668 0.674771
v -0.609994 0.002801 0.863899
v -0.742919 0.077879 1.052154
v -0.839848 0.280000 1.189429
v -1.016645 0.555029 1.104810
v -0.975526 0.830057 1.060125
v -0.862938 1.032178 0.937773
v -0.708538 1.107256 0.769984
v -0.553422 1.034389 0.601416
v -0.439403 0.832268 0.477509
v -0.397568 0.555029 0.432046
v -0.439403 0.277789 0.477509
v -0.553422 0.075668 0.601416
v -0.708538 0.002801 0.769984
v -0.862938 0.077879 0.937773
v -0.975526 0.280000 1.060125
v -1.140647 0.555029 0.951151
v -1.094512 0.830057 0.912681
v -0.968192 1.032178 0.807346
v -0.794960 1.107256 0.662893
v -0.620924 1.034389 0.517770
v -0.492998 0.832268 0.411096
v -0.446060 0.555029 0.371956
v -0.492998 0.277789 0.411096
v -0.620924 0.075668 0.517770
v -0.794960 0.002801 0.662893
v -0.968192 0.077879 0.807346
v -1.094512 0.280000 0.912681
v -1.245131 0.555029 0.781218
v -1.194771 0.830057 0.749621
v -1.056879 1.032178 0.663106
v -0.867779 1.107256 0.544461
v -0.677801 1.034389 0.425265
v -0.538157 0.832268 0.337649
v -0.486920 0.555029 0.305503
v -0.538157 0.277789 0.337649
v -0.677801 0.075668 0.425265
v -0.867779 0.002801 0.544461
v -1.056879 0.077879 0.663106
v -1.194771 0.280000 0.749621
v -1.328311 0.555029 0.597919
v -1.274586 0.830057 0.573736
v -1.127483 1.032178 0.507519
v -0.925750 1.107256 0.416712
v -0.723081 1.034389 0.325484
v -0.574108 0.832268 0.258426
v -0.519448 0.555029 0.233822
v -0.574108 0.277789 0.258426
v -0.723081 0.075668 0.325484
v -0.925750 0.002801 0.416712
v -1.127483 0.077879 0.507519
v -1.274586 0.280000 0.573736
v -1.388763 0.555029 0.404388
v -1.332594 0.830057 0.388032
v -1.178796 1.032178 0.343248
v -0.967881 1.107256 0.281833
v -0.755989 1.034389 0.220133
v -0.600236 0.832268 0.174780
v -0.543088 0.555029 0.158140
v -0.600236 0.277789 0.174780
v -0.755989 0.075668 0.220133
v -0.967881 0.002801 0.281833
v -1.178796 0.077879 0.343248
v -1.332594 0.280000 0.388032
v -1.425453 0.555029 0.203939
v -1.367800 0.830057 0.195690
v -1.209939 1.032178 0.173105
v -0.993452 1.107256 0.142133
v -0.775962 1.034389 0.111016
v -0.616093 0.832268 0.088144
v -0.557436 0.555029 0.079752
v -0.616093 0.277789 0.088144
v -0.775962 0.075668 0.111016
v -0.993452 0.002801 0.142133
v -1.209939 0.077879 0.173105
v -1.367800 0.280000 0.195690
v -0.236781 2.268685 1.626639
v -0.374555 2.988274 1.320668
v -0.189832 2.587154 2.399302
v -0.200715 2.232682 2.447950
v -0.212074 2.719732 1.656706
v -0.233758 2.260389 1.789550
v -0.106404 2.885169 1.588966
v -0.213507 2.822455 1.444390
v -0.249012 2.657797 1.423042
v -0.213169 2.720050 1.284415
v -0.167150 2.852158 1.315097
v -0.382753 2.951327 1.307168
v -0.372243 2.955670 1.271974
v -0.354169 2.991715 1.282768
v -0.031558 3.254128 1.669281
v -0.126709 2.885969 1.282491
v -0.091415 2.914743 1.387210
v -0.167482 1.868186 0.958363
v -0.298162 1.461951 1.488455
v -0.296872 1.715760 1.115677
v -0.152187 2.771402 1.221863
v -0.188232 2.462538 1.124681
v -0.257978 2.369628 1.254562
v -0.254433 2.051817 1.549011
v -0.205063 2.684045 1.937961
v -0.232643 2.201301 2.075968
v -0.072356 3.008358 1.625568
v -0.114080 2.959484 1.247344
v -0.068641 3.011353 1.350962
v -0.165334 2.492093 1.030764
v -0.150169 1.993503 0.898065
v -0.139326 2.814849 1.145351
v -0.231474 2.894827 1.309209
v -0.261879 2.826453 1.285373
v -0.282649 2.810991 1.358403
v -0.273403 2.885637 1.385968
v -0.374395 2.970098 1.270033
v -0.371801 2.984138 1.271076
v -0.363427 2.991215 1.276249
v -0.387875 2.957078 1.296912
v -0.388687 2.960819 1.285216
v -0.382018 2.959599 1.276401
v -0.383669 2.987446 1.317472
v -0.389620 2.980026 1.313217
v -0.388272 2.965748 1.309511
v -0.315363 1.287913 1.461811
v -0.324403 1.043078 1.449975
v -0.351820 0.945063 1.425326
v -0.061734 2.645122 2.512982
v -0.117724 2.634918 2.483034
v -0.162477 2.613034 2.439608
v -0.201353 2.513535 2.427081
v -0.209302 2.408221 2.449554
v -0.207876 2.304030 2.454888
v -0.206276 2.670987 2.061986
v -0.204716 2.650544 2.195872
v -0.198383 2.619534 2.317450
v -0.233552 2.276685 1.738363
v -0.233901 2.285809 1.693872
v -0.235088 2.282194 1.657461
v -0.197581 2.197921 1.662141
v -0.141242 2.154141 1.683021
v -0.073477 2.131880 1.692897
v -0.172776 2.201349 2.489678
v -0.125744 2.173687 2.533100
v -0.066100 2.159537 2.562495
v -0.363824 2.999884 1.288849
v -0.372735 3.003346 1.299078
v -0.376045 2.997944 1.311103
v -0.233860 2.213277 1.985823
v -0.234240 2.227508 1.910327
v -0.234100 2.243407 1.846048
v -0.195460 2.183678 1.815558
v -0.139898 2.137575 1.831963
v -0.072827 2.115061 1.840520
v -0.235414 2.617823 1.682755
v -0.249767 2.495903 1.715857
v -0.250814 2.370000 1.753953
v -0.040204 2.876415 1.698658
v -0.074655 2.875988 1.678234
v -0.098157 2.878130 1.643451
v -0.084367 2.905107 1.542237
v -0.058559 2.920645 1.509002
v -0.029968 2.931183 1.487453
v -0.183992 2.790614 1.637623
v -0.155579 2.835247 1.622275
v -0.130308 2.862706 1.607156
v -0.171299 2.862042 1.339117
v -0.181603 2.863351 1.367950
v -0.195883 2.854081 1.401481
v -0.234223 2.766243 1.463390
v -0.244155 2.717021 1.463159
v -0.248182 2.680896 1.448138
v -0.248041 2.646748 1.392532
v -0.243315 2.651935 1.357746
v -0.233049 2.676823 1.320025
v -0.193125 2.774719 1.278242
v -0.179269 2.809213 1.284108
v -0.170214 2.834557 1.296643
v -0.214714 2.732549 1.603734
v -0.215410 2.753241 1.549714
v -0.214672 2.784256 1.496524
v -0.158236 1.898247 0.940181
v -0.155739 1.926610 0.922302
v -0.153661 1.960375 0.907237
v -0.309311 1.522035 1.063794
v -0.366100 1.211915 1.029915
v -0.255282 2.576949 1.465120
v -0.258729 2.476623 1.518049
v -0.255358 2.367348 1.575493
v -0.279119 2.934920 1.298023
v -0.331721 2.976878 1.286249
v -0.226622 2.775571 1.290506
v -0.218478 2.751728 1.290307
v -0.322560 2.867406 1.337775
v -0.366130 2.926829 1.316331
v -0.238039 2.846944 1.409965
v -0.226688 2.833370 1.423169
v -0.010133 3.285418 1.697057
v -0.019424 3.280294 1.690289
v -0.026991 3.268459 1.679666
v -0.026991 3.271573 1.664223
v -0.019424 3.286798 1.657620
v -0.010133 3.294272 1.652439
v -0.085666 2.926294 1.609284
v -0.093009 2.903636 1.602105
v -0.154920 2.855227 1.309029
v -0.142847 2.862374 1.300850
v -0.132817 2.872880 1.291645
v -0.020699 2.944652 1.399611
v -0.041934 2.939108 1.399128
v -0.064423 2.929731 1.396055
v -0.104126 2.912977 1.353875
v -0.113161 2.907966 1.326738
v -0.120511 2.899208 1.302878
v -0.190442 2.171304 1.046360
v -0.142326 1.745963 0.915978
v -0.106558 1.657830 0.880532
v -0.057161 1.610061 0.857160
v -0.272236 1.789368 1.525084
v -0.277047 2.077054 1.197830
v -0.323530 1.658136 1.204993
v -0.334763 1.589834 1.305784
v -0.327372 1.521042 1.404715
v -0.189517 1.830375 0.976590
v -0.222333 1.791330 1.003478
v -0.260269 1.756657 1.048501
v -0.245511 1.420453 1.546775
v -0.174097 1.395255 1.581871
v -0.090176 1.382768 1.599042
v -0.108832 2.884986 1.534226
v -0.104770 2.890383 1.483585
v -0.098089 2.899830 1.434985
v -0.123520 2.890389 1.403539
v -0.153640 2.870986 1.419834
v -0.183382 2.849539 1.434560
v -0.132272 2.867602 1.265634
v -0.137697 2.843095 1.251041
v -0.143893 2.811350 1.237082
v -0.192818 2.733217 1.262652
v -0.174945 2.747019 1.247456
v -0.160670 2.759840 1.234710
v -0.123246 2.937613 1.257546
v -0.125635 2.918221 1.266164
v -0.125392 2.901076 1.274169
v -0.077513 2.945985 1.366827
v -0.072022 2.974070 1.360029
v -0.069746 2.997100 1.355531
v -0.162609 2.721488 1.203817
v -0.172444 2.656912 1.182157
v -0.181413 2.572365 1.156055
v -0.225634 2.646359 1.287928
v -0.236963 2.567906 1.286147
v -0.247301 2.478381 1.274463
v -0.150667 2.781812 1.206823
v -0.151780 2.791872 1.189109
v -0.149853 2.802558 1.168645
v -0.200016 2.453938 1.144558
v -0.217774 2.439440 1.169181
v -0.238170 2.413264 1.204023
v -0.238778 2.247430 1.599012
v -0.242016 2.209402 1.576439
v -0.247384 2.144787 1.560703
v -0.273846 2.304827 1.323582
v -0.281593 2.223464 1.403105
v -0.276833 2.133974 1.482217
v -0.210915 1.990808 1.594221
v -0.150177 1.951168 1.620123
v -0.077959 1.929715 1.631879
v -0.207770 2.710586 1.708941
v -0.204255 2.702650 1.767457
v -0.203710 2.694115 1.840930
v -0.212922 2.210039 2.384863
v -0.223856 2.194527 2.289175
v -0.229949 2.193176 2.181102
v -0.193423 2.124327 2.105265
v -0.137969 2.078618 2.126010
v -0.071690 2.056685 2.138350
v -0.235107 2.573381 1.963834
v -0.251494 2.443055 1.999588
v -0.251560 2.312537 2.039030
v -0.163988 2.760064 1.926369
v -0.114356 2.804421 1.926286
v -0.058708 2.824792 1.932405
v -0.039629 3.212196 1.661800
v -0.050732 3.147436 1.650241
v -0.062301 3.074775 1.637412
v -0.066138 3.002447 1.652222
v -0.049745 2.999329 1.673693
v -0.026568 2.998113 1.688089
v -0.026568 3.035188 1.549782
v -0.049745 3.027215 1.569366
v -0.066138 3.017340 1.596333
v -0.095178 2.983220 1.235389
v -0.068050 3.005358 1.223677
v -0.035405 3.021712 1.214771
v -0.020729 3.044227 1.365607
v -0.040274 3.036287 1.363042
v -0.057253 3.023628 1.357503
v -0.078025 3.008833 1.335349
v -0.090455 2.999680 1.309823
v -0.103046 2.982692 1.278971
v -0.166954 2.207270 0.954284
v -0.130503 1.959502 0.870691
v -0.096012 1.928066 0.838623
v -0.050807 1.910587 0.813931
v -0.122469 2.931763 1.218809
v -0.128706 2.899078 1.193135
v -0.133807 2.860437 1.169067
v -0.116465 2.829065 1.119921
v -0.083448 2.842895 1.096129
v -0.043472 2.853369 1.078520
v -0.146492 2.760523 1.120761
v -0.153310 2.692476 1.094187
v -0.159988 2.604926 1.064548
v -0.137668 2.499159 0.999093
v -0.098254 2.505292 0.968830
v -0.051075 2.509616 0.946146
v -0.178983 2.484824 1.058868
v -0.183175 2.477485 1.083217
v -0.184171 2.470062 1.104818
v -0.178515 2.853834 1.318074
v -0.191086 2.861046 1.317928
v -0.354047 2.932845 1.272899
v -0.306381 2.877702 1.279034
v -0.247726 2.712635 1.396241
v -0.252477 2.749979 1.380220
v -0.357956 2.972235 1.333519
v -0.314408 2.927879 1.361248
v -0.261875 2.897923 1.372415
v -0.248718 2.903593 1.352532
v -0.237438 2.902558 1.330149
v -0.270107 2.813125 1.298281
v -0.275998 2.805252 1.316872
v -0.280027 2.804111 1.338004
v -0.284128 2.826164 1.375065
v -0.283766 2.846333 1.386172
v -0.280582 2.867396 1.390316
v -0.233273 2.880813 1.293125
v -0.240869 2.862891 1.283286
v -0.251354 2.843856 1.280441
v -0.342202 1.467313 1.158695
v -0.382251 1.122157 1.265986
v -0.355561 1.403640 1.266089
v -0.347307 1.340633 1.371840
v -0.251061 2.546926 1.588017
v -0.253134 2.386980 1.609517
v -0.256251 2.503126 1.552573
v -0.252594 2.603614 1.495101
v -0.246811 2.648623 1.513061
v -0.234300 2.717369 1.510100
v -0.236037 2.666670 1.568145
v -0.236208 2.635886 1.626690
v -0.249737 2.516522 1.657430
v -0.250494 2.388389 1.698871
v -0.251153 2.398319 1.648740
v -0.249563 2.303391 2.146104
v -0.250653 2.432778 2.111028
v -0.235472 2.561831 2.081005
v -0.243481 2.299685 2.259222
v -0.245627 2.423294 2.231644
v -0.232091 2.546631 2.207868
v -0.230435 2.302972 2.364992
v -0.232972 2.415051 2.347676
v -0.221734 2.527325 2.327154
v -0.070621 2.050730 2.250674
v -0.135967 2.072157 2.235378
v -0.190789 2.117116 2.211623
v -0.069212 2.059214 2.368082
v -0.132950 2.079444 2.348806
v -0.185957 2.122110 2.320685
v -0.067603 2.092144 2.476638
v -0.129051 2.110065 2.452435
v -0.178671 2.147504 2.417896
v -0.180426 1.397620 0.877536
v -0.102532 1.110148 0.781884
v -0.088888 1.329157 0.831364
v -0.071313 1.494267 0.854414
v -0.131514 1.557882 0.883649
v -0.168155 1.679047 0.927795
v -0.210470 1.609125 0.947672
v -0.261246 1.563253 0.992818
v -0.272422 1.280242 0.910045
v -0.288201 1.127087 0.862980
v -0.201732 1.129916 0.811069
v -0.167351 2.517009 2.502633
v -0.120232 2.525627 2.557716
v -0.062811 2.529879 2.592392
v -0.172169 2.402884 2.530240
v -0.122825 2.399033 2.588613
v -0.063921 2.396658 2.624685
v -0.172590 2.290837 2.526198
v -0.124171 2.275043 2.579689
v -0.064941 2.266270 2.613561
v -0.259070 1.252761 1.525101
v -0.261462 0.920652 1.497100
v -0.214726 1.028148 1.535585
v -0.183451 1.233108 1.563761
v -0.109228 0.919265 1.549070
v -0.103046 1.027464 1.560261
v -0.094946 1.224547 1.583079
v -0.073102 2.140113 1.720019
v -0.140472 2.162690 1.710450
v -0.196378 2.207964 1.690648
v -0.072904 2.138239 1.753235
v -0.140037 2.161235 1.743922
v -0.195626 2.208097 1.725048
v -0.072833 2.128947 1.793202
v -0.139888 2.151829 1.784300
v -0.195387 2.198694 1.766757
v -0.392532 3.003190 1.302590
v -0.400674 2.997386 1.297487
v -0.399157 2.981558 1.295230
v -0.391747 3.009403 1.290171
v -0.401237 3.003773 1.284806
v -0.400430 2.987262 1.283124
v -0.381955 3.004989 1.280992
v -0.391502 2.999279 1.275808
v -0.391841 2.983655 1.274525
v -0.056935 3.082383 1.612744
v -0.042807 3.090877 1.590035
v -0.022857 3.097670 1.573378
v -0.046282 3.154333 1.630790
v -0.034677 3.162719 1.613215
v -0.018474 3.168860 1.600344
v -0.035860 3.220499 1.648400
v -0.026542 3.231355 1.636572
v -0.014034 3.237942 1.627780
v -0.114501 2.832407 1.733438
v -0.174901 2.784822 1.689191
v -0.141661 2.831866 1.673288
v -0.116213 2.859574 1.655940
v -0.089236 2.859278 1.694991
v -0.047832 2.862304 1.717304
v -0.055465 2.848735 1.755988
v -0.058091 2.836992 1.826679
v -0.113677 2.816651 1.820309
v -0.163033 2.770889 1.824561
v -0.165682 2.779438 1.748133
v -0.297797 2.892408 1.274899
v -0.288902 2.908801 1.277031
v -0.281527 2.923557 1.285003
v -0.348903 2.945207 1.269614
v -0.343081 2.959208 1.270840
v -0.335624 2.969542 1.276784
v -0.188346 2.830342 1.481622
v -0.158602 2.860722 1.465834
v -0.127927 2.882584 1.449391
v -0.190013 2.812235 1.532809
v -0.161884 2.849568 1.516798
v -0.133075 2.873494 1.500644
v -0.188901 2.799203 1.585520
v -0.161586 2.841154 1.569818
v -0.134911 2.866879 1.554134
v -0.320929 2.913642 1.364352
v -0.324078 2.896997 1.360386
v -0.324064 2.880255 1.351166
v -0.364487 2.963465 1.334913
v -0.368602 2.952324 1.331242
v -0.368047 2.938189 1.325108
v -0.321178 2.861969 1.321268
v -0.318641 2.862654 1.304206
v -0.313632 2.867847 1.289363
v -0.366846 2.924287 1.303999
v -0.366227 2.925858 1.290914
v -0.361066 2.927741 1.280133
v -0.284413 2.941843 1.314901
v -0.294338 2.943144 1.333210
v -0.305094 2.938203 1.349887
v -0.336826 2.983443 1.297893
v -0.345456 2.985674 1.311169
v -0.352324 2.980932 1.324395
v -0.011262 3.331851 1.683415
v -0.007345 3.324906 1.693099
v -0.014183 3.318195 1.687904
v -0.020273 3.302626 1.677922
v -0.014183 3.320721 1.674034
v -0.007345 3.328797 1.671614
v -0.006247 3.339008 1.684888
v -0.022857 3.067055 1.691780
v -0.042807 3.067852 1.679090
v -0.056935 3.070085 1.660307
v -0.018474 3.145786 1.695282
v -0.034677 3.145363 1.684621
v -0.046282 3.145064 1.668927
v -0.014034 3.222459 1.697430
v -0.026542 3.219729 1.688848
v -0.035860 3.214324 1.676124
v -0.160390 2.731138 1.187333
v -0.169338 2.665781 1.164381
v -0.177695 2.580501 1.137149
v -0.160826 2.740280 1.168088
v -0.169116 2.674205 1.144007
v -0.176974 2.588367 1.116004
v -0.158105 2.749784 1.145943
v -0.165739 2.682874 1.120715
v -0.173093 2.596373 1.092008
v -0.130938 1.795756 0.900630
v -0.094743 1.726541 0.867867
v -0.049797 1.689717 0.845925
v -0.128018 1.838297 0.883905
v -0.091489 1.781850 0.851421
v -0.047734 1.752416 0.828927
v -0.128188 1.887895 0.871329
v -0.092782 1.842605 0.838870
v -0.048752 1.819055 0.815215
v -0.297740 1.859228 1.451902
v -0.304095 1.938039 1.364886
v -0.295746 2.014216 1.276187
v -0.228758 2.520971 1.227767
v -0.209559 2.547349 1.196204
v -0.192613 2.562762 1.174159
v -0.218742 2.606297 1.245045
v -0.199344 2.630860 1.217673
v -0.182907 2.646383 1.198464
v -0.206317 2.676063 1.255705
v -0.187470 2.695879 1.234220
v -0.172009 2.710298 1.218323
v -0.082820 1.686277 1.618176
v -0.159736 1.704379 1.604441
v -0.224843 1.737844 1.575154
v -0.082666 2.901746 1.507173
v -0.077676 2.904927 1.466104
v -0.071168 2.913586 1.426844
v -0.055809 2.915885 1.481979
v -0.051474 2.916734 1.450865
v -0.046536 2.923882 1.421326
v -0.028133 2.925269 1.465181
v -0.025658 2.924491 1.440211
v -0.023022 2.930369 1.416779
v -0.124043 2.892876 1.366635
v -0.148683 2.876868 1.380851
v -0.173794 2.863167 1.393875
v -0.126610 2.890769 1.336856
v -0.144586 2.877610 1.348719
v -0.163875 2.868217 1.359990
v -0.129415 2.884356 1.312051
v -0.142357 2.872937 1.322245
v -0.157028 2.865380 1.331872
v -0.185039 2.181114 1.025623
v -0.183848 2.191152 1.004511
v -0.179992 2.201233 0.981593
v -0.178561 2.778296 1.269172
v -0.163337 2.788155 1.258902
v -0.150948 2.799689 1.248484
v -0.166545 2.812506 1.278228
v -0.153714 2.820663 1.270398
v -0.143357 2.831347 1.261325
v -0.158347 2.837802 1.291316
v -0.146765 2.845183 1.283933
v -0.137430 2.855476 1.275179
v -0.132136 2.880792 1.255681
v -0.137679 2.855023 1.239389
v -0.143234 2.822436 1.223706
v -0.133508 2.895413 1.244976
v -0.139482 2.867689 1.226103
v -0.144876 2.833630 1.208025
v -0.131801 2.912158 1.232916
v -0.138138 2.882051 1.210816
v -0.143483 2.845969 1.189842
v -0.252408 2.119034 1.138999
v -0.227030 2.144521 1.097626
v -0.205151 2.160344 1.068657
v -0.261435 2.439942 1.428163
v -0.267892 2.235367 1.495137
v -0.271117 2.333735 1.417035
v -0.262714 2.415755 1.339656
v -0.252620 2.512645 1.345334
v -0.242117 2.603640 1.334324
v -0.253382 2.568153 1.385870
v -0.256379 2.562714 1.429280
v -0.260096 2.457512 1.479734
v -0.257437 2.345568 1.542107
v -0.260999 2.307974 1.512858
v -0.076266 2.013553 1.641401
v -0.146763 2.036077 1.630051
v -0.205725 2.078493 1.604862
v -0.074990 2.072552 1.654258
v -0.144185 2.095502 1.643257
v -0.201792 2.139540 1.618947
v -0.074083 2.110642 1.671198
v -0.142411 2.133252 1.660764
v -0.199228 2.177151 1.638132
v -0.072815 2.099217 1.896137
v -0.139913 2.121516 1.887567
v -0.195580 2.167244 1.871388
v -0.072694 2.083177 1.962463
v -0.139735 2.105393 1.953352
v -0.195468 2.151128 1.936444
v -0.072356 2.068485 2.042275
v -0.139156 2.090621 2.031954
v -0.194843 2.136449 2.013483
v -0.251409 2.352549 1.811424
v -0.250056 2.479369 1.773113
v -0.234193 2.604556 1.737566
v -0.251923 2.337276 1.874893
v -0.250501 2.465652 1.835235
v -0.233467 2.593609 1.797575
v -0.252083 2.323995 1.949162
v -0.251113 2.453821 1.908603
v -0.233981 2.583567 1.870452
v -0.165401 2.745275 2.057965
v -0.115486 2.788130 2.064285
v -0.059323 2.807667 2.073910
v -0.165421 2.720388 2.201783
v -0.116376 2.760003 2.217766
v -0.060067 2.777787 2.233156
v -0.163270 2.678620 2.335341
v -0.116741 2.711767 2.364290
v -0.060843 2.726499 2.387120
v -0.035031 2.892298 1.689121
v -0.065361 2.892897 1.670471
v -0.086328 2.896008 1.640479
v -0.031736 2.914453 1.685263
v -0.059356 2.915613 1.668321
v -0.078730 2.919112 1.642187
v -0.081696 2.916991 1.562021
v -0.059008 2.931184 1.527475
v -0.030768 2.941724 1.504116
v -0.077474 2.937644 1.573264
v -0.057528 2.950122 1.540468
v -0.030479 2.959953 1.517491
v -0.023812 3.054629 1.337767
v -0.046006 3.044186 1.337755
v -0.064840 3.028099 1.336471
v -0.027706 3.053981 1.300101
v -0.053402 3.040977 1.303167
v -0.075043 3.022003 1.306597
v -0.031777 3.042819 1.257463
v -0.061152 3.027627 1.263553
v -0.085716 3.006441 1.271335
v -0.102288 2.953995 1.202830
v -0.107632 2.918804 1.173522
v -0.111997 2.877283 1.146281
v -0.073230 2.975301 1.187526
v -0.077064 2.937967 1.154980
v -0.080238 2.893713 1.124896
v -0.038133 2.991300 1.176039
v -0.040152 2.952470 1.141170
v -0.041815 2.906176 1.109039
v -0.045388 2.793651 1.048426
v -0.087237 2.784683 1.067495
v -0.122006 2.772805 1.093250
v -0.047450 2.721220 1.017327
v -0.091287 2.713514 1.037653
v -0.127771 2.703233 1.065043
v -0.049407 2.628926 0.983730
v -0.095103 2.622633 1.005225
v -0.133256 2.614101 1.034068
v -0.052701 2.197842 0.864013
v -0.100839 2.201263 0.888864
v -0.140060 2.205984 0.921443
v -0.019111 2.967941 1.391373
v -0.038515 2.963134 1.388042
v -0.058344 2.955241 1.380648
v -0.018476 2.995996 1.387160
v -0.036807 2.991216 1.382848
v -0.054784 2.983418 1.374214
v -0.018960 3.023226 1.380602
v -0.037251 3.017335 1.376579
v -0.054253 3.007700 1.368476
v -0.093241 2.938115 1.344841
v -0.106047 2.929154 1.320028
v -0.116756 2.917047 1.295917
v -0.088033 2.964277 1.339801
v -0.102444 2.952592 1.315788
v -0.115172 2.937276 1.290434
v -0.084362 2.987938 1.336745
v -0.098540 2.976318 1.312673
v -0.111866 2.959321 1.285143
v -0.183942 2.863403 1.342450
v -0.195869 2.864268 1.370420
v -0.211243 2.855182 1.399187
v -0.197129 2.870181 1.341849
v -0.209401 2.871184 1.368034
v -0.224318 2.863616 1.392404
v -0.245420 2.703495 1.369548
v -0.240655 2.707049 1.340518
v -0.231713 2.724299 1.311853
v -0.249624 2.742000 1.355993
v -0.244739 2.744456 1.330474
v -0.237078 2.756452 1.307101
v -0.238842 2.798766 1.434518
v -0.245957 2.762130 1.432309
v -0.248380 2.732618 1.418345
v -0.247387 2.821800 1.416875
v -0.252404 2.793405 1.413169
v -0.253719 2.768084 1.400167
v -0.203526 2.783512 1.283136
v -0.190247 2.812802 1.287323
v -0.181197 2.836587 1.299336
v -0.214010 2.798938 1.284415
v -0.201959 2.823076 1.287958
v -0.193410 2.844595 1.299455
v -0.258931 1.323962 -1.348144
v -0.261676 0.750914 -1.650033
v -0.245608 0.820612 -1.910942
v -0.232065 1.464845 -1.777070
v -0.197101 0.825473 -2.233679
v -0.166254 1.206901 -2.203730
v -0.101825 1.107224 -2.554284
v -0.090663 1.236836 -2.484738
v -0.143297 0.670329 -1.692486
v -0.260464 0.712606 -1.591815
v -0.249899 0.678626 -1.536633
v -0.224636 0.659036 -1.485326
v -0.334457 0.880746 -1.581636
v -0.357917 1.037438 -1.499088
v -0.332570 1.194131 -1.416540
v -0.257504 1.229095 -1.280071
v -0.246701 1.127947 -1.236708
v -0.228480 1.057627 -1.223447
v -0.141410 1.404547 -1.305690
v -0.135269 0.730017 -1.929768
v -0.310664 0.966571 -1.880611
v -0.328400 1.142729 -1.844006
v -0.301354 1.318886 -1.807400
v -0.125958 1.555441 -1.758244
v -0.251993 0.820306 -1.842146
v -0.256796 0.807382 -1.775500
v -0.260021 0.783649 -1.711348
v -0.243361 1.479331 -1.659328
v -0.251474 1.456186 -1.544107
v -0.256598 1.402150 -1.438136
v -0.110040 0.772177 -2.237891
v -0.243035 0.911339 -2.226894
v -0.249441 1.014970 -2.218705
v -0.222189 1.118601 -2.210515
v -0.088582 1.262741 -2.199519
v -0.237525 0.809086 -1.982059
v -0.227190 0.796886 -2.057726
v -0.213937 0.797765 -2.140685
v -0.183393 1.259072 -2.105582
v -0.200884 1.334606 -2.001335
v -0.217607 1.410812 -1.891621
v -0.060152 1.115687 -2.577168
v -0.111105 1.147668 -2.555711
v -0.112948 1.191781 -2.542073
v -0.103911 1.222687 -2.513348
v -0.052958 1.254668 -2.491890
v -0.148287 1.190768 -2.294664
v -0.129368 1.200600 -2.375322
v -0.108809 1.221038 -2.441694
v -0.125031 1.050576 -2.510577
v -0.151824 0.969873 -2.433744
v -0.176243 0.887949 -2.336076
v -0.124184 0.607416 -1.519140
v -0.136869 0.615332 -1.578175
v -0.142647 0.639961 -1.635575
v -0.319306 0.779266 -1.468250
v -0.332850 0.829478 -1.521132
v -0.342383 0.899601 -1.390429
v -0.356118 0.970616 -1.435825
v -0.330815 1.111988 -1.350636
v -0.134671 1.189362 -1.194218
v -0.140612 1.301505 -1.236193
v -0.142440 0.696672 -1.749769
v -0.140809 0.716144 -1.808040
v -0.138415 0.727630 -1.867855
v -0.284722 1.274484 -1.912111
v -0.312904 1.109949 -1.936840
v -0.298416 0.945415 -1.961569
v -0.265192 1.212779 -2.014111
v -0.294301 1.065746 -2.029530
v -0.283278 0.918713 -2.044950
v -0.244109 1.154057 -2.113535
v -0.273092 1.028095 -2.123133
v -0.264925 0.902133 -2.132732
v -0.329783 1.262021 -1.500036
v -0.355176 1.092899 -1.574742
v -0.332136 0.923778 -1.649449
v -0.323781 1.309191 -1.596532
v -0.349435 1.131784 -1.659804
v -0.327439 0.954377 -1.723075
v -0.314369 1.330020 -1.700747
v -0.340556 1.149818 -1.750737
v -0.320303 0.969616 -1.800726
v -0.140086 1.489127 -1.399715
v -0.137151 1.547424 -1.511567
v -0.132481 1.572006 -1.633619
v -0.079083 1.235275 -2.288905
v -0.069295 1.233587 -2.367617
v -0.059236 1.245196 -2.434838
v -0.117603 1.495430 -1.878903
v -0.108008 1.410223 -1.993405
v -0.097926 1.324237 -2.100645
v -0.131297 0.724468 -1.994777
v -0.126094 0.721269 -2.065655
v -0.119172 0.732984 -2.145621
v -0.059143 1.178443 -2.592232
v -0.059273 1.222834 -2.577544
v -0.055457 1.248174 -2.541095
v -0.098404 0.845941 -2.342114
v -0.084738 0.939489 -2.443674
v -0.070376 1.033805 -2.525746
v -0.198215 1.120553 -2.304206
v -0.222850 1.038397 -2.315649
v -0.217285 0.956102 -2.326813
v -0.171923 1.148784 -2.389830
v -0.192507 1.086607 -2.406757
v -0.187366 1.022614 -2.421461
v -0.141575 1.186833 -2.461578
v -0.156852 1.142540 -2.483928
v -0.152715 1.091880 -2.499005
vt 0.339465 0.384107
vt 0.339310 0.356433
vt 0.377919 0.356590
vt 0.378091 0.383935
vt 0.415598 0.357256
vt 0.415584 0.383768
vt 0.453876 0.358425
vt 0.453591 0.383602
vt 0.498901 0.360194
vt 0.498419 0.383421
vt 0.556563 0.362697
vt 0.556074 0.383242
vt 0.621143 0.365496
vt 0.620851 0.383117
vt 0.060713 0.385347
vt 0.060326 0.367870
vt 0.124246 0.364762
vt 0.124864 0.385072
vt 0.181176 0.361892
vt 0.181838 0.384816
vt 0.225601 0.359750
vt 0.226110 0.384615
vt 0.263430 0.358193
vt 0.263704 0.384445
vt 0.300806 0.357084
vt 0.300922 0.384279
vt 0.339103 0.328769
vt 0.377936 0.329170
vt 0.415948 0.330660
vt 0.454631 0.333203
vt 0.500012 0.336982
vt 0.557791 0.342213
vt 0.622199 0.347948
vt 0.059201 0.350473
vt 0.122915 0.344529
vt 0.179898 0.339009
vt 0.224600 0.334868
vt 0.262756 0.331884
vt 0.300401 0.329832
vt 0.338833 0.301009
vt 0.378119 0.301628
vt 0.416659 0.303949
vt 0.455924 0.307916
vt 0.501816 0.313790
vt 0.559786 0.321827
vt 0.624005 0.330527
vt 0.057352 0.333208
vt 0.120848 0.324409
vt 0.177945 0.316181
vt 0.223042 0.309977
vt 0.261653 0.305518
vt 0.299719 0.302496
vt 0.338481 0.273048
vt 0.378483 0.273868
vt 0.417797 0.277060
vt 0.457855 0.282537
vt 0.504399 0.290628
vt 0.562584 0.301584
vt 0.626554 0.313291
vt 0.054788 0.316131
vt 0.118014 0.304447
vt 0.175243 0.293431
vt 0.220839 0.285075
vt 0.260052 0.279069
vt 0.298719 0.275012
vt 0.338017 0.244737
vt 0.379067 0.245741
vt 0.419473 0.249881
vt 0.460562 0.257022
vt 0.507873 0.267519
vt 0.566234 0.281541
vt 0.629841 0.296298
vt 0.051516 0.299295
vt 0.114374 0.284699
vt 0.171698 0.270788
vt 0.217870 0.260155
vt 0.257839 0.252485
vt 0.297319 0.247275
vt 0.337388 0.215862
vt 0.379937 0.217011
vt 0.421859 0.222244
vt 0.464247 0.231318
vt 0.512380 0.244499
vt 0.570786 0.261770
vt 0.633866 0.279605
vt 0.047538 0.282754
vt 0.109884 0.265226
vt 0.167197 0.248293
vt 0.213977 0.235203
vt 0.254848 0.225684
vt 0.295390 0.219133
vt 0.336502 0.186116
vt 0.381181 0.187323
vt 0.425214 0.193894
vt 0.469185 0.205367
vt 0.518093 0.221636
vt 0.576293 0.242358
vt 0.638626 0.263265
vt 0.042857 0.266555
vt 0.104499 0.246108
vt 0.161602 0.226005
vt 0.208951 0.210205
vt 0.250855 0.198559
vt 0.292741 0.190380
vt 0.335182 0.155081
vt 0.382912 0.156123
vt 0.429945 0.164448
vt 0.475767 0.179137
vt 0.525216 0.199049
vt 0.582800 0.223417
vt 0.644115 0.247324
vt 0.037478 0.250740
vt 0.098182 0.227437
vt 0.154753 0.204008
vt 0.202529 0.185156
vt 0.245561 0.170984
vt 0.289096 0.160751
vt 0.333059 0.122172
vt 0.385234 0.122536
vt 0.436768 0.133302
vt 0.484527 0.152702
vt 0.533968 0.176932
vt 0.590328 0.205081
vt 0.650319 0.231819
vt 0.031414 0.235340
vt 0.090907 0.209326
vt 0.146470 0.182429
vt 0.194381 0.160078
vt 0.238572 0.142821
vt 0.284063 0.129932
vt 0.329341 0.087458
vt 0.383513 0.085271
vt 0.408875 0.087497
vt 0.444832 0.098703
vt 0.496143 0.126450
vt 0.544551 0.155591
vt 0.598861 0.187510
vt 0.657212 0.216774
vt 0.024686 0.220375
vt 0.082679 0.191911
vt 0.136563 0.161457
vt 0.184094 0.135044
vt 0.229378 0.113948
vt 0.277118 0.097615
vt 0.493647 0.085930
vt 0.511218 0.101338
vt 0.470720 0.094761
vt 0.557081 0.135450
vt 0.608321 0.170881
vt 0.664751 0.202190
vt 0.017329 0.205845
vt 0.073548 0.175352
vt 0.124846 0.141373
vt 0.171147 0.110215
vt 0.217326 0.084272
vt 0.267559 0.064026
vt 0.322886 0.049838
vt 0.516406 0.065776
vt 0.529845 0.078093
vt 0.571548 0.116912
vt 0.618536 0.155370
vt 0.672874 0.188041
vt 0.009400 0.191728
vt 0.063648 0.159822
vt 0.111160 0.122511
vt 0.154834 0.085841
vt 0.201443 0.053428
vt 0.255072 0.027833
vt 0.313721 0.010481
vt 0.319509 0.755482
vt 0.326468 0.716660
vt 0.376232 0.722221
vt 0.361927 0.761239
vt 0.798958 0.053746
vt 0.841461 0.078267
vt 0.805127 0.071432
vt 0.607132 0.618394
vt 0.587370 0.602553
vt 0.608224 0.594981
vt 0.618060 0.610628
vt 0.664833 0.564022
vt 0.672874 0.578267
vt 0.011025 0.579638
vt 0.018836 0.565419
vt 0.075444 0.595433
vt 0.065677 0.611092
vt 0.127193 0.628953
vt 0.113680 0.648015
vt 0.173971 0.659628
vt 0.157936 0.684303
vt 0.220626 0.684947
vt 0.205259 0.716160
vt 0.271272 0.704268
vt 0.259747 0.740688
vt 0.331807 0.680185
vt 0.395722 0.680368
vt 0.561420 0.595003
vt 0.598856 0.578223
vt 0.657374 0.549390
vt 0.026070 0.550794
vt 0.084427 0.578754
vt 0.138708 0.608700
vt 0.186611 0.634581
vt 0.232185 0.655022
vt 0.279966 0.670379
vt 0.334841 0.645319
vt 0.386809 0.646019
vt 0.439077 0.635118
vt 0.443901 0.650856
vt 0.926449 0.053867
vt 0.922025 0.074732
vt 0.889651 0.078268
vt 0.488719 0.615512
vt 0.537163 0.595146
vt 0.590460 0.560593
vt 0.650548 0.534318
vt 0.032672 0.535740
vt 0.092497 0.561232
vt 0.148400 0.587593
vt 0.196591 0.609407
vt 0.240950 0.626070
vt 0.286383 0.638243
vt 0.336915 0.612920
vt 0.384594 0.612082
vt 0.432129 0.603618
vt 0.478637 0.588306
vt 0.526744 0.566150
vt 0.583129 0.542349
vt 0.644377 0.518775
vt 0.038605 0.520260
vt 0.099604 0.543028
vt 0.156461 0.565909
vt 0.204449 0.584243
vt 0.247585 0.597901
vt 0.291068 0.607612
vt 0.338115 0.582041
vt 0.382805 0.580729
vt 0.427094 0.573885
vt 0.471260 0.561733
vt 0.519412 0.544205
vt 0.576735 0.523578
vt 0.638902 0.502832
vt 0.043849 0.504374
vt 0.105749 0.524277
vt 0.163088 0.543832
vt 0.210599 0.559140
vt 0.252578 0.570334
vt 0.294441 0.578091
vt 0.338820 0.552346
vt 0.381390 0.550953
vt 0.423420 0.545376
vt 0.465818 0.535724
vt 0.513477 0.521729
vt 0.571255 0.504318
vt 0.634137 0.486509
vt 0.048393 0.488113
vt 0.110957 0.505092
vt 0.168464 0.521482
vt 0.215370 0.534107
vt 0.256301 0.543217
vt 0.296845 0.549392
vt 0.339234 0.523482
vt 0.380296 0.522172
vt 0.420733 0.517667
vt 0.461770 0.510038
vt 0.508764 0.498950
vt 0.566677 0.484673
vt 0.630090 0.469842
vt 0.052232 0.471520
vt 0.115270 0.485565
vt 0.172749 0.498941
vt 0.219020 0.509129
vt 0.259039 0.516418
vt 0.298534 0.521273
vt 0.339464 0.495171
vt 0.379468 0.494018
vt 0.418778 0.490464
vt 0.458770 0.484565
vt 0.505098 0.475997
vt 0.562968 0.464731
vt 0.626767 0.452878
vt 0.055363 0.454641
vt 0.118732 0.465773
vt 0.176080 0.476263
vt 0.221752 0.484190
vt 0.261008 0.489832
vt 0.299693 0.493544
vt 0.339573 0.467208
vt 0.378857 0.466247
vt 0.417380 0.463573
vt 0.456587 0.459227
vt 0.502333 0.452938
vt 0.560088 0.444564
vt 0.624173 0.435669
vt 0.057784 0.437530
vt 0.121386 0.445778
vt 0.178571 0.453486
vt 0.223724 0.459274
vt 0.262368 0.463380
vt 0.300450 0.466061
vt 0.339598 0.439446
vt 0.378426 0.438701
vt 0.416422 0.436868
vt 0.455063 0.433973
vt 0.500354 0.429811
vt 0.557999 0.424230
vt 0.622314 0.418269
vt 0.059490 0.420241
vt 0.123274 0.425635
vt 0.180315 0.430640
vt 0.225053 0.434372
vt 0.263231 0.437010
vt 0.300889 0.438725
vt 0.339558 0.411781
vt 0.378163 0.411281
vt 0.415832 0.410278
vt 0.454089 0.408771
vt 0.499072 0.406636
vt 0.556669 0.403777
vt 0.621202 0.400734
vt 0.060471 0.402829
vt 0.124425 0.405387
vt 0.181384 0.407745
vt 0.225827 0.409484
vt 0.263667 0.410698
vt 0.301050 0.411473
vt 0.884905 0.097777
vt 0.851613 0.093904
vt 0.882596 0.153759
vt 0.858939 0.147600
vt 0.835828 0.141841
vt 0.897300 0.099968
vt 0.904338 0.159218
vt 0.905195 0.198867
vt 0.884430 0.192546
vt 0.861544 0.184935
vt 0.839193 0.177397
vt 0.819506 0.171363
vt 0.815337 0.137706
vt 0.835490 0.097121
vt 0.809599 0.092010
vt 0.855271 0.366814
vt 0.877748 0.381671
vt 0.876032 0.392847
vt 0.849400 0.373245
vt 0.897301 0.393343
vt 0.898598 0.402594
vt 0.905656 0.413707
vt 0.891292 0.411189
vt 0.878560 0.411962
vt 0.861000 0.394910
vt 0.839395 0.377414
vt 0.837723 0.345892
vt 0.859494 0.359438
vt 0.833212 0.352427
vt 0.881207 0.373592
vt 0.826788 0.358008
vt 0.914198 0.395785
vt 0.912167 0.401746
vt 0.899875 0.386034
vt 0.913123 0.408884
vt 0.925928 0.423839
vt 0.914371 0.423578
vt 0.917784 0.416656
vt 0.902882 0.423975
vt 0.882242 0.429422
vt 0.867431 0.414734
vt 0.892128 0.426053
vt 0.848913 0.397770
vt 0.806877 0.367765
vt 0.817602 0.362786
vt 0.827761 0.381117
vt 0.765015 0.419321
vt 0.783208 0.431749
vt 0.767043 0.442637
vt 0.751478 0.430929
vt 0.800152 0.446390
vt 0.781602 0.456122
vt 0.752454 0.452670
vt 0.740002 0.441805
vt 0.764819 0.464348
vt 0.761195 0.398948
vt 0.779281 0.408247
vt 0.748380 0.410556
vt 0.799347 0.421314
vt 0.818227 0.436639
vt 0.833227 0.451692
vt 0.813217 0.460924
vt 0.792446 0.469582
vt 0.773767 0.475638
vt 0.760900 0.478468
vt 0.751563 0.471633
vt 0.740023 0.461349
vt 0.730081 0.450526
vt 0.728541 0.434065
vt 0.724048 0.442501
vt 0.736968 0.422672
vt 0.713086 0.396839
vt 0.723834 0.401312
vt 0.713941 0.416000
vt 0.703206 0.413650
vt 0.735051 0.405273
vt 0.724730 0.418346
vt 0.707749 0.430681
vt 0.697405 0.430735
vt 0.717871 0.431112
vt 0.714637 0.374008
vt 0.725103 0.381683
vt 0.702072 0.390776
vt 0.735684 0.387732
vt 0.747125 0.392900
vt 0.715883 0.443450
vt 0.706299 0.445183
vt 0.696540 0.447511
vt 0.685845 0.429928
vt 0.685671 0.449679
vt 0.691695 0.409927
vt 0.960634 0.068883
vt 0.962612 0.111933
vt 0.943918 0.126822
vt 0.941313 0.073308
vt 0.966910 0.143945
vt 0.955220 0.157458
vt 0.948081 0.182404
vt 0.937459 0.170195
vt 0.922566 0.163600
vt 0.922921 0.105972
vt 0.981308 0.023968
vt 0.980110 0.066747
vt 0.959996 0.028459
vt 0.979639 0.107978
vt 0.938899 0.037906
vt 0.982023 0.162362
vt 0.971329 0.165837
vt 0.980440 0.139721
vt 0.962106 0.176035
vt 0.951264 0.219516
vt 0.944413 0.213394
vt 0.955478 0.194320
vt 0.934836 0.207468
vt 0.921879 0.203215
vt 0.742522 0.479455
vt 0.735429 0.487430
vt 0.720825 0.475185
vt 0.729727 0.468667
vt 0.728826 0.495391
vt 0.712503 0.481581
vt 0.710684 0.460387
vt 0.720285 0.456095
vt 0.701407 0.464803
vt 0.757848 0.485976
vt 0.753577 0.494841
vt 0.749195 0.503869
vt 0.745554 0.513898
vt 0.722579 0.504159
vt 0.704189 0.488475
vt 0.691853 0.469415
vt 0.798865 0.092465
vt 0.777707 0.098475
vt 0.782224 0.075826
vt 0.797964 0.136184
vt 0.781471 0.137143
vt 0.756967 0.103580
vt 0.752730 0.083741
vt 0.764573 0.139986
vt 0.802817 0.168061
vt 0.786962 0.167516
vt 0.770707 0.169260
vt 0.754056 0.172639
vt 0.747172 0.143943
vt 0.738264 0.107682
vt 0.732761 0.086198
vt 0.759611 0.054270
vt 0.724697 0.057128
vt 0.782146 0.323171
vt 0.797386 0.331610
vt 0.791796 0.337699
vt 0.777743 0.329117
vt 0.814151 0.341031
vt 0.807769 0.346766
vt 0.784676 0.344142
vt 0.771940 0.335624
vt 0.799391 0.352507
vt 0.771418 0.311138
vt 0.785272 0.317508
vt 0.768922 0.315777
vt 0.801320 0.325402
vt 0.818591 0.334684
vt 0.789928 0.358707
vt 0.776518 0.351011
vt 0.764890 0.342652
vt 0.760581 0.326755
vt 0.754312 0.333416
vt 0.765420 0.320883
vt 0.181183 0.892539
vt 0.180022 0.890784
vt 0.180933 0.889200
vt 0.183116 0.889989
vt 0.177882 0.889872
vt 0.179133 0.888555
vt 0.181089 0.887437
vt 0.183247 0.886791
vt 0.178963 0.886869
vt 0.392484 0.953764
vt 0.394167 0.953065
vt 0.397520 0.956051
vt 0.393935 0.955751
vt 0.176944 0.894632
vt 0.176332 0.892806
vt 0.174380 0.891091
vt 0.172218 0.889621
vt 0.174025 0.888630
vt 0.175308 0.887207
vt 0.175422 0.885491
vt 0.174800 0.883810
vt 0.177176 0.884010
vt 0.179612 0.883726
vt 0.181404 0.882322
vt 0.393224 0.960346
vt 0.396989 0.960923
vt 0.393064 0.963200
vt 0.391302 0.961988
vt 0.394416 0.958138
vt 0.398465 0.958594
vt 0.066189 0.851602
vt 0.071436 0.851117
vt 0.074044 0.865013
vt 0.069846 0.865075
vt 0.076459 0.850862
vt 0.078046 0.864977
vt 0.076265 0.878213
vt 0.072987 0.877361
vt 0.079284 0.878655
vt 0.056918 0.840279
vt 0.062794 0.839194
vt 0.061314 0.852520
vt 0.069105 0.838617
vt 0.075090 0.838364
vt 0.080341 0.838245
vt 0.080928 0.850677
vt 0.081631 0.864880
vt 0.081977 0.878749
vt 0.081496 0.890130
vt 0.079615 0.889776
vt 0.077507 0.888815
vt 0.074949 0.886838
vt 0.070038 0.877155
vt 0.072613 0.884482
vt 0.065978 0.865635
vt 0.884005 0.445065
vt 0.892045 0.453246
vt 0.883026 0.462261
vt 0.873951 0.450798
vt 0.898290 0.458024
vt 0.892899 0.465276
vt 0.891319 0.474176
vt 0.883343 0.474904
vt 0.870232 0.478877
vt 0.866956 0.468046
vt 0.860464 0.456929
vt 0.892793 0.440116
vt 0.872817 0.433445
vt 0.900222 0.447416
vt 0.862464 0.438222
vt 0.911751 0.456329
vt 0.902629 0.461255
vt 0.905983 0.452322
vt 0.897707 0.467382
vt 0.896793 0.482205
vt 0.892625 0.483206
vt 0.895954 0.474653
vt 0.885482 0.485291
vt 0.854700 0.496236
vt 0.851558 0.485786
vt 0.873220 0.489448
vt 0.848287 0.475310
vt 0.849642 0.444104
vt 0.842814 0.464390
vt 0.166919 0.868216
vt 0.177110 0.876930
vt 0.175172 0.878667
vt 0.164333 0.870489
vt 0.373795 0.962972
vt 0.386413 0.962516
vt 0.386655 0.964868
vt 0.373318 0.966212
vt 0.147654 0.868700
vt 0.150702 0.866000
vt 0.161656 0.872768
vt 0.159201 0.874948
vt 0.153911 0.863255
vt 0.157154 0.860662
vt 0.360979 0.967066
vt 0.361761 0.963109
vt 0.172768 0.880000
vt 0.170687 0.881256
vt 0.155343 0.892708
vt 0.169362 0.893698
vt 0.170218 0.895876
vt 0.156744 0.895645
vt 0.921492 0.430720
vt 0.927701 0.436212
vt 0.918436 0.439124
vt 0.911630 0.432851
vt 0.933710 0.440893
vt 0.924350 0.443949
vt 0.909073 0.442817
vt 0.901943 0.436002
vt 0.914878 0.447674
vt 0.930576 0.429277
vt 0.935975 0.433701
vt 0.941970 0.437870
vt 0.948740 0.442790
vt 0.939273 0.445305
vt 0.930030 0.448026
vt 0.920843 0.451409
vt 0.154004 0.889388
vt 0.167919 0.891286
vt 0.153371 0.885934
vt 0.166978 0.888871
vt 0.364236 0.945512
vt 0.363475 0.941825
vt 0.375509 0.945638
vt 0.375937 0.948601
vt 0.144242 0.895040
vt 0.142181 0.891426
vt 0.140491 0.887275
vt 0.139782 0.882847
vt 0.388314 0.950074
vt 0.388013 0.952107
vt 0.155488 0.879783
vt 0.168940 0.884869
vt 0.167717 0.886787
vt 0.154021 0.882700
vt 0.157222 0.877207
vt 0.169733 0.882954
vt 0.140488 0.878586
vt 0.142306 0.874738
vt 0.144817 0.871466
vt 0.375634 0.955751
vt 0.388299 0.957392
vt 0.387348 0.960099
vt 0.374725 0.959537
vt 0.376052 0.951962
vt 0.388327 0.954585
vt 0.362760 0.958852
vt 0.363717 0.954196
vt 0.364311 0.949594
vt 0.075194 0.897596
vt 0.075432 0.895860
vt 0.077032 0.897267
vt 0.077399 0.898407
vt 0.075508 0.892752
vt 0.077490 0.895156
vt 0.078730 0.896394
vt 0.069313 0.894131
vt 0.070601 0.892737
vt 0.074701 0.898892
vt 0.071616 0.890744
vt 0.077731 0.899440
vt 0.072293 0.887702
vt 0.079893 0.897143
vt 0.049438 0.858561
vt 0.053177 0.856183
vt 0.059741 0.869173
vt 0.056823 0.871273
vt 0.057080 0.854078
vt 0.062717 0.867120
vt 0.066126 0.881340
vt 0.064169 0.883371
vt 0.067944 0.878905
vt 0.038658 0.850245
vt 0.042842 0.847329
vt 0.045813 0.860982
vt 0.047213 0.844509
vt 0.051843 0.842071
vt 0.062096 0.885021
vt 0.053940 0.873273
vt 0.101672 0.927171
vt 0.115053 0.926682
vt 0.114925 0.930881
vt 0.101465 0.931228
vt 0.132248 0.926026
vt 0.132141 0.930323
vt 0.114885 0.935621
vt 0.101328 0.935799
vt 0.132143 0.935171
vt 0.091871 0.924054
vt 0.102257 0.923527
vt 0.091152 0.927501
vt 0.115508 0.922858
vt 0.132591 0.922044
vt 0.154501 0.921174
vt 0.154236 0.925281
vt 0.154110 0.929620
vt 0.154142 0.934505
vt 0.154360 0.940563
vt 0.132150 0.941128
vt 0.114729 0.941387
vt 0.100985 0.941313
vt 0.090449 0.935708
vt 0.089822 0.940917
vt 0.090790 0.931365
vt 0.288660 0.932805
vt 0.304290 0.939562
vt 0.293841 0.944530
vt 0.281008 0.937544
vt 0.313918 0.947758
vt 0.301785 0.952662
vt 0.282460 0.948504
vt 0.272036 0.941559
vt 0.289101 0.956792
vt 0.271849 0.922747
vt 0.297588 0.927034
vt 0.267043 0.927848
vt 0.317092 0.933169
vt 0.329032 0.941529
vt 0.334922 0.951941
vt 0.318849 0.956932
vt 0.306150 0.961433
vt 0.292902 0.965864
vt 0.274847 0.970219
vt 0.271926 0.960554
vt 0.266610 0.951714
vt 0.258894 0.944453
vt 0.256843 0.936583
vt 0.251269 0.939850
vt 0.262446 0.932367
vt 0.891163 0.265283
vt 0.869204 0.255605
vt 0.910459 0.272660
vt 0.901884 0.324765
vt 0.880263 0.315259
vt 0.919817 0.331624
vt 0.797878 0.225944
vt 0.782491 0.225749
vt 0.847585 0.244992
vt 0.828758 0.235500
vt 0.857469 0.303202
vt 0.837081 0.290557
vt 0.805168 0.274888
vt 0.789930 0.272346
vt 0.936783 0.356745
vt 0.945067 0.359071
vt 0.948112 0.375000
vt 0.940705 0.372802
vt 0.950904 0.360191
vt 0.953441 0.376277
vt 0.950900 0.387293
vt 0.944727 0.385488
vt 0.955618 0.388616
vt 0.932727 0.335923
vt 0.924783 0.352732
vt 0.941727 0.338200
vt 0.948105 0.339111
vt 0.952794 0.339320
vt 0.955218 0.360580
vt 0.957459 0.376881
vt 0.959344 0.389426
vt 0.960794 0.399262
vt 0.957369 0.398268
vt 0.953320 0.396937
vt 0.948520 0.395630
vt 0.936275 0.382883
vt 0.942754 0.394981
vt 0.930085 0.369331
vt 0.812936 0.229064
vt 0.820473 0.280790
vt 0.211067 0.924279
vt 0.210263 0.928627
vt 0.766949 0.227931
vt 0.774994 0.272529
vt 0.928032 0.454411
vt 0.935727 0.451734
vt 0.941073 0.455344
vt 0.935048 0.457460
vt 0.943570 0.449673
vt 0.947149 0.453772
vt 0.945511 0.459127
vt 0.940730 0.461046
vt 0.950215 0.457663
vt 0.921992 0.457558
vt 0.950496 0.448659
vt 0.952511 0.452900
vt 0.954530 0.456591
vt 0.956203 0.460217
vt 0.952412 0.461622
vt 0.948451 0.463298
vt 0.944393 0.465335
vt 0.936587 0.463198
vt 0.940709 0.467517
vt 0.930155 0.459920
vt 0.948011 0.434340
vt 0.942689 0.431168
vt 0.948028 0.428414
vt 0.952443 0.430674
vt 0.937992 0.428119
vt 0.943946 0.426400
vt 0.952132 0.425257
vt 0.955778 0.426907
vt 0.948650 0.423871
vt 0.953156 0.437581
vt 0.934951 0.425314
vt 0.940955 0.424648
vt 0.945816 0.422734
vt 0.949322 0.419516
vt 0.951870 0.420352
vt 0.954864 0.421474
vt 0.958008 0.422828
vt 0.959194 0.428795
vt 0.961042 0.424310
vt 0.956524 0.433147
vt 0.209567 0.933352
vt 0.211819 0.919886
vt 0.209897 0.939147
vt 0.935630 0.279366
vt 0.925023 0.277078
vt 0.951514 0.403648
vt 0.955167 0.404797
vt 0.956185 0.411375
vt 0.953171 0.410229
vt 0.958621 0.406156
vt 0.959245 0.412724
vt 0.956157 0.416896
vt 0.953338 0.415786
vt 0.959105 0.418200
vt 0.948397 0.403521
vt 0.961770 0.407290
vt 0.962205 0.413943
vt 0.962010 0.419498
vt 0.950916 0.415082
vt 0.950591 0.409731
vt 0.069891 0.927294
vt 0.075720 0.927724
vt 0.074818 0.931091
vt 0.068596 0.930443
vt 0.082664 0.927729
vt 0.082068 0.931351
vt 0.073735 0.934803
vt 0.067030 0.933853
vt 0.081400 0.935393
vt 0.066308 0.923332
vt 0.071130 0.924356
vt 0.064695 0.926252
vt 0.076725 0.924667
vt 0.083511 0.924490
vt 0.080350 0.940232
vt 0.072176 0.939233
vt 0.064940 0.937869
vt 0.060788 0.932462
vt 0.058201 0.936079
vt 0.062895 0.929278
vt 0.943340 0.280558
vt 0.948932 0.281264
vt 0.214715 0.956168
vt 0.217021 0.966227
vt 0.155670 0.968083
vt 0.155264 0.958072
vt 0.862582 0.325360
vt 0.886571 0.337824
vt 0.893877 0.358551
vt 0.865539 0.341623
vt 0.907860 0.346609
vt 0.915030 0.364441
vt 0.924639 0.379310
vt 0.912706 0.377518
vt 0.904717 0.380358
vt 0.886198 0.366491
vt 0.863572 0.351793
vt 0.840221 0.311954
vt 0.842019 0.327711
vt 0.933058 0.390541
vt 0.924594 0.389383
vt 0.918299 0.391371
vt 0.841012 0.338250
vt 0.790542 0.289254
vt 0.806074 0.293420
vt 0.805575 0.307717
vt 0.789570 0.301957
vt 0.822114 0.300866
vt 0.822590 0.316242
vt 0.803998 0.318020
vt 0.787687 0.311018
vt 0.821490 0.326996
vt 0.775774 0.287656
vt 0.773309 0.305854
vt 0.774920 0.298442
vt 0.756748 0.350290
vt 0.767648 0.358394
vt 0.757956 0.366653
vt 0.747426 0.358950
vt 0.780121 0.365540
vt 0.769861 0.373275
vt 0.747296 0.376257
vt 0.736841 0.369191
vt 0.758902 0.382265
vt 0.746644 0.340959
vt 0.796021 0.373602
vt 0.785017 0.380579
vt 0.773505 0.388942
vt 0.726758 0.360552
vt 0.737479 0.349801
vt 0.816270 0.385642
vt 0.837631 0.401438
vt 0.826176 0.406294
vt 0.804711 0.391467
vt 0.857039 0.418280
vt 0.846155 0.422787
vt 0.813654 0.412791
vt 0.792539 0.398919
vt 0.833539 0.428739
vt 0.820946 0.473349
vt 0.824964 0.484171
vt 0.799557 0.492021
vt 0.797837 0.481433
vt 0.827265 0.494576
vt 0.800093 0.502336
vt 0.775111 0.496131
vt 0.776279 0.486214
vt 0.773226 0.506019
vt 0.829826 0.505044
vt 0.801300 0.512934
vt 0.772276 0.516608
vt 0.031418 0.830166
vt 0.036870 0.825843
vt 0.039256 0.829887
vt 0.034064 0.833691
vt 0.043150 0.822149
vt 0.045032 0.826674
vt 0.051517 0.824416
vt 0.024165 0.832670
vt 0.029213 0.827383
vt 0.026646 0.834762
vt 0.034675 0.822592
vt 0.041212 0.818491
vt 0.050757 0.814490
vt 0.050517 0.819540
vt 0.029413 0.837663
vt 0.066934 0.822768
vt 0.059022 0.823265
vt 0.058928 0.818554
vt 0.067356 0.818260
vt 0.074847 0.818261
vt 0.074256 0.822673
vt 0.080323 0.823024
vt 0.060938 0.814590
vt 0.069215 0.814597
vt 0.076217 0.814651
vt 0.081977 0.815407
vt 0.080964 0.818918
vt 0.031489 0.935187
vt 0.035044 0.933408
vt 0.038946 0.937468
vt 0.035107 0.940426
vt 0.038449 0.931563
vt 0.042565 0.934499
vt 0.044518 0.941692
vt 0.040519 0.945850
vt 0.048274 0.937615
vt 0.026114 0.931361
vt 0.029683 0.930659
vt 0.027543 0.936875
vt 0.032977 0.929780
vt 0.036253 0.928827
vt 0.038985 0.928089
vt 0.041540 0.929522
vt 0.045911 0.931586
vt 0.051679 0.933877
vt 0.054963 0.940551
vt 0.051258 0.945594
vt 0.047313 0.950827
vt 0.036256 0.950038
vt 0.043244 0.956199
vt 0.030900 0.943347
vt 0.062100 0.942981
vt 0.069885 0.944929
vt 0.067047 0.951520
vt 0.058720 0.948846
vt 0.078658 0.946465
vt 0.076467 0.953702
vt 0.063970 0.958487
vt 0.055099 0.955007
vt 0.074044 0.961361
vt 0.088673 0.947628
vt 0.087104 0.955431
vt 0.085312 0.963679
vt 0.083505 0.972027
vt 0.071669 0.969188
vt 0.060958 0.965680
vt 0.051480 0.961388
vt 0.097901 0.965506
vt 0.099170 0.956738
vt 0.113684 0.957648
vt 0.112895 0.966907
vt 0.100243 0.948437
vt 0.114319 0.948887
vt 0.131953 0.958117
vt 0.131702 0.967822
vt 0.132096 0.948947
vt 0.096570 0.974334
vt 0.154777 0.948604
vt 0.131322 0.977565
vt 0.155845 0.978072
vt 0.112020 0.976206
vt 0.211938 0.946895
vt 0.218333 0.976440
vt 0.031709 0.916244
vt 0.035661 0.916481
vt 0.033789 0.921574
vt 0.030237 0.921440
vt 0.040078 0.916624
vt 0.037653 0.921653
vt 0.032726 0.926075
vt 0.029422 0.926362
vt 0.036181 0.925719
vt 0.029123 0.911026
vt 0.033142 0.911595
vt 0.028012 0.915622
vt 0.037433 0.911494
vt 0.042192 0.910925
vt 0.048387 0.910244
vt 0.044933 0.917390
vt 0.041974 0.922196
vt 0.039957 0.925822
vt 0.025933 0.926380
vt 0.026728 0.920989
vt 0.049851 0.919600
vt 0.054748 0.922204
vt 0.051822 0.925570
vt 0.046717 0.923615
vt 0.059687 0.924505
vt 0.057278 0.927566
vt 0.048926 0.928697
vt 0.044083 0.926943
vt 0.054637 0.930641
vt 0.053270 0.915090
vt 0.057573 0.918665
vt 0.061859 0.921426
vt 0.349517 0.958919
vt 0.350422 0.953334
vt 0.353375 0.953078
vt 0.352356 0.958520
vt 0.350660 0.947111
vt 0.353877 0.947500
vt 0.353557 0.942226
vt 0.943833 0.421606
vt 0.947251 0.418887
vt 0.939403 0.422932
vt 0.934663 0.422814
vt 0.929699 0.421350
vt 0.349660 0.940607
vt 0.351272 0.963498
vt 0.128981 0.870519
vt 0.126639 0.875052
vt 0.348469 0.963826
vt 0.118660 0.874024
vt 0.121512 0.869420
vt 0.126276 0.865308
vt 0.132502 0.866529
vt 0.136587 0.863153
vt 0.926917 0.398914
vt 0.923447 0.402451
vt 0.931789 0.397204
vt 0.937564 0.397778
vt 0.942895 0.400719
vt 0.131993 0.861687
vt 0.125854 0.880017
vt 0.129143 0.890256
vt 0.132369 0.894750
vt 0.117808 0.879167
vt 0.126704 0.894681
vt 0.121933 0.889695
vt 0.118914 0.884518
vt 0.126771 0.885217
vt 0.925097 0.417797
vt 0.922161 0.412696
vt 0.921679 0.407263
vt 0.352614 0.937155
vt 0.145057 0.856972
vt 0.140838 0.860068
vt 0.348127 0.933772
vt 0.137691 0.858417
vt 0.142741 0.855118
vt 0.147130 0.852187
vt 0.149065 0.854142
vt 0.350561 0.968177
vt 0.946587 0.405290
vt 0.948543 0.410216
vt 0.948852 0.414925
vt 0.347801 0.968593
vt 0.969248 0.954418
vt 0.957024 0.957487
vt 0.952752 0.930210
vt 0.964790 0.929388
vt 0.944471 0.959837
vt 0.940433 0.931090
vt 0.931885 0.961738
vt 0.927589 0.932511
vt 0.925005 0.902758
vt 0.938658 0.902860
vt 0.951315 0.903904
vt 0.963289 0.905499
vt 0.331945 0.034946
vt 0.348657 0.055068
vt 0.322011 0.009400
vt 0.952733 0.876234
vt 0.938308 0.872774
vt 0.936919 0.840366
vt 0.952599 0.846768
vt 0.933985 0.808823
vt 0.953588 0.813405
vt 0.378779 0.072595
vt 0.922936 0.870746
vt 0.919767 0.836845
vt 0.915269 0.804576
vt 0.910698 0.776408
vt 0.930586 0.780825
vt 0.949877 0.787237
vt 0.963651 0.791914
vt 0.972534 0.771394
vt 0.951802 0.761503
vt 0.958868 0.734565
vt 0.982824 0.745149
vt 0.930115 0.754765
vt 0.934004 0.726726
vt 0.907909 0.750594
vt 0.907903 0.722670
vt 0.914936 0.934397
vt 0.919769 0.963711
vt 0.908079 0.965973
vt 0.902557 0.936927
vt 0.896582 0.968642
vt 0.890454 0.940243
vt 0.911191 0.903910
vt 0.884943 0.971790
vt 0.878559 0.944424
vt 0.884727 0.910519
vt 0.872395 0.916435
vt 0.897716 0.906410
vt 0.831795 0.837846
vt 0.842804 0.866947
vt 0.830972 0.882493
vt 0.819160 0.856482
vt 0.852882 0.896572
vt 0.841085 0.908188
vt 0.818493 0.897340
vt 0.806566 0.875419
vt 0.828089 0.918528
vt 0.835794 0.795839
vt 0.845393 0.822472
vt 0.820787 0.812363
vt 0.855329 0.853481
vt 0.864786 0.885897
vt 0.860610 0.923956
vt 0.848482 0.931631
vt 0.834938 0.938080
vt 0.818159 0.941931
vt 0.812345 0.925814
vt 0.803906 0.908841
vt 0.792944 0.891195
vt 0.793316 0.855156
vt 0.780107 0.874617
vt 0.806720 0.833097
vt 0.896446 0.803517
vt 0.902425 0.836153
vt 0.885550 0.838482
vt 0.878101 0.805871
vt 0.907410 0.870795
vt 0.892300 0.873195
vt 0.869674 0.844072
vt 0.860902 0.812015
vt 0.877957 0.878082
vt 0.890529 0.775315
vt 0.852437 0.784631
vt 0.870826 0.777850
vt 0.881475 0.723238
vt 0.885493 0.750091
vt 0.863767 0.753460
vt 0.856192 0.728621
vt 0.843652 0.761347
vt 0.832597 0.738149
vt 0.825243 0.773731
vt 0.810883 0.753109
vt 0.739766 0.867207
vt 0.753713 0.876989
vt 0.742576 0.889444
vt 0.730540 0.881054
vt 0.733061 0.899378
vt 0.722563 0.893373
vt 0.749696 0.849977
vt 0.765713 0.860686
vt 0.766348 0.888635
vt 0.752812 0.898605
vt 0.741188 0.905697
vt 0.733796 0.910080
vt 0.726727 0.908080
vt 0.716769 0.904904
vt 0.791381 0.774312
vt 0.808246 0.791672
vt 0.792583 0.814406
vt 0.774715 0.800202
vt 0.778514 0.838827
vt 0.761054 0.826877
vt 0.866612 0.949309
vt 0.872605 0.975319
vt 0.858843 0.978616
vt 0.853972 0.954096
vt 0.842659 0.980883
vt 0.839577 0.958013
vt 0.822004 0.981505
vt 0.821338 0.959925
vt 0.727403 0.930822
vt 0.716663 0.934518
vt 0.713771 0.925219
vt 0.724601 0.923667
vt 0.713798 0.915789
vt 0.724345 0.916371
vt 0.741912 0.934968
vt 0.734715 0.939034
vt 0.738625 0.929136
vt 0.725245 0.946086
vt 0.734305 0.915747
vt 0.735815 0.922441
vt 0.797617 0.958942
vt 0.795338 0.978415
vt 0.766850 0.970741
vt 0.772003 0.954419
vt 0.742295 0.959059
vt 0.749813 0.947421
vt 0.796771 0.942741
vt 0.754164 0.937809
vt 0.773839 0.940891
vt 0.777207 0.901892
vt 0.786052 0.915614
vt 0.767045 0.919151
vt 0.760814 0.908683
vt 0.792720 0.929077
vt 0.771734 0.929722
vt 0.749784 0.921110
vt 0.746139 0.913184
vt 0.753127 0.929244
vt 0.339465 0.384107
vt 0.378091 0.383935
vt 0.377919 0.356590
vt 0.339310 0.356433
vt 0.415584 0.383768
vt 0.415598 0.357256
vt 0.453591 0.383602
vt 0.453876 0.358425
vt 0.498419 0.383421
vt 0.498901 0.360194
vt 0.556074 0.383242
vt 0.556563 0.362697
vt 0.620851 0.383117
vt 0.621143 0.365496
vt 0.060713 0.385347
vt 0.124864 0.385072
vt 0.124246 0.364762
vt 0.060326 0.367870
vt 0.181838 0.384816
vt 0.181176 0.361892
vt 0.226110 0.384615
vt 0.225601 0.359750
vt 0.263704 0.384445
vt 0.263430 0.358193
vt 0.300922 0.384279
vt 0.300806 0.357084
vt 0.377936 0.329170
vt 0.339103 0.328769
vt 0.415948 0.330660
vt 0.454631 0.333203
vt 0.500012 0.336982
vt 0.557791 0.342213
vt 0.622199 0.347948
vt 0.122915 0.344529
vt 0.059201 0.350473
vt 0.179898 0.339009
vt 0.224600 0.334868
vt 0.262756 0.331884
vt 0.300401 0.329832
vt 0.378119 0.301628
vt 0.338833 0.301009
vt 0.416659 0.303949
vt 0.455924 0.307916
vt 0.501816 0.313790
vt 0.559786 0.321827
vt 0.624005 0.330527
vt 0.120848 0.324409
vt 0.057352 0.333208
vt 0.177945 0.316181
vt 0.223042 0.309977
vt 0.261653 0.305518
vt 0.299719 0.302496
vt 0.378483 0.273868
vt 0.338481 0.273048
vt 0.417797 0.277060
vt 0.457855 0.282537
vt 0.504399 0.290628
vt 0.562584 0.301584
vt 0.626554 0.313291
vt 0.118014 0.304447
vt 0.054788 0.316131
vt 0.175243 0.293431
vt 0.220839 0.285075
vt 0.260052 0.279069
vt 0.298719 0.275012
vt 0.379067 0.245741
vt 0.338017 0.244737
vt 0.419473 0.249881
vt 0.460562 0.257022
vt 0.507873 0.267519
vt 0.566234 0.281541
vt 0.629841 0.296298
vt 0.114374 0.284699
vt 0.051516 0.299295
vt 0.171698 0.270788
vt 0.217870 0.260155
vt 0.257839 0.252485
vt 0.297319 0.247275
vt 0.379937 0.217011
vt 0.337388 0.215862
vt 0.421859 0.222244
vt 0.464247 0.231318
vt 0.512380 0.244499
vt 0.570786 0.261770
vt 0.633866 0.279605
vt 0.109884 0.265226
vt 0.047538 0.282754
vt 0.167197 0.248293
vt 0.213977 0.235203
vt 0.254848 0.225684
vt 0.295390 0.219133
vt 0.381181 0.187323
vt 0.336502 0.186116
vt 0.425214 0.193894
vt 0.469185 0.205367
vt 0.518093 0.221636
vt 0.576293 0.242358
vt 0.638626 0.263265
vt 0.104499 0.246108
vt 0.042857 0.266555
vt 0.161602 0.226005
vt 0.208951 0.210205
vt 0.250855 0.198559
vt 0.292741 0.190380
vt 0.382912 0.156123
vt 0.335182 0.155081
vt 0.429945 0.164448
vt 0.475767 0.179137
vt 0.525216 0.199049
vt 0.582800 0.223417
vt 0.644115 0.247324
vt 0.098182 0.227437
vt 0.037478 0.250740
vt 0.154753 0.204008
vt 0.202529 0.185156
vt 0.245561 0.170984
vt 0.289096 0.160751
vt 0.385234 0.122536
vt 0.333059 0.122172
vt 0.436768 0.133302
vt 0.484527 0.152702
vt 0.533968 0.176932
vt 0.590328 0.205081
vt 0.650319 0.231819
vt 0.090907 0.209326
vt 0.031414 0.235340
vt 0.146470 0.182429
vt 0.194381 0.160078
vt 0.238572 0.142821
vt 0.284063 0.129932
vt 0.383513 0.085271
vt 0.329341 0.087458
vt 0.408875 0.087497
vt 0.496143 0.126450
vt 0.444832 0.098703
vt 0.544551 0.155591
vt 0.598861 0.187510
vt 0.657212 0.216774
vt 0.082679 0.191911
vt 0.024686 0.220375
vt 0.136563 0.161457
vt 0.184094 0.135044
vt 0.229378 0.113948
vt 0.277118 0.097615
vt 0.493647 0.085930
vt 0.470720 0.094761
vt 0.511218 0.101338
vt 0.557081 0.135450
vt 0.608321 0.170881
vt 0.664751 0.202190
vt 0.073548 0.175352
vt 0.017329 0.205845
vt 0.124846 0.141373
vt 0.171147 0.110215
vt 0.217326 0.084272
vt 0.267559 0.064026
vt 0.322886 0.049838
vt 0.376232 0.722221
vt 0.326468 0.716660
vt 0.798958 0.053746
vt 0.805127 0.071432
vt 0.841461 0.078267
vt 0.608224 0.594981
vt 0.587370 0.602553
vt 0.664833 0.564022
vt 0.075444 0.595433
vt 0.018836 0.565419
vt 0.127193 0.628953
vt 0.173971 0.659628
vt 0.220626 0.684947
vt 0.271272 0.704268
vt 0.395722 0.680368
vt 0.331807 0.680185
vt 0.598856 0.578223
vt 0.561420 0.595003
vt 0.657374 0.549390
vt 0.084427 0.578754
vt 0.026070 0.550794
vt 0.138708 0.608700
vt 0.186611 0.634581
vt 0.232185 0.655022
vt 0.279966 0.670379
vt 0.386809 0.646019
vt 0.334841 0.645319
vt 0.443901 0.650856
vt 0.439077 0.635118
vt 0.926449 0.053867
vt 0.889651 0.078268
vt 0.922025 0.074732
vt 0.488719 0.615512
vt 0.590460 0.560593
vt 0.537163 0.595146
vt 0.650548 0.534318
vt 0.092497 0.561232
vt 0.032672 0.535740
vt 0.148400 0.587593
vt 0.196591 0.609407
vt 0.240950 0.626070
vt 0.286383 0.638243
vt 0.384594 0.612082
vt 0.336915 0.612920
vt 0.432129 0.603618
vt 0.478637 0.588306
vt 0.526744 0.566150
vt 0.583129 0.542349
vt 0.644377 0.518775
vt 0.099604 0.543028
vt 0.038605 0.520260
vt 0.156461 0.565909
vt 0.204449 0.584243
vt 0.247585 0.597901
vt 0.291068 0.607612
vt 0.382805 0.580729
vt 0.338115 0.582041
vt 0.427094 0.573885
vt 0.471260 0.561733
vt 0.519412 0.544205
vt 0.576735 0.523578
vt 0.638902 0.502832
vt 0.105749 0.524277
vt 0.043849 0.504374
vt 0.163088 0.543832
vt 0.210599 0.559140
vt 0.252578 0.570334
vt 0.294441 0.578091
vt 0.381390 0.550953
vt 0.338820 0.552346
vt 0.423420 0.545376
vt 0.465818 0.535724
vt 0.513477 0.521729
vt 0.571255 0.504318
vt 0.634137 0.486509
vt 0.110957 0.505092
vt 0.048393 0.488113
vt 0.168464 0.521482
vt 0.215370 0.534107
vt 0.256301 0.543217
vt 0.296845 0.549392
vt 0.380296 0.522172
vt 0.339234 0.523482
vt 0.420733 0.517667
vt 0.461770 0.510038
vt 0.508764 0.498950
vt 0.566677 0.484673
vt 0.630090 0.469842
vt 0.115270 0.485565
vt 0.052232 0.471520
vt 0.172749 0.498941
vt 0.219020 0.509129
vt 0.259039 0.516418
vt 0.298534 0.521273
vt 0.379468 0.494018
vt 0.339464 0.495171
vt 0.418778 0.490464
vt 0.458770 0.484565
vt 0.505098 0.475997
vt 0.562968 0.464731
vt 0.626767 0.452878
vt 0.118732 0.465773
vt 0.055363 0.454641
vt 0.176080 0.476263
vt 0.221752 0.484190
vt 0.261008 0.489832
vt 0.299693 0.493544
vt 0.378857 0.466247
vt 0.339573 0.467208
vt 0.417380 0.463573
vt 0.456587 0.459227
vt 0.502333 0.452938
vt 0.560088 0.444564
vt 0.624173 0.435669
vt 0.121386 0.445778
vt 0.057784 0.437530
vt 0.178571 0.453486
vt 0.223724 0.459274
vt 0.262368 0.463380
vt 0.300450 0.466061
vt 0.378426 0.438701
vt 0.339598 0.439446
vt 0.416422 0.436868
vt 0.455063 0.433973
vt 0.500354 0.429811
vt 0.557999 0.424230
vt 0.622314 0.418269
vt 0.123274 0.425635
vt 0.059490 0.420241
vt 0.180315 0.430640
vt 0.225053 0.434372
vt 0.263231 0.437010
vt 0.300889 0.438725
vt 0.378163 0.411281
vt 0.339558 0.411781
vt 0.415832 0.410278
vt 0.454089 0.408771
vt 0.499072 0.406636
vt 0.556669 0.403777
vt 0.621202 0.400734
vt 0.124425 0.405387
vt 0.060471 0.402829
vt 0.181384 0.407745
vt 0.225827 0.409484
vt 0.263667 0.410698
vt 0.301050 0.411473
vt 0.851613 0.093904
vt 0.884905 0.097777
vt 0.858939 0.147600
vt 0.882596 0.153759
vt 0.835828 0.141841
vt 0.897300 0.099968
vt 0.904338 0.159218
vt 0.884430 0.192546
vt 0.905195 0.198867
vt 0.861544 0.184935
vt 0.839193 0.177397
vt 0.815337 0.137706
vt 0.819506 0.171363
vt 0.835490 0.097121
vt 0.809599 0.092010
vt 0.855271 0.366814
vt 0.849400 0.373245
vt 0.876032 0.392847
vt 0.877748 0.381671
vt 0.897301 0.393343
vt 0.898598 0.402594
vt 0.905656 0.413707
vt 0.891292 0.411189
vt 0.878560 0.411962
vt 0.861000 0.394910
vt 0.839395 0.377414
vt 0.837723 0.345892
vt 0.833212 0.352427
vt 0.859494 0.359438
vt 0.881207 0.373592
vt 0.826788 0.358008
vt 0.914198 0.395785
vt 0.899875 0.386034
vt 0.912167 0.401746
vt 0.913123 0.408884
vt 0.925928 0.423839
vt 0.917784 0.416656
vt 0.914371 0.423578
vt 0.902882 0.423975
vt 0.882242 0.429422
vt 0.892128 0.426053
vt 0.867431 0.414734
vt 0.848913 0.397770
vt 0.806877 0.367765
vt 0.827761 0.381117
vt 0.817602 0.362786
vt 0.765015 0.419321
vt 0.751478 0.430929
vt 0.767043 0.442637
vt 0.783208 0.431749
vt 0.781602 0.456122
vt 0.800152 0.446390
vt 0.740002 0.441805
vt 0.752454 0.452670
vt 0.764819 0.464348
vt 0.761195 0.398948
vt 0.748380 0.410556
vt 0.779281 0.408247
vt 0.799347 0.421314
vt 0.818227 0.436639
vt 0.813217 0.460924
vt 0.833227 0.451692
vt 0.792446 0.469582
vt 0.773767 0.475638
vt 0.751563 0.471633
vt 0.760900 0.478468
vt 0.740023 0.461349
vt 0.730081 0.450526
vt 0.728541 0.434065
vt 0.724048 0.442501
vt 0.736968 0.422672
vt 0.713086 0.396839
vt 0.703206 0.413650
vt 0.713941 0.416000
vt 0.723834 0.401312
vt 0.724730 0.418346
vt 0.735051 0.405273
vt 0.697405 0.430735
vt 0.707749 0.430681
vt 0.717871 0.431112
vt 0.725103 0.381683
vt 0.735684 0.387732
vt 0.747125 0.392900
vt 0.715883 0.443450
vt 0.706299 0.445183
vt 0.696540 0.447511
vt 0.960634 0.068883
vt 0.941313 0.073308
vt 0.943918 0.126822
vt 0.962612 0.111933
vt 0.966910 0.143945
vt 0.955220 0.157458
vt 0.948081 0.182404
vt 0.937459 0.170195
vt 0.922566 0.163600
vt 0.922921 0.105972
vt 0.959996 0.028459
vt 0.938899 0.037906
vt 0.971329 0.165837
vt 0.962106 0.176035
vt 0.951264 0.219516
vt 0.955478 0.194320
vt 0.944413 0.213394
vt 0.934836 0.207468
vt 0.921879 0.203215
vt 0.742522 0.479455
vt 0.729727 0.468667
vt 0.720825 0.475185
vt 0.735429 0.487430
vt 0.712503 0.481581
vt 0.728826 0.495391
vt 0.720285 0.456095
vt 0.710684 0.460387
vt 0.701407 0.464803
vt 0.757848 0.485976
vt 0.753577 0.494841
vt 0.749195 0.503869
vt 0.782224 0.075826
vt 0.777707 0.098475
vt 0.798865 0.092465
vt 0.781471 0.137143
vt 0.797964 0.136184
vt 0.752730 0.083741
vt 0.756967 0.103580
vt 0.764573 0.139986
vt 0.802817 0.168061
vt 0.786962 0.167516
vt 0.770707 0.169260
vt 0.759611 0.054270
vt 0.782146 0.323171
vt 0.777743 0.329117
vt 0.791796 0.337699
vt 0.797386 0.331610
vt 0.807769 0.346766
vt 0.814151 0.341031
vt 0.771940 0.335624
vt 0.784676 0.344142
vt 0.799391 0.352507
vt 0.785272 0.317508
vt 0.801320 0.325402
vt 0.818591 0.334684
vt 0.789928 0.358707
vt 0.776518 0.351011
vt 0.764890 0.342652
vt 0.181183 0.892539
vt 0.183116 0.889989
vt 0.180933 0.889200
vt 0.180022 0.890784
vt 0.179133 0.888555
vt 0.177882 0.889872
vt 0.183247 0.886791
vt 0.181089 0.887437
vt 0.178963 0.886869
vt 0.392484 0.953764
vt 0.393935 0.955751
vt 0.397520 0.956051
vt 0.394167 0.953065
vt 0.176944 0.894632
vt 0.176332 0.892806
vt 0.174380 0.891091
vt 0.174025 0.888630
vt 0.172218 0.889621
vt 0.175308 0.887207
vt 0.175422 0.885491
vt 0.177176 0.884010
vt 0.174800 0.883810
vt 0.179612 0.883726
vt 0.181404 0.882322
vt 0.393224 0.960346
vt 0.391302 0.961988
vt 0.393064 0.963200
vt 0.396989 0.960923
vt 0.394416 0.958138
vt 0.398465 0.958594
vt 0.066189 0.851602
vt 0.069846 0.865075
vt 0.074044 0.865013
vt 0.071436 0.851117
vt 0.078046 0.864977
vt 0.076459 0.850862
vt 0.072987 0.877361
vt 0.076265 0.878213
vt 0.079284 0.878655
vt 0.056918 0.840279
vt 0.061314 0.852520
vt 0.062794 0.839194
vt 0.069105 0.838617
vt 0.075090 0.838364
vt 0.079615 0.889776
vt 0.077507 0.888815
vt 0.074949 0.886838
vt 0.070038 0.877155
vt 0.072613 0.884482
vt 0.065978 0.865635
vt 0.884005 0.445065
vt 0.873951 0.450798
vt 0.883026 0.462261
vt 0.892045 0.453246
vt 0.898290 0.458024
vt 0.892899 0.465276
vt 0.891319 0.474176
vt 0.883343 0.474904
vt 0.870232 0.478877
vt 0.866956 0.468046
vt 0.860464 0.456929
vt 0.872817 0.433445
vt 0.892793 0.440116
vt 0.900222 0.447416
vt 0.862464 0.438222
vt 0.911751 0.456329
vt 0.905983 0.452322
vt 0.902629 0.461255
vt 0.897707 0.467382
vt 0.895954 0.474653
vt 0.851558 0.485786
vt 0.848287 0.475310
vt 0.842814 0.464390
vt 0.849642 0.444104
vt 0.166919 0.868216
vt 0.164333 0.870489
vt 0.175172 0.878667
vt 0.177110 0.876930
vt 0.373795 0.962972
vt 0.373318 0.966212
vt 0.386655 0.964868
vt 0.386413 0.962516
vt 0.147654 0.868700
vt 0.159201 0.874948
vt 0.161656 0.872768
vt 0.150702 0.866000
vt 0.153911 0.863255
vt 0.157154 0.860662
vt 0.360979 0.967066
vt 0.361761 0.963109
vt 0.170687 0.881256
vt 0.172768 0.880000
vt 0.155343 0.892708
vt 0.156744 0.895645
vt 0.170218 0.895876
vt 0.169362 0.893698
vt 0.921492 0.430720
vt 0.911630 0.432851
vt 0.918436 0.439124
vt 0.927701 0.436212
vt 0.924350 0.443949
vt 0.933710 0.440893
vt 0.901943 0.436002
vt 0.909073 0.442817
vt 0.914878 0.447674
vt 0.930576 0.429277
vt 0.935975 0.433701
vt 0.941970 0.437870
vt 0.939273 0.445305
vt 0.948740 0.442790
vt 0.930030 0.448026
vt 0.920843 0.451409
vt 0.154004 0.889388
vt 0.167919 0.891286
vt 0.153371 0.885934
vt 0.166978 0.888871
vt 0.364236 0.945512
vt 0.375937 0.948601
vt 0.375509 0.945638
vt 0.363475 0.941825
vt 0.144242 0.895040
vt 0.142181 0.891426
vt 0.140491 0.887275
vt 0.139782 0.882847
vt 0.388013 0.952107
vt 0.388314 0.950074
vt 0.155488 0.879783
vt 0.154021 0.882700
vt 0.167717 0.886787
vt 0.168940 0.884869
vt 0.157222 0.877207
vt 0.169733 0.882954
vt 0.140488 0.878586
vt 0.142306 0.874738
vt 0.144817 0.871466
vt 0.375634 0.955751
vt 0.374725 0.959537
vt 0.387348 0.960099
vt 0.388299 0.957392
vt 0.376052 0.951962
vt 0.388327 0.954585
vt 0.362760 0.958852
vt 0.363717 0.954196
vt 0.364311 0.949594
vt 0.075194 0.897596
vt 0.077399 0.898407
vt 0.077032 0.897267
vt 0.075432 0.895860
vt 0.075508 0.892752
vt 0.077490 0.895156
vt 0.078730 0.896394
vt 0.070601 0.892737
vt 0.071616 0.890744
vt 0.072293 0.887702
vt 0.049438 0.858561
vt 0.056823 0.871273
vt 0.059741 0.869173
vt 0.053177 0.856183
vt 0.062717 0.867120
vt 0.057080 0.854078
vt 0.064169 0.883371
vt 0.066126 0.881340
vt 0.067944 0.878905
vt 0.042842 0.847329
vt 0.047213 0.844509
vt 0.051843 0.842071
vt 0.101672 0.927171
vt 0.101465 0.931228
vt 0.114925 0.930881
vt 0.115053 0.926682
vt 0.132141 0.930323
vt 0.132248 0.926026
vt 0.101328 0.935799
vt 0.114885 0.935621
vt 0.132143 0.935171
vt 0.091871 0.924054
vt 0.091152 0.927501
vt 0.102257 0.923527
vt 0.115508 0.922858
vt 0.132591 0.922044
vt 0.154236 0.925281
vt 0.154501 0.921174
vt 0.154110 0.929620
vt 0.154142 0.934505
vt 0.132150 0.941128
vt 0.154360 0.940563
vt 0.114729 0.941387
vt 0.100985 0.941313
vt 0.090449 0.935708
vt 0.089822 0.940917
vt 0.090790 0.931365
vt 0.288660 0.932805
vt 0.281008 0.937544
vt 0.293841 0.944530
vt 0.304290 0.939562
vt 0.301785 0.952662
vt 0.313918 0.947758
vt 0.272036 0.941559
vt 0.282460 0.948504
vt 0.289101 0.956792
vt 0.271849 0.922747
vt 0.267043 0.927848
vt 0.297588 0.927034
vt 0.317092 0.933169
vt 0.329032 0.941529
vt 0.271926 0.960554
vt 0.266610 0.951714
vt 0.258894 0.944453
vt 0.256843 0.936583
vt 0.251269 0.939850
vt 0.262446 0.932367
vt 0.869204 0.255605
vt 0.891163 0.265283
vt 0.910459 0.272660
vt 0.880263 0.315259
vt 0.901884 0.324765
vt 0.919817 0.331624
vt 0.782491 0.225749
vt 0.797878 0.225944
vt 0.847585 0.244992
vt 0.828758 0.235500
vt 0.837081 0.290557
vt 0.857469 0.303202
vt 0.789930 0.272346
vt 0.805168 0.274888
vt 0.936783 0.356745
vt 0.940705 0.372802
vt 0.948112 0.375000
vt 0.945067 0.359071
vt 0.953441 0.376277
vt 0.950904 0.360191
vt 0.944727 0.385488
vt 0.950900 0.387293
vt 0.955618 0.388616
vt 0.924783 0.352732
vt 0.932727 0.335923
vt 0.941727 0.338200
vt 0.948105 0.339111
vt 0.955218 0.360580
vt 0.952794 0.339320
vt 0.957459 0.376881
vt 0.959344 0.389426
vt 0.957369 0.398268
vt 0.960794 0.399262
vt 0.953320 0.396937
vt 0.948520 0.395630
vt 0.936275 0.382883
vt 0.942754 0.394981
vt 0.930085 0.369331
vt 0.812936 0.229064
vt 0.820473 0.280790
vt 0.211067 0.924279
vt 0.210263 0.928627
vt 0.928032 0.454411
vt 0.935048 0.457460
vt 0.941073 0.455344
vt 0.935727 0.451734
vt 0.947149 0.453772
vt 0.943570 0.449673
vt 0.940730 0.461046
vt 0.945511 0.459127
vt 0.950215 0.457663
vt 0.921992 0.457558
vt 0.950496 0.448659
vt 0.952511 0.452900
vt 0.954530 0.456591
vt 0.936587 0.463198
vt 0.930155 0.459920
vt 0.948011 0.434340
vt 0.952443 0.430674
vt 0.948028 0.428414
vt 0.942689 0.431168
vt 0.943946 0.426400
vt 0.937992 0.428119
vt 0.955778 0.426907
vt 0.952132 0.425257
vt 0.948650 0.423871
vt 0.953156 0.437581
vt 0.934951 0.425314
vt 0.940955 0.424648
vt 0.945816 0.422734
vt 0.951870 0.420352
vt 0.949322 0.419516
vt 0.954864 0.421474
vt 0.958008 0.422828
vt 0.959194 0.428795
vt 0.961042 0.424310
vt 0.956524 0.433147
vt 0.209567 0.933352
vt 0.211819 0.919886
vt 0.209897 0.939147
vt 0.925023 0.277078
vt 0.935630 0.279366
vt 0.951514 0.403648
vt 0.953171 0.410229
vt 0.956185 0.411375
vt 0.955167 0.404797
vt 0.959245 0.412724
vt 0.958621 0.406156
vt 0.953338 0.415786
vt 0.956157 0.416896
vt 0.959105 0.418200
vt 0.948397 0.403521
vt 0.961770 0.407290
vt 0.962205 0.413943
vt 0.962010 0.419498
vt 0.950916 0.415082
vt 0.950591 0.409731
vt 0.069891 0.927294
vt 0.068596 0.930443
vt 0.074818 0.931091
vt 0.075720 0.927724
vt 0.082068 0.931351
vt 0.082664 0.927729
vt 0.067030 0.933853
vt 0.073735 0.934803
vt 0.081400 0.935393
vt 0.066308 0.923332
vt 0.064695 0.926252
vt 0.071130 0.924356
vt 0.076725 0.924667
vt 0.083511 0.924490
vt 0.080350 0.940232
vt 0.072176 0.939233
vt 0.064940 0.937869
vt 0.060788 0.932462
vt 0.058201 0.936079
vt 0.062895 0.929278
vt 0.943340 0.280558
vt 0.948932 0.281264
vt 0.214715 0.956168
vt 0.217021 0.966227
vt 0.155670 0.968083
vt 0.155264 0.958072
vt 0.862582 0.325360
vt 0.865539 0.341623
vt 0.893877 0.358551
vt 0.886571 0.337824
vt 0.907860 0.346609
vt 0.915030 0.364441
vt 0.924639 0.379310
vt 0.912706 0.377518
vt 0.904717 0.380358
vt 0.886198 0.366491
vt 0.863572 0.351793
vt 0.840221 0.311954
vt 0.842019 0.327711
vt 0.933058 0.390541
vt 0.924594 0.389383
vt 0.918299 0.391371
vt 0.841012 0.338250
vt 0.790542 0.289254
vt 0.789570 0.301957
vt 0.805575 0.307717
vt 0.806074 0.293420
vt 0.822590 0.316242
vt 0.822114 0.300866
vt 0.787687 0.311018
vt 0.803998 0.318020
vt 0.821490 0.326996
vt 0.756748 0.350290
vt 0.747426 0.358950
vt 0.757956 0.366653
vt 0.767648 0.358394
vt 0.769861 0.373275
vt 0.780121 0.365540
vt 0.736841 0.369191
vt 0.747296 0.376257
vt 0.758902 0.382265
vt 0.796021 0.373602
vt 0.785017 0.380579
vt 0.773505 0.388942
vt 0.816270 0.385642
vt 0.804711 0.391467
vt 0.826176 0.406294
vt 0.837631 0.401438
vt 0.846155 0.422787
vt 0.857039 0.418280
vt 0.792539 0.398919
vt 0.813654 0.412791
vt 0.833539 0.428739
vt 0.820946 0.473349
vt 0.797837 0.481433
vt 0.799557 0.492021
vt 0.824964 0.484171
vt 0.800093 0.502336
vt 0.827265 0.494576
vt 0.776279 0.486214
vt 0.775111 0.496131
vt 0.773226 0.506019
vt 0.031418 0.830166
vt 0.034064 0.833691
vt 0.039256 0.829887
vt 0.036870 0.825843
vt 0.045032 0.826674
vt 0.043150 0.822149
vt 0.051517 0.824416
vt 0.029213 0.827383
vt 0.034675 0.822592
vt 0.041212 0.818491
vt 0.050517 0.819540
vt 0.050757 0.814490
vt 0.066934 0.822768
vt 0.059022 0.823265
vt 0.058928 0.818554
vt 0.067356 0.818260
vt 0.074256 0.822673
vt 0.074847 0.818261
vt 0.060938 0.814590
vt 0.069215 0.814597
vt 0.076217 0.814651
vt 0.031489 0.935187
vt 0.035107 0.940426
vt 0.038946 0.937468
vt 0.035044 0.933408
vt 0.042565 0.934499
vt 0.038449 0.931563
vt 0.040519 0.945850
vt 0.044518 0.941692
vt 0.048274 0.937615
vt 0.029683 0.930659
vt 0.032977 0.929780
vt 0.036253 0.928827
vt 0.041540 0.929522
vt 0.038985 0.928089
vt 0.045911 0.931586
vt 0.051679 0.933877
vt 0.054963 0.940551
vt 0.051258 0.945594
vt 0.047313 0.950827
vt 0.062100 0.942981
vt 0.058720 0.948846
vt 0.067047 0.951520
vt 0.069885 0.944929
vt 0.076467 0.953702
vt 0.078658 0.946465
vt 0.055099 0.955007
vt 0.063970 0.958487
vt 0.074044 0.961361
vt 0.088673 0.947628
vt 0.087104 0.955431
vt 0.085312 0.963679
vt 0.097901 0.965506
vt 0.112895 0.966907
vt 0.113684 0.957648
vt 0.099170 0.956738
vt 0.114319 0.948887
vt 0.100243 0.948437
vt 0.131702 0.967822
vt 0.131953 0.958117
vt 0.132096 0.948947
vt 0.154777 0.948604
vt 0.211938 0.946895
vt 0.031709 0.916244
vt 0.030237 0.921440
vt 0.033789 0.921574
vt 0.035661 0.916481
vt 0.037653 0.921653
vt 0.040078 0.916624
vt 0.029422 0.926362
vt 0.032726 0.926075
vt 0.036181 0.925719
vt 0.033142 0.911595
vt 0.037433 0.911494
vt 0.042192 0.910925
vt 0.044933 0.917390
vt 0.048387 0.910244
vt 0.041974 0.922196
vt 0.039957 0.925822
vt 0.049851 0.919600
vt 0.046717 0.923615
vt 0.051822 0.925570
vt 0.054748 0.922204
vt 0.057278 0.927566
vt 0.059687 0.924505
vt 0.044083 0.926943
vt 0.048926 0.928697
vt 0.054637 0.930641
vt 0.053270 0.915090
vt 0.057573 0.918665
vt 0.061859 0.921426
vt 0.349517 0.958919
vt 0.352356 0.958520
vt 0.353375 0.953078
vt 0.350422 0.953334
vt 0.353877 0.947500
vt 0.350660 0.947111
vt 0.353557 0.942226
vt 0.947251 0.418887
vt 0.943833 0.421606
vt 0.939403 0.422932
vt 0.934663 0.422814
vt 0.929699 0.421350
vt 0.349660 0.940607
vt 0.351272 0.963498
vt 0.128981 0.870519
vt 0.126639 0.875052
vt 0.348469 0.963826
vt 0.118660 0.874024
vt 0.121512 0.869420
vt 0.132502 0.866529
vt 0.126276 0.865308
vt 0.136587 0.863153
vt 0.923447 0.402451
vt 0.926917 0.398914
vt 0.931789 0.397204
vt 0.937564 0.397778
vt 0.942895 0.400719
vt 0.131993 0.861687
vt 0.125854 0.880017
vt 0.129143 0.890256
vt 0.132369 0.894750
vt 0.117808 0.879167
vt 0.126704 0.894681
vt 0.121933 0.889695
vt 0.126771 0.885217
vt 0.118914 0.884518
vt 0.925097 0.417797
vt 0.922161 0.412696
vt 0.921679 0.407263
vt 0.352614 0.937155
vt 0.145057 0.856972
vt 0.140838 0.860068
vt 0.348127 0.933772
vt 0.137691 0.858417
vt 0.142741 0.855118
vt 0.149065 0.854142
vt 0.147130 0.852187
vt 0.350561 0.968177
vt 0.946587 0.405290
vt 0.948543 0.410216
vt 0.948852 0.414925
vt 0.347801 0.968593
vt 0.964790 0.929388
vt 0.952752 0.930210
vt 0.940433 0.931090
vt 0.927589 0.932511
vt 0.938658 0.902860
vt 0.925005 0.902758
vt 0.951315 0.903904
vt 0.963289 0.905499
vt 0.348657 0.055068
vt 0.331945 0.034946
vt 0.952733 0.876234
vt 0.952599 0.846768
vt 0.936919 0.840366
vt 0.938308 0.872774
vt 0.953588 0.813405
vt 0.933985 0.808823
vt 0.378779 0.072595
vt 0.922936 0.870746
vt 0.919767 0.836845
vt 0.915269 0.804576
vt 0.930586 0.780825
vt 0.910698 0.776408
vt 0.949877 0.787237
vt 0.963651 0.791914
vt 0.972534 0.771394
vt 0.951802 0.761503
vt 0.930115 0.754765
vt 0.907909 0.750594
vt 0.914936 0.934397
vt 0.902557 0.936927
vt 0.890454 0.940243
vt 0.911191 0.903910
vt 0.878559 0.944424
vt 0.884727 0.910519
vt 0.872395 0.916435
vt 0.897716 0.906410
vt 0.831795 0.837846
vt 0.819160 0.856482
vt 0.830972 0.882493
vt 0.842804 0.866947
vt 0.841085 0.908188
vt 0.852882 0.896572
vt 0.806566 0.875419
vt 0.818493 0.897340
vt 0.828089 0.918528
vt 0.835794 0.795839
vt 0.820787 0.812363
vt 0.845393 0.822472
vt 0.855329 0.853481
vt 0.864786 0.885897
vt 0.860610 0.923956
vt 0.848482 0.931631
vt 0.834938 0.938080
vt 0.812345 0.925814
vt 0.818159 0.941931
vt 0.803906 0.908841
vt 0.792944 0.891195
vt 0.793316 0.855156
vt 0.780107 0.874617
vt 0.806720 0.833097
vt 0.896446 0.803517
vt 0.878101 0.805871
vt 0.885550 0.838482
vt 0.902425 0.836153
vt 0.892300 0.873195
vt 0.907410 0.870795
vt 0.860902 0.812015
vt 0.869674 0.844072
vt 0.877957 0.878082
vt 0.890529 0.775315
vt 0.852437 0.784631
vt 0.870826 0.777850
vt 0.863767 0.753460
vt 0.885493 0.750091
vt 0.843652 0.761347
vt 0.825243 0.773731
vt 0.742576 0.889444
vt 0.753713 0.876989
vt 0.733061 0.899378
vt 0.765713 0.860686
vt 0.766348 0.888635
vt 0.752812 0.898605
vt 0.741188 0.905697
vt 0.726727 0.908080
vt 0.733796 0.910080
vt 0.792583 0.814406
vt 0.808246 0.791672
vt 0.778514 0.838827
vt 0.866612 0.949309
vt 0.853972 0.954096
vt 0.839577 0.958013
vt 0.821338 0.959925
vt 0.727403 0.930822
vt 0.724601 0.923667
vt 0.724345 0.916371
vt 0.741912 0.934968
vt 0.738625 0.929136
vt 0.734715 0.939034
vt 0.734305 0.915747
vt 0.735815 0.922441
vt 0.797617 0.958942
vt 0.772003 0.954419
vt 0.749813 0.947421
vt 0.796771 0.942741
vt 0.754164 0.937809
vt 0.773839 0.940891
vt 0.777207 0.901892
vt 0.760814 0.908683
vt 0.767045 0.919151
vt 0.786052 0.915614
vt 0.771734 0.929722
vt 0.792720 0.929077
vt 0.746139 0.913184
vt 0.749784 0.921110
vt 0.753127 0.929244
vn 1.0000 0.0000 0.0000
vn 0.9927 0.0000 -0.1205
vn 0.9004 0.4210 -0.1093
vn 0.9072 0.4206 0.0000
vn 0.5813 0.8106 -0.0703
vn 0.5860 0.8103 0.0000
vn 0.0174 0.9998 -0.0018
vn 0.0175 0.9998 0.0000
vn -0.5601 0.8256 0.0679
vn -0.5647 0.8253 0.0000
vn -0.8956 0.4314 0.1084
vn -0.9023 0.4310 0.0000
vn -0.9927 0.0000 0.1202
vn -1.0000 0.0000 0.0000
vn -0.8956 -0.4314 0.1084
vn -0.9023 -0.4310 0.0000
vn -0.5601 -0.8256 0.0679
vn -0.5647 -0.8253 0.0000
vn 0.0174 -0.9998 -0.0018
vn 0.0175 -0.9998 0.0000
vn 0.5813 -0.8106 -0.0703
vn 0.5860 -0.8103 0.0000
vn 0.9004 -0.4210 -0.1093
vn 0.9072 -0.4206 0.0000
vn 0.9708 0.0000 -0.2398
vn 0.8800 0.4222 -0.2173
vn 0.5674 0.8115 -0.1398
vn 0.0172 0.9998 -0.0037
vn -0.5465 0.8265 0.1349
vn -0.8753 0.4327 0.2157
vn -0.9709 0.0000 0.2392
vn -0.8753 -0.4327 0.2157
vn -0.5465 -0.8265 0.1349
vn 0.0172 -0.9998 -0.0037
vn 0.5674 -0.8115 -0.1398
vn 0.8800 -0.4222 -0.2173
vn 0.9342 0.0000 -0.3568
vn 0.8460 0.4241 -0.3230
vn 0.5444 0.8128 -0.2073
vn 0.0168 0.9998 -0.0056
vn -0.5239 0.8279 0.2000
vn -0.8416 0.4347 0.3206
vn -0.9345 0.0000 0.3559
vn -0.8416 -0.4347 0.3206
vn -0.5239 -0.8279 0.2000
vn 0.0168 -0.9998 -0.0056
vn 0.5444 -0.8128 -0.2073
vn 0.8460 -0.4241 -0.3230
vn 0.8827 0.0000 -0.4699
vn 0.7984 0.4266 -0.4249
vn 0.5123 0.8146 -0.2719
vn 0.0161 0.9998 -0.0075
vn -0.4926 0.8298 0.2621
vn -0.7942 0.4373 0.4217
vn -0.8832 0.0000 0.4689
vn -0.7942 -0.4373 0.4217
vn -0.4926 -0.8298 0.2621
vn 0.0161 -0.9998 -0.0075
vn 0.5123 -0.8146 -0.2719
vn 0.7984 -0.4266 -0.4249
vn 0.8163 0.0000 -0.5776
vn 0.7373 0.4295 -0.5214
vn 0.4714 0.8167 -0.3326
vn 0.0152 0.9998 -0.0095
vn -0.4529 0.8320 0.3203
vn -0.7335 0.4405 0.5176
vn -0.8171 0.0000 0.5765
vn -0.7335 -0.4405 0.5176
vn -0.4529 -0.8320 0.3203
vn 0.0152 -0.9998 -0.0095
vn 0.4714 -0.8167 -0.3326
vn 0.7373 -0.4295 -0.5214
vn 0.7351 0.0000 -0.6779
vn 0.6629 0.4327 -0.6110
vn 0.4223 0.8190 -0.3883
vn 0.0139 0.9998 -0.0114
vn -0.4052 0.8344 0.3735
vn -0.6595 0.4440 0.6066
vn -0.7361 0.0000 0.6768
vn -0.6595 -0.4440 0.6066
vn -0.4052 -0.8344 0.3735
vn 0.0139 -0.9998 -0.0114
vn 0.4223 -0.8190 -0.3883
vn 0.6629 -0.4327 -0.6110
vn 0.6396 0.0000 -0.7687
vn 0.5758 0.4360 -0.6916
vn 0.3655 0.8213 -0.4379
vn 0.0124 0.9998 -0.0132
vn -0.3502 0.8369 0.4207
vn -0.5729 0.4475 0.6866
vn -0.6407 0.0000 0.7678
vn -0.5729 -0.4475 0.6866
vn -0.3502 -0.8369 0.4207
vn 0.0124 -0.9998 -0.0132
vn 0.3655 -0.8213 -0.4379
vn 0.5758 -0.4360 -0.6916
vn 0.5306 0.0000 -0.8476
vn 0.4769 0.4391 -0.7614
vn 0.3016 0.8236 -0.4803
vn 0.0104 0.9998 -0.0149
vn -0.2887 0.8392 0.4609
vn -0.4745 0.4509 0.7559
vn -0.5318 0.0000 0.8469
vn -0.4745 -0.4509 0.7559
vn -0.2887 -0.8392 0.4609
vn 0.0104 -0.9998 -0.0149
vn 0.3016 -0.8236 -0.4803
vn 0.4769 -0.4391 -0.7614
vn 0.3957 0.0100 -0.9183
vn 0.3457 0.4330 -0.8325
vn 0.2346 0.8266 -0.5115
vn 0.0083 0.9998 -0.0162
vn -0.2216 0.8412 0.4932
vn -0.3659 0.4539 0.8124
vn -0.4107 0.0000 0.9117
vn -0.3659 -0.4539 0.8124
vn -0.2216 -0.8412 0.4932
vn 0.0082 -0.9998 -0.0163
vn 0.2318 -0.8255 -0.5146
vn 0.3677 -0.4419 -0.8182
vn 0.2384 0.0324 -0.9706
vn 0.3051 0.3366 -0.8908
vn 0.8336 0.2963 -0.4662
vn 0.7622 0.6468 -0.0253
vn 0.0061 0.9998 -0.0155
vn -0.1502 0.8427 0.5169
vn -0.2489 0.4563 0.8543
vn -0.2798 0.0000 0.9601
vn -0.2489 -0.4563 0.8543
vn -0.1502 -0.8427 0.5169
vn 0.0056 -0.9998 -0.0174
vn 0.1573 -0.8270 -0.5398
vn 0.2405 -0.4383 -0.8660
vn 0.2386 0.8529 0.4642
vn 0.0047 0.9999 -0.0104
vn 0.4467 0.7943 0.4117
vn -0.0759 0.8437 0.5314
vn -0.1259 0.4578 0.8801
vn -0.1417 0.0000 0.9899
vn -0.1259 -0.4578 0.8801
vn -0.0759 -0.8437 0.5314
vn 0.0029 -0.9998 -0.0181
vn 0.0795 -0.8279 -0.5552
vn 0.1172 -0.4270 -0.8966
vn 0.1146 0.1032 -0.9880
vn 0.0000 0.8464 0.5325
vn 0.0000 1.0000 -0.0065
vn 0.0000 0.8441 0.5362
vn 0.0000 0.4583 0.8888
vn 0.0000 0.0000 1.0000
vn 0.0000 -0.4583 0.8888
vn 0.0000 -0.8441 0.5362
vn 0.0000 -0.9998 -0.0183
vn 0.0000 -0.8282 -0.5604
vn 0.0000 -0.4216 -0.9068
vn 0.0000 0.1080 -0.9941
vn 0.0000 -0.0263 0.9996
vn 0.1505 -0.0192 0.9884
vn 0.2122 0.0308 0.9767
vn 0.0000 0.0236 0.9997
vn 0.4425 0.2845 0.8504
vn 0.7286 0.5366 0.4256
vn 0.8082 0.1695 0.5640
vn 0.0000 0.4817 -0.8763
vn 0.0068 0.4865 -0.8736
vn -0.1088 0.4488 -0.8870
vn 0.0000 0.4359 -0.9000
vn -0.1418 -0.0004 -0.9899
vn 0.0000 -0.0003 -1.0000
vn -0.1259 -0.4578 -0.8801
vn 0.0000 -0.4583 -0.8888
vn -0.0759 -0.8437 -0.5314
vn 0.0000 -0.8441 -0.5362
vn 0.0029 -0.9998 0.0181
vn 0.0000 -0.9998 0.0183
vn 0.0795 -0.8279 0.5552
vn 0.0000 -0.8282 0.5604
vn 0.1266 -0.4454 0.8863
vn 0.0000 -0.4458 0.8951
vn 0.2874 -0.0077 0.9578
vn -0.0375 0.5592 -0.8282
vn -0.2349 0.4738 -0.8487
vn -0.2791 -0.0002 -0.9602
vn -0.2489 -0.4563 -0.8543
vn -0.1502 -0.8427 -0.5169
vn 0.0056 -0.9998 0.0174
vn 0.1573 -0.8270 0.5398
vn 0.2501 -0.4440 0.8604
vn 0.4119 -0.0016 0.9112
vn 0.3845 0.4341 0.8147
vn 0.2472 0.8255 0.5073
vn 0.1167 0.6735 -0.7299
vn 0.6699 0.2947 -0.6814
vn 0.5929 0.7867 -0.1714
vn -0.3900 0.4702 -0.7917
vn -0.4107 0.0000 -0.9118
vn -0.3659 -0.4539 -0.8124
vn -0.2216 -0.8412 -0.4932
vn 0.0082 -0.9998 0.0163
vn 0.2318 -0.8255 0.5146
vn 0.3677 -0.4419 0.8182
vn 0.5306 0.0000 0.8476
vn 0.4769 0.4391 0.7614
vn 0.3042 0.8222 0.4809
vn 0.0072 0.9999 0.0126
vn -0.3079 0.8339 -0.4580
vn -0.4860 0.4527 -0.7476
vn -0.5318 0.0000 -0.8469
vn -0.4745 -0.4509 -0.7559
vn -0.2887 -0.8392 -0.4609
vn 0.0104 -0.9998 0.0149
vn 0.3016 -0.8236 0.4803
vn 0.4769 -0.4391 0.7614
vn 0.6396 0.0000 0.7687
vn 0.5758 0.4360 0.6916
vn 0.3666 0.8209 0.4377
vn 0.0169 0.9998 0.0117
vn -0.3460 0.8368 -0.4244
vn -0.5715 0.4470 -0.6881
vn -0.6407 0.0000 -0.7678
vn -0.5729 -0.4475 -0.6866
vn -0.3502 -0.8369 -0.4207
vn 0.0124 -0.9998 0.0132
vn 0.3655 -0.8213 0.4379
vn 0.5758 -0.4360 0.6916
vn 0.7351 0.0000 0.6779
vn 0.6629 0.4327 0.6110
vn 0.4223 0.8190 0.3883
vn 0.0139 0.9998 0.0114
vn -0.4052 0.8344 -0.3735
vn -0.6595 0.4440 -0.6066
vn -0.7361 0.0000 -0.6768
vn -0.6595 -0.4440 -0.6066
vn -0.4052 -0.8344 -0.3735
vn 0.0139 -0.9998 0.0114
vn 0.4223 -0.8190 0.3883
vn 0.6629 -0.4327 0.6110
vn 0.8163 0.0000 0.5776
vn 0.7373 0.4295 0.5214
vn 0.4714 0.8167 0.3326
vn 0.0152 0.9998 0.0095
vn -0.4529 0.8320 -0.3203
vn -0.7335 0.4405 -0.5176
vn -0.8171 0.0000 -0.5765
vn -0.7335 -0.4405 -0.5176
vn -0.4529 -0.8320 -0.3203
vn 0.0152 -0.9998 0.0095
vn 0.4714 -0.8167 0.3326
vn 0.7373 -0.4295 0.5214
vn 0.8827 0.0000 0.4699
vn 0.7984 0.4266 0.4249
vn 0.5123 0.8146 0.2719
vn 0.0161 0.9998 0.0075
vn -0.4926 0.8298 -0.2621
vn -0.7942 0.4373 -0.4217
vn -0.8832 0.0000 -0.4689
vn -0.7942 -0.4373 -0.4217
vn -0.4926 -0.8298 -0.2621
vn 0.0161 -0.9998 0.0075
vn 0.5123 -0.8146 0.2719
vn 0.7984 -0.4266 0.4249
vn 0.9342 0.0000 0.3568
vn 0.8460 0.4241 0.3230
vn 0.5444 0.8128 0.2073
vn 0.0168 0.9998 0.0056
vn -0.5239 0.8279 -0.2000
vn -0.8416 0.4347 -0.3206
vn -0.9345 0.0000 -0.3559
vn -0.8416 -0.4347 -0.3206
vn -0.5239 -0.8279 -0.2000
vn 0.0168 -0.9998 0.0056
vn 0.5444 -0.8128 0.2073
vn 0.8460 -0.4241 0.3230
vn 0.9708 0.0000 0.2398
vn 0.8800 0.4222 0.2173
vn 0.5674 0.8115 0.1398
vn 0.0172 0.9998 0.0037
vn -0.5465 0.8265 -0.1349
vn -0.8753 0.4327 -0.2157
vn -0.9709 0.0000 -0.2392
vn -0.8753 -0.4327 -0.2157
vn -0.5465 -0.8265 -0.1349
vn 0.0172 -0.9998 0.0037
vn 0.5674 -0.8115 0.1398
vn 0.8800 -0.4222 0.2173
vn 0.9927 0.0000 0.1205
vn 0.9004 0.4210 0.1093
vn 0.5813 0.8106 0.0703
vn 0.0174 0.9998 0.0018
vn -0.5601 0.8256 -0.0679
vn -0.8956 0.4314 -0.1084
vn -0.9927 0.0000 -0.1202
vn -0.8956 -0.4314 -0.1084
vn -0.5601 -0.8256 -0.0679
vn 0.0174 -0.9998 0.0018
vn 0.5813 -0.8106 0.0703
vn 0.9004 -0.4210 0.1093
vn 0.9402 0.2044 -0.2725
vn 0.9814 0.1119 0.1556
vn 0.9822 0.1388 -0.1263
vn 0.9944 0.0983 0.0391
vn 0.9681 0.0551 0.2443
vn 0.9144 0.1724 -0.3661
vn 0.9414 0.1305 -0.3109
vn 0.9858 0.1118 -0.1254
vn 0.9950 0.0894 0.0446
vn 0.9680 0.0568 0.2444
vn 0.8534 0.0088 0.5211
vn 0.8669 0.0027 0.4984
vn 0.7989 0.0184 0.6012
vn 0.9953 -0.0502 0.0827
vn 0.9973 0.0391 0.0616
vn 0.9937 0.0870 0.0707
vn 0.9979 -0.0514 0.0399
vn 0.9964 0.0741 0.0418
vn 0.9858 0.1274 0.1090
vn 0.9497 0.2410 0.2000
vn 0.9713 0.2010 0.1272
vn 0.9791 0.1850 0.0842
vn 0.9970 0.0681 0.0349
vn 0.9971 -0.0742 -0.0129
vn 0.9539 -0.2293 0.1937
vn 0.9941 -0.0551 0.0932
vn 0.9597 -0.2580 0.1110
vn 0.9988 0.0235 0.0417
vn 0.9574 -0.2888 0.0048
vn 0.9988 0.0441 -0.0215
vn 0.9976 0.0570 0.0391
vn 0.9982 0.0590 0.0080
vn 0.9789 0.1243 0.1620
vn 0.6306 0.6198 0.4671
vn 0.8606 0.4364 0.2625
vn 0.8968 0.2854 0.3380
vn 0.9225 0.3489 0.1653
vn 0.9349 0.3292 0.1324
vn 0.9790 0.1898 0.0743
vn 0.9386 0.3204 0.1279
vn 0.9974 0.0683 0.0213
vn 0.9367 -0.3330 -0.1077
vn 0.9441 -0.3196 -0.0810
vn 0.9959 -0.0836 -0.0328
vn 0.9959 -0.0854 0.0295
vn 0.9977 0.0612 0.0298
vn 0.9949 0.0619 0.0795
vn 0.9930 -0.0806 0.0856
vn 0.9803 0.1946 0.0335
vn 0.9775 0.1940 0.0824
vn 0.9829 0.0657 0.1717
vn 0.9815 -0.0674 0.1792
vn 0.9678 0.1895 0.1653
vn 0.9463 -0.3229 -0.0178
vn 0.9963 -0.0851 0.0017
vn 0.9484 -0.3161 0.0252
vn 0.9979 0.0641 0.0084
vn 0.9804 0.1966 0.0141
vn 0.9264 0.3752 0.0300
vn 0.9247 0.3773 0.0505
vn 0.9210 0.3750 0.1046
vn 0.9129 0.3616 0.1892
vn 0.8994 0.3291 0.2875
vn 0.9272 0.2025 0.3150
vn 0.9409 0.0711 0.3309
vn 0.9380 -0.0655 0.3404
vn 0.9411 -0.2651 0.2098
vn 0.9190 -0.2119 0.3325
vn 0.9489 -0.2991 0.1010
vn 0.1973 -0.9802 0.0136
vn 0.4822 -0.8759 0.0137
vn 0.5116 -0.8432 0.1646
vn 0.2208 -0.9577 0.1843
vn 0.7783 -0.6276 0.0175
vn 0.7924 -0.5959 0.1304
vn 0.5562 -0.7326 0.3923
vn 0.2643 -0.8515 0.4527
vn 0.8022 -0.5194 0.2943
vn 0.0000 -0.9964 -0.0847
vn 0.1873 -0.9788 -0.0833
vn 0.0000 -0.9999 0.0140
vn 0.4663 -0.8815 -0.0740
vn 0.7678 -0.6388 -0.0493
vn 0.8124 -0.3418 0.4723
vn 0.6030 -0.4890 0.6303
vn 0.3135 -0.5893 0.7446
vn 0.0000 -0.8824 0.4705
vn 0.0000 -0.6202 0.7844
vn 0.0000 -0.9819 0.1893
vn 0.1465 0.2515 -0.9567
vn 0.1883 0.1983 -0.9619
vn 0.4780 0.2015 -0.8549
vn 0.3556 0.2859 -0.8898
vn 0.2344 0.1088 -0.9660
vn 0.4625 0.1267 -0.8775
vn 0.6262 0.1363 -0.7676
vn 0.6575 0.1740 -0.7331
vn 0.7843 0.1829 -0.5927
vn 0.7103 0.2447 -0.6599
vn 0.0000 0.2440 -0.9698
vn 0.0000 0.1902 -0.9817
vn 0.0000 -0.0322 -0.9995
vn 0.2881 -0.0140 -0.9575
vn 0.0000 0.1028 -0.9947
vn 0.5376 0.0237 -0.8429
vn 0.8284 0.0625 -0.5566
vn 0.7361 0.1340 -0.6634
vn 0.7107 0.0503 -0.7017
vn 0.7662 0.1512 -0.6245
vn 0.8585 0.1448 -0.4919
vn 0.8190 0.2589 0.5121
vn 0.6222 0.3320 0.7089
vn 0.6383 0.0744 0.7661
vn 0.8339 0.0742 0.5469
vn 0.3374 0.3847 0.8592
vn 0.3518 0.0737 0.9331
vn 0.6307 -0.1876 0.7530
vn 0.8267 -0.1142 0.5508
vn 0.3437 -0.2431 0.9070
vn 0.7870 0.4559 0.4155
vn 0.5776 0.5939 0.5600
vn 0.2970 0.6833 0.6670
vn 0.0000 0.7096 0.7046
vn 0.0000 0.4022 0.9155
vn 0.0000 0.0733 0.9973
vn 0.0000 -0.2625 0.9649
vn 0.4121 -0.0959 0.9061
vn 0.4514 -0.0559 0.8905
vn 0.6306 -0.0472 0.7747
vn 0.3682 -0.0873 0.9256
vn 0.1391 -0.1229 0.9826
vn 0.1678 -0.1451 0.9751
vn 0.1343 -0.1034 0.9855
vn 0.6094 -0.0412 0.7917
vn 0.3337 -0.0700 0.9401
vn 0.1306 -0.0786 0.9883
vn 0.0000 -0.0796 0.9968
vn 0.0000 -0.1082 0.9941
vn 0.0000 -0.1192 0.9929
vn 0.0000 -0.1456 0.9893
vn 0.2132 -0.9699 0.1177
vn 0.5084 -0.8520 0.1245
vn 0.4721 -0.8738 -0.1163
vn 0.1922 -0.9713 -0.1402
vn 0.8048 -0.5790 0.1304
vn 0.7803 -0.6227 -0.0574
vn 0.4435 -0.8660 -0.2308
vn 0.1781 -0.9513 -0.2514
vn 0.7496 -0.6398 -0.1693
vn 0.0000 -0.8579 0.5137
vn 0.2198 -0.8362 0.5023
vn 0.0000 -0.9931 0.1174
vn 0.5164 -0.7290 0.4493
vn 0.8024 -0.4951 0.3330
vn 0.7374 -0.6463 -0.1960
vn 0.4335 -0.8645 -0.2544
vn 0.1731 -0.9460 -0.2740
vn 0.0000 -0.9671 -0.2542
vn 0.0000 -0.9609 -0.2769
vn 0.0000 -0.9896 -0.1437
vn 0.4085 0.6941 0.5928
vn 0.8960 0.2317 0.3788
vn 0.7914 0.5331 -0.2990
vn 0.2004 0.9797 0.0051
vn 0.9487 -0.2657 0.1711
vn 0.9135 -0.1571 -0.3752
vn 0.2984 0.4240 -0.8551
vn -0.1770 0.8262 -0.5348
vn 0.5336 -0.1059 -0.8390
vn 0.1307 0.5770 0.8062
vn 0.4925 0.3491 0.7972
vn -0.0517 0.7866 0.6152
vn 0.7778 -0.0309 0.6277
vn 0.8575 -0.3081 0.4118
vn 0.8534 -0.4492 0.2645
vn 0.8811 -0.4700 0.0513
vn 0.8297 -0.4614 -0.3142
vn 0.6153 -0.3844 -0.6882
vn 0.3577 -0.2854 -0.8891
vn 0.1973 -0.0627 -0.9783
vn -0.0584 0.2572 -0.9646
vn -0.3276 0.5672 -0.7556
vn -0.4493 0.8751 -0.1795
vn -0.5074 0.7293 -0.4589
vn -0.2902 0.9267 0.2387
vn 0.9288 0.2114 -0.3044
vn 0.7751 0.2709 -0.5707
vn 0.7699 0.2799 -0.5735
vn 0.9265 0.2202 -0.3052
vn 0.4920 0.3333 -0.8042
vn 0.4840 0.3427 -0.8052
vn 0.7710 0.2996 -0.5619
vn 0.9261 0.2354 -0.2948
vn 0.4738 0.3669 -0.8006
vn 0.9880 0.1472 0.0456
vn 0.9299 0.2142 -0.2990
vn 0.9883 0.1451 0.0466
vn 0.7802 0.2780 -0.5603
vn 0.4967 0.3474 -0.7953
vn 0.0000 0.3878 -0.9217
vn 0.0000 0.3703 -0.9289
vn 0.0000 0.3793 -0.9252
vn 0.0000 0.4033 -0.9150
vn 0.0000 0.4642 -0.8857
vn 0.4708 0.4242 -0.7735
vn 0.8018 0.3337 -0.4956
vn 0.9476 0.2543 -0.1931
vn 0.9847 0.1682 0.0446
vn 0.9815 0.1862 0.0448
vn 0.9870 0.1542 0.0452
vn 0.8166 0.5410 0.2012
vn 0.6697 0.6994 0.2497
vn 0.5327 0.8137 0.2325
vn 0.7937 0.5900 0.1480
vn 0.5766 0.7688 0.2766
vn 0.4288 0.8254 0.3671
vn 0.2180 0.8807 0.4205
vn 0.2176 0.9474 0.2347
vn 0.2203 0.9661 0.1345
vn 0.5220 0.8445 0.1193
vn 0.7876 0.6110 0.0794
vn 0.8488 0.4971 0.1800
vn 0.9273 0.3525 0.1261
vn 0.7287 0.6572 0.1923
vn 0.9257 0.3691 0.0820
vn 0.7113 0.6996 0.0674
vn 0.6571 0.6822 0.3204
vn 0.6327 0.7563 0.1663
vn 0.4852 0.7030 0.5200
vn 0.0000 0.7047 0.7094
vn 0.0000 0.9015 0.4328
vn 0.2572 0.7087 0.6569
vn 0.0000 0.9741 0.2262
vn 0.0000 0.9931 0.1173
vn 0.2215 0.9686 0.1129
vn 0.0000 0.9909 0.1347
vn 0.5161 0.8513 0.0943
vn 0.9266 0.3739 0.0405
vn 0.7818 0.6205 0.0609
vn -0.4953 0.4303 -0.7546
vn -0.4294 0.4408 -0.7882
vn -0.2084 0.1816 -0.9610
vn -0.2744 0.1665 -0.9471
vn -0.6380 0.6779 -0.3652
vn -0.5878 0.6951 -0.4138
vn 0.2931 -0.3298 -0.8973
vn -0.0320 -0.0744 -0.9967
vn -0.0249 -0.0844 -0.9961
vn 0.2835 -0.3507 -0.8925
vn -0.2936 0.1771 -0.9393
vn -0.5140 0.4400 -0.7364
vn -0.6456 0.6794 -0.3485
vn 0.0204 -0.0674 -0.9975
vn 0.3128 -0.3300 -0.8906
vn 0.6880 -0.1895 0.7005
vn 0.7093 -0.1480 0.6891
vn 0.4716 0.1698 0.8653
vn 0.4368 0.1299 0.8901
vn 0.7155 0.6583 0.2340
vn 0.5919 0.7924 0.1474
vn 0.6793 0.7223 0.1293
vn 0.8230 0.5434 0.1657
vn 0.5017 0.8569 0.1184
vn 0.5418 0.8349 0.0967
vn 0.7301 0.6698 0.1353
vn 0.8567 0.4937 0.1493
vn 0.6096 0.7873 0.0922
vn 0.5576 0.7945 0.2402
vn 0.5194 0.8459 0.1205
vn 0.5276 0.8421 0.1111
vn 0.6051 0.7456 0.2792
vn 0.4593 0.8749 0.1531
vn 0.4696 0.8793 0.0789
vn 0.5649 0.8245 0.0317
vn 0.7927 -0.3842 0.4731
vn 0.7996 -0.3557 0.4838
vn 0.8270 -0.5099 0.2365
vn 0.8308 -0.4921 0.2600
vn 0.0231 0.4999 0.8658
vn 0.4458 0.1461 0.8831
vn 0.0256 0.4995 0.8659
vn 0.7215 -0.1570 0.6744
vn 0.8408 -0.3395 0.4216
vn 0.8751 -0.4492 0.1797
vn 0.0697 0.5288 0.8458
vn 0.7332 -0.6115 -0.2975
vn 0.7630 -0.5802 -0.2851
vn 0.8240 -0.5665 0.0081
vn 0.8086 -0.5881 -0.0169
vn 0.5674 -0.5470 -0.6155
vn 0.5970 -0.5177 -0.6127
vn 0.8525 -0.5189 -0.0625
vn 0.7689 -0.5484 -0.3286
vn 0.5919 -0.5033 -0.6295
vn -0.5009 0.7798 0.3754
vn -0.4501 0.8265 0.3380
vn -0.5700 0.8214 0.0173
vn -0.6158 0.7849 0.0680
vn -0.3164 0.7091 0.6301
vn -0.2668 0.7462 0.6099
vn -0.6186 0.7822 0.0741
vn -0.5037 0.7769 0.3777
vn -0.3190 0.7054 0.6329
vn 0.4793 0.3090 0.8215
vn 0.8578 0.2434 0.4527
vn 0.8714 0.4822 0.0899
vn 0.5408 0.8259 0.1594
vn 0.9669 0.2488 0.0557
vn 0.8630 0.3932 -0.3172
vn 0.4838 0.6012 -0.6359
vn 0.0000 0.0706 0.9975
vn 0.4332 0.0828 0.8975
vn 0.0000 0.3419 0.9397
vn 0.7726 0.1165 0.6241
vn 0.0000 0.9804 0.1971
vn 0.9391 0.1620 0.3031
vn 0.0000 0.6802 -0.7330
vn 0.3749 -0.0244 0.9267
vn 0.6778 0.0144 0.7350
vn 0.6879 0.0271 0.7252
vn 0.3851 -0.0109 0.9228
vn 0.8981 0.0732 0.4336
vn 0.9006 0.0839 0.4265
vn 0.7107 0.0537 0.7014
vn 0.4014 0.0159 0.9157
vn 0.9063 0.1037 0.4097
vn 0.0000 -0.0335 0.9994
vn 0.3670 -0.0192 0.9300
vn 0.0000 -0.0388 0.9992
vn 0.6727 0.0190 0.7396
vn 0.8980 0.0765 0.4333
vn 0.0000 0.0018 1.0000
vn 0.0000 -0.0251 0.9997
vn 0.9879 0.1520 0.0293
vn 0.9916 0.1263 -0.0277
vn 0.9926 0.1178 -0.0293
vn 0.9897 0.1422 0.0164
vn 0.9926 0.0991 -0.0691
vn 0.9937 0.0927 -0.0625
vn 0.9587 0.1747 -0.2243
vn 0.9610 0.2046 -0.1861
vn 0.9565 0.1451 -0.2529
vn 0.9582 0.2502 -0.1386
vn 0.9517 0.2384 -0.1935
vn 0.9850 0.1515 0.0820
vn 0.9470 0.2021 -0.2498
vn 0.9432 0.1646 -0.2886
vn 0.9379 0.1225 -0.3246
vn 0.9926 0.0607 -0.1047
vn 0.9947 0.0543 -0.0876
vn 0.9559 0.1050 -0.2744
vn 0.8412 0.1682 -0.5139
vn 0.8441 0.2093 -0.4935
vn 0.8488 0.2453 -0.4683
vn 0.8542 0.2826 -0.4364
vn 0.9651 0.2147 -0.1496
vn 0.8614 0.3059 -0.4053
vn 0.9880 0.1425 0.0598
vn 0.8233 -0.0727 -0.5628
vn 0.6413 -0.1099 -0.7594
vn 0.6708 -0.1726 -0.7213
vn 0.8524 -0.1339 -0.5055
vn 0.3580 -0.1598 -0.9199
vn 0.3816 -0.2138 -0.8993
vn 0.6333 -0.1005 -0.7674
vn 0.8132 -0.0826 -0.5760
vn 0.3614 -0.1140 -0.9254
vn 0.9330 -0.0402 -0.3576
vn 0.0000 -0.1852 -0.9827
vn 0.0000 -0.2337 -0.9723
vn 0.0000 -0.1198 -0.9928
vn 0.0000 0.0689 -0.9976
vn 0.3267 0.0641 -0.9429
vn 0.5679 0.0537 -0.8213
vn 0.7385 0.0407 -0.6730
vn 0.9246 -0.0466 -0.3782
vn 0.8481 0.0486 -0.5275
vn 0.9547 -0.0843 -0.2853
vn 0.9907 0.0926 -0.0996
vn 0.9959 0.0747 0.0497
vn 0.9615 0.1099 -0.2518
vn 0.9926 0.0974 -0.0727
vn 0.9951 0.0775 0.0603
vn 0.9717 0.1172 -0.2049
vn 0.3146 -0.0516 0.9478
vn 0.1189 -0.0573 0.9912
vn 0.9687 0.0490 0.2433
vn 0.8495 0.0101 0.5274
vn 0.9694 0.0489 0.2407
vn 0.8547 0.0034 0.5191
vn 0.3110 -0.0714 0.9477
vn 0.1151 -0.0802 0.9901
vn 0.9290 0.1648 -0.3312
vn 0.8680 0.1993 -0.4548
vn 0.8502 0.2420 -0.4674
vn 0.9133 0.1920 -0.3591
vn 0.8585 0.2092 -0.4681
vn 0.8541 0.2545 -0.4536
vn 0.8145 0.2892 -0.5030
vn 0.8631 0.2199 -0.4546
vn 0.8487 0.3017 -0.4343
vn 0.9268 0.1406 -0.3481
vn 0.9727 0.1318 -0.1906
vn 0.8681 0.1633 -0.4687
vn 0.8557 0.1667 -0.4898
vn 0.8468 0.3341 -0.4138
vn 0.7670 0.3357 -0.5468
vn 0.7686 0.2655 -0.5820
vn 0.9370 0.1406 -0.3197
vn 0.8202 0.0917 -0.5647
vn 0.9653 0.1378 -0.2218
vn 0.5940 -0.0299 0.8039
vn 0.5964 -0.0443 0.8014
vn 0.9829 0.0096 -0.1839
vn 0.9908 -0.0095 -0.1346
vn 0.0000 -0.0577 0.9983
vn 0.0000 -0.0818 0.9966
vn 0.5465 0.8363 -0.0439
vn 0.4259 0.9021 0.0696
vn 0.3323 0.9401 0.0756
vn 0.4581 0.8825 -0.1064
vn 0.3944 0.8890 0.2324
vn 0.2705 0.9004 0.3406
vn 0.1774 0.9793 0.0969
vn 0.2673 0.9528 -0.1437
vn 0.1216 0.8918 0.4358
vn 0.7124 0.6879 -0.1389
vn 0.4643 0.7205 0.5150
vn 0.2836 0.6588 0.6968
vn 0.1110 0.5815 0.8059
vn 0.0000 0.5460 0.8378
vn 0.0000 0.8800 0.4749
vn 0.0000 0.9938 0.1111
vn 0.0000 0.9880 -0.1541
vn 0.3767 0.8496 -0.3692
vn 0.0000 0.9134 -0.4071
vn 0.6148 0.7393 -0.2746
vn 0.6085 0.7917 0.0533
vn 0.5083 0.8607 0.0284
vn 0.5687 0.8155 -0.1070
vn 0.7121 0.7013 -0.0318
vn 0.4219 0.8986 0.1205
vn 0.4078 0.9093 -0.0822
vn 0.6625 0.7100 -0.2384
vn 0.8065 0.5809 -0.1104
vn 0.4839 0.8251 -0.2915
vn 0.7667 0.6118 0.1944
vn 0.2339 0.9072 0.3496
vn 0.1194 0.9907 0.0649
vn 0.1706 0.9523 -0.2528
vn 0.2527 0.8090 -0.5307
vn 0.5545 0.6997 -0.4505
vn 0.7312 0.5944 -0.3346
vn 0.8680 0.4678 -0.1665
vn 0.9163 0.3907 0.0875
vn 0.9546 0.2917 0.0595
vn 0.8532 0.5042 0.1335
vn 0.9569 0.0378 -0.2877
vn 0.9085 0.0848 -0.4091
vn 0.8462 0.1075 -0.5218
vn 0.8375 0.1434 -0.5272
vn 0.9045 0.1285 -0.4066
vn 0.6498 0.3428 -0.6784
vn 0.7349 0.3807 -0.5613
vn 0.7385 0.4380 -0.5126
vn 0.5848 0.4531 -0.6728
vn 0.8589 0.3461 -0.3775
vn 0.8809 0.3610 -0.3059
vn 0.7510 0.5072 -0.4227
vn 0.5771 0.5778 -0.5771
vn 0.8899 0.3962 -0.2258
vn 0.5226 0.2153 -0.8249
vn 0.9691 0.2312 -0.0862
vn 0.9758 0.2171 -0.0246
vn 0.9720 0.2333 0.0282
vn 0.2954 0.6138 -0.7321
vn 0.3478 0.4011 -0.8474
vn 0.9746 0.1123 0.1936
vn 0.9822 0.1002 0.1586
vn 0.9867 0.1107 0.1188
vn 0.9774 0.1325 0.1647
vn 0.9853 0.1202 0.1211
vn 0.9892 0.1170 0.0885
vn 0.9702 0.2268 -0.0853
vn 0.9637 0.2665 -0.0157
vn 0.9702 0.2084 -0.1231
vn 0.9626 0.1547 0.2225
vn 0.8685 0.3233 -0.3757
vn 0.8720 0.3653 -0.3256
vn 0.8748 0.4223 -0.2373
vn 0.9514 0.2961 0.0847
vn 0.8770 0.4666 -0.1141
vn 0.9607 0.1629 0.2248
vn 0.8206 0.1385 -0.5544
vn 0.5280 0.1820 -0.8295
vn 0.3076 0.2020 -0.9298
vn 0.3083 0.2669 -0.9131
vn 0.5287 0.2424 -0.8134
vn 0.9737 0.0457 0.2232
vn 0.9944 0.0849 0.0621
vn 0.9981 0.0608 0.0053
vn 0.9869 0.0141 0.1608
vn 0.9921 0.1078 -0.0643
vn 0.9896 0.0933 -0.1091
vn 0.9776 0.0886 -0.1908
vn 0.9938 0.0622 -0.0917
vn 0.9981 0.0558 -0.0256
vn 0.9994 0.0244 0.0237
vn 0.9940 -0.0338 0.1043
vn 0.8750 -0.0206 0.4837
vn 0.9147 -0.0833 0.3955
vn 0.9477 0.0313 -0.3176
vn 0.9846 0.0336 -0.1715
vn 0.9961 0.0446 -0.0762
vn 0.9454 -0.1680 0.2791
vn 0.1263 -0.1559 0.9796
vn 0.3367 -0.1390 0.9313
vn 0.3915 -0.2728 0.8788
vn 0.1517 -0.2996 0.9419
vn 0.6295 -0.0939 0.7713
vn 0.6961 -0.1994 0.6896
vn 0.4674 -0.4975 0.7307
vn 0.1905 -0.5524 0.8115
vn 0.7691 -0.3572 0.5300
vn 0.0000 -0.1595 0.9872
vn 0.0000 -0.5631 0.8264
vn 0.0000 -0.3052 0.9523
vn 0.1741 -0.9524 -0.2501
vn 0.4365 -0.8696 -0.2307
vn 0.4453 -0.8758 -0.1860
vn 0.1779 -0.9628 -0.2034
vn 0.7403 -0.6488 -0.1762
vn 0.7489 -0.6480 -0.1386
vn 0.4557 -0.8802 -0.1330
vn 0.1823 -0.9722 -0.1470
vn 0.7587 -0.6444 -0.0955
vn 0.0000 -0.9674 -0.2532
vn 0.9373 -0.3347 -0.0966
vn 0.9405 -0.3318 -0.0728
vn 0.9438 -0.3273 -0.0461
vn 0.0000 -0.9888 -0.1493
vn 0.0000 -0.9785 -0.2063
vn 0.9959 -0.0844 -0.0314
vn 0.9973 0.0710 0.0142
vn 0.9974 0.0713 0.0066
vn 0.9962 -0.0836 -0.0232
vn 0.9779 0.1993 0.0624
vn 0.9785 0.2028 0.0369
vn 0.9976 0.0685 0.0033
vn 0.9964 -0.0837 -0.0123
vn 0.9796 0.2004 0.0166
vn 0.7751 0.6260 0.0850
vn 0.5080 0.8524 0.1236
vn 0.5077 0.8357 0.2092
vn 0.7706 0.6186 0.1531
vn 0.2189 0.9645 0.1473
vn 0.2238 0.9435 0.2444
vn 0.5288 0.7685 0.3602
vn 0.7697 0.5802 0.2661
vn 0.2491 0.8720 0.4213
vn 0.0000 0.9880 0.1541
vn 0.0000 0.9670 0.2548
vn 0.0000 0.8979 0.4403
vn 0.3245 0.3983 0.8579
vn 0.6104 0.4180 0.6727
vn 0.6648 0.1338 0.7349
vn 0.3574 0.1016 0.9284
vn 0.8221 0.4165 0.3881
vn 0.8877 0.1735 0.4265
vn 0.9729 0.2252 0.0513
vn 0.0000 0.3832 0.9236
vn 0.9004 0.4302 0.0646
vn 0.0000 0.0867 0.9962
vn 0.7793 0.3490 -0.5204
vn 0.9193 0.2806 -0.2758
vn 0.8595 0.4610 -0.2208
vn 0.7379 0.5242 -0.4251
vn 0.4704 0.6512 -0.5955
vn 0.5005 0.4445 -0.7429
vn 0.0000 0.5038 -0.8638
vn 0.0000 0.7322 -0.6810
vn 0.2846 0.9397 0.1893
vn 0.5323 0.8213 0.2052
vn 0.5617 0.8253 -0.0570
vn 0.3171 0.9430 -0.1005
vn 0.7193 0.6509 0.2428
vn 0.7425 0.6691 0.0285
vn 0.5807 0.7790 -0.2364
vn 0.3397 0.8902 -0.3036
vn 0.7494 0.6484 -0.1341
vn 0.0000 0.7932 0.6089
vn 0.2434 0.7592 0.6035
vn 0.0000 0.9827 0.1853
vn 0.4827 0.6555 0.5808
vn 0.6695 0.5049 0.5448
vn 0.7764 0.3688 0.5110
vn 0.8374 0.4269 0.3412
vn 0.8665 0.4678 0.1740
vn 0.8761 0.4815 0.0244
vn 0.7484 0.6021 -0.2781
vn 0.5867 0.7083 -0.3924
vn 0.3483 0.8050 -0.4802
vn 0.0000 0.9434 -0.3316
vn 0.0000 0.8539 -0.5204
vn 0.0000 0.9933 -0.1152
vn 0.7401 0.5352 -0.4070
vn 0.7299 0.4636 -0.5022
vn 0.5675 0.5331 -0.6274
vn 0.5797 0.6197 -0.5290
vn 0.7221 0.4065 -0.5598
vn 0.5574 0.4648 -0.6879
vn 0.3351 0.5943 -0.7310
vn 0.3443 0.6971 -0.6288
vn 0.3270 0.5148 -0.7924
vn 0.7147 0.3710 -0.5930
vn 0.5499 0.4177 -0.7233
vn 0.3213 0.4587 -0.8285
vn 0.0000 0.4792 -0.8777
vn 0.0000 0.5397 -0.8418
vn 0.0000 0.6255 -0.7802
vn 0.0000 0.7370 -0.6759
vn 0.3168 0.4091 -0.8557
vn 0.5433 0.3753 -0.7509
vn 0.5372 0.3281 -0.7770
vn 0.3131 0.3571 -0.8800
vn 0.7072 0.3371 -0.6214
vn 0.7009 0.2945 -0.6496
vn 0.5323 0.2844 -0.7974
vn 0.3103 0.3106 -0.8985
vn 0.6954 0.2538 -0.6723
vn 0.0000 0.4263 -0.9046
vn 0.6914 0.2125 -0.6905
vn 0.0000 0.3236 -0.9462
vn 0.0000 0.2788 -0.9603
vn 0.0000 0.3717 -0.9283
vn 0.6893 0.1564 -0.7074
vn 0.0000 0.2112 -0.9774
vn 0.1335 0.2516 0.9586
vn 0.3244 0.3186 0.8906
vn 0.3690 0.2018 0.9072
vn 0.1647 0.1930 0.9673
vn 0.5408 0.4003 0.7397
vn 0.5820 0.2200 0.7829
vn 0.4157 0.3490 0.8399
vn 0.1968 0.4035 0.8936
vn 0.6111 0.2746 0.7424
vn 0.0000 0.2269 0.9739
vn 0.7341 0.4276 0.5275
vn 0.7526 0.2340 0.6155
vn 0.7646 0.2308 0.6017
vn 0.0000 0.4210 0.9070
vn 0.0000 0.1906 0.9817
vn 0.8535 0.3674 0.3695
vn 0.9077 0.2929 0.3005
vn 0.9054 0.2080 0.3701
vn 0.8538 0.2260 0.4689
vn 0.9418 0.2197 0.2543
vn 0.9373 0.1882 0.2934
vn 0.9059 0.2793 0.3182
vn 0.8581 0.2480 0.4495
vn 0.9335 0.2985 0.1987
vn -0.2638 0.9593 -0.1007
vn -0.2364 0.9369 0.2576
vn -0.4418 0.8253 0.3517
vn -0.5409 0.8405 0.0310
vn -0.0678 0.8355 0.5452
vn -0.2565 0.7462 0.6143
vn 0.1069 0.5499 0.8283
vn -0.2059 0.8359 -0.5088
vn 0.3234 0.6258 0.7097
vn -0.5480 0.7360 -0.3974
vn 0.8865 -0.3314 -0.3229
vn 0.9504 -0.2916 -0.1078
vn 0.9917 -0.0645 -0.1113
vn 0.9627 -0.0937 -0.2535
vn 0.8634 -0.1263 -0.4884
vn 0.7190 -0.3406 -0.6058
vn 0.3946 -0.2373 -0.8876
vn 0.9985 -0.0504 -0.0192
vn 0.5924 -0.0784 -0.8018
vn 0.9666 -0.2491 0.0607
vn 0.8604 -0.0443 0.5076
vn 0.5752 0.2218 0.7874
vn 0.7628 0.2934 0.5761
vn 0.9566 0.0741 0.2817
vn 0.9959 -0.0205 0.0877
vn 0.9514 -0.1834 0.2470
vn -0.2216 0.2130 -0.9516
vn 0.0399 -0.0266 -0.9988
vn 0.2536 0.0730 -0.9645
vn 0.0218 0.2980 -0.9543
vn -0.1109 0.5735 -0.8116
vn -0.4219 0.4833 -0.7671
vn 0.0000 -0.4769 -0.8789
vn 0.0000 -0.9723 -0.2338
vn 0.3612 -0.9074 -0.2146
vn 0.3207 -0.4280 -0.8449
vn 0.0000 -0.9117 -0.4108
vn 0.3995 -0.8294 -0.3904
vn 0.0000 -0.9018 -0.4321
vn 0.4208 -0.8079 -0.4126
vn 0.7754 -0.5422 -0.3236
vn 0.7553 -0.5860 -0.2934
vn 0.7039 -0.7022 -0.1063
vn 0.5453 -0.2963 -0.7841
vn 0.7804 -0.1017 -0.6168
vn 0.9510 -0.2859 -0.1171
vn 0.9942 -0.0474 0.0968
vn 0.9243 0.1515 0.3503
vn 0.9577 -0.2336 -0.1682
vn 0.9999 0.0085 0.0118
vn 0.9467 0.2242 0.2311
vn 0.7483 0.4465 0.4906
vn 0.6975 0.3247 0.6388
vn 0.6098 0.1608 0.7760
vn 0.2955 0.2259 0.9282
vn 0.0000 0.2416 0.9703
vn 0.3536 0.4281 0.8317
vn 0.0000 0.4577 0.8891
vn 0.3975 0.6075 0.6877
vn 0.0000 0.6581 0.7529
vn 0.4373 -0.8302 -0.3457
vn 0.0000 -0.9323 -0.3617
vn 0.4476 -0.8599 -0.2452
vn 0.0000 -0.9927 -0.1205
vn 0.4497 -0.8846 -0.1230
vn 0.7906 -0.5467 -0.2758
vn 0.0000 -0.9999 0.0085
vn 0.4402 -0.8979 -0.0005
vn 0.8068 -0.5771 -0.1259
vn 0.8037 -0.5936 -0.0409
vn 0.8014 -0.5611 -0.2070
vn 0.8821 0.3373 -0.3288
vn 0.9739 0.0746 -0.2142
vn 0.9666 0.0797 -0.2437
vn 0.8614 0.3406 -0.3768
vn 0.9670 -0.2342 -0.0998
vn 0.9610 -0.2428 -0.1321
vn 0.9636 0.0857 -0.2534
vn 0.8634 0.3569 -0.3565
vn 0.9455 -0.2527 -0.2051
vn 0.7327 0.6279 -0.2624
vn 0.9157 0.3370 -0.2189
vn 0.6781 0.5926 -0.4347
vn 0.9838 0.0693 -0.1652
vn 0.9686 -0.2258 -0.1039
vn 0.7904 -0.6126 -0.0051
vn 0.7719 -0.6316 -0.0719
vn 0.7356 -0.6385 -0.2262
vn 0.6784 -0.6131 -0.4047
vn 0.9186 -0.2528 -0.3038
vn 0.9629 0.0972 -0.2516
vn 0.8796 0.3880 -0.2750
vn 0.6484 0.5921 -0.4785
vn 0.6773 0.6482 -0.3478
vn 0.6445 0.5724 -0.5069
vn 0.9548 0.2667 0.1314
vn 0.9991 0.0290 -0.0290
vn 0.9969 0.0431 -0.0652
vn 0.9541 0.2976 0.0320
vn 0.9612 -0.2249 -0.1593
vn 0.9644 -0.2239 -0.1408
vn 0.9923 0.0571 -0.1097
vn 0.9428 0.3224 -0.0840
vn 0.9670 -0.2237 -0.1216
vn 0.7762 0.5341 0.3351
vn 0.7744 0.6315 -0.0382
vn 0.7863 0.5957 0.1638
vn 0.0000 0.8234 0.5674
vn 0.4277 0.7490 0.5060
vn 0.4429 0.8502 0.2843
vn 0.0000 0.9438 0.3306
vn 0.4378 0.8990 0.0120
vn 0.0000 0.9994 0.0333
vn 0.4057 0.8687 -0.2841
vn 0.0000 0.9573 -0.2890
vn 0.0000 0.9814 -0.1921
vn 0.3602 0.9151 -0.1810
vn 0.3366 0.9410 0.0343
vn 0.0000 0.9990 0.0450
vn 0.3040 0.9439 0.1290
vn 0.0000 0.9895 0.1442
vn 0.0000 0.8964 -0.4432
vn 0.3566 0.8354 -0.4181
vn 0.6815 0.7137 -0.1620
vn 0.6498 0.7600 -0.0101
vn 0.6066 0.7937 0.0457
vn 0.5478 0.8365 -0.0084
vn 0.3077 0.9515 0.0025
vn 0.0000 0.9999 0.0117
vn 0.0000 0.8515 -0.5243
vn 0.3611 0.7851 -0.5032
vn 0.3338 0.7328 -0.5929
vn 0.0000 0.7850 -0.6195
vn 0.3352 0.7522 -0.5672
vn 0.0000 0.8032 -0.5956
vn 0.4226 -0.9056 0.0360
vn 0.0000 -0.9992 0.0398
vn 0.0000 -0.9968 -0.0803
vn 0.4028 -0.9126 -0.0699
vn 0.0000 -0.9557 -0.2943
vn 0.3687 -0.8887 -0.2723
vn 0.0000 -0.8652 -0.5014
vn 0.3199 -0.8178 -0.4784
vn 0.3995 0.0502 -0.9153
vn 0.0000 0.0714 -0.9974
vn 0.0000 0.6210 -0.7838
vn 0.4533 0.5439 -0.7061
vn 0.0000 0.9390 -0.3439
vn 0.3901 0.8617 -0.3245
vn 0.5213 -0.3089 -0.7955
vn 0.2868 -0.3492 -0.8921
vn 0.6855 -0.0077 -0.7280
vn 0.0000 -0.3713 -0.9285
vn 0.6891 0.6846 -0.2376
vn 0.7641 0.3775 -0.5231
vn 0.2761 -0.7341 -0.6203
vn 0.0000 -0.7700 -0.6381
vn 0.0000 -0.6893 -0.7244
vn 0.2510 -0.6573 -0.7105
vn 0.0000 -0.5860 -0.8103
vn 0.2408 -0.5605 -0.7924
vn 0.6214 -0.5647 -0.5430
vn 0.5516 -0.4186 -0.7214
vn 0.5799 -0.5047 -0.6396
vn 0.8824 0.4370 -0.1744
vn 0.9597 0.1282 -0.2499
vn 0.9466 0.1725 -0.2723
vn 0.8648 0.4899 -0.1098
vn 0.8905 -0.2299 -0.3926
vn 0.8612 -0.1870 -0.4726
vn 0.9026 0.2434 -0.3549
vn 0.8241 0.5518 -0.1281
vn 0.8187 -0.1082 -0.5639
vn -0.9072 0.4206 0.0000
vn -0.9004 0.4210 -0.1093
vn -0.9927 0.0000 -0.1205
vn -0.5860 0.8103 0.0000
vn -0.5813 0.8106 -0.0703
vn -0.0175 0.9998 0.0000
vn -0.0174 0.9998 -0.0018
vn 0.5647 0.8253 0.0000
vn 0.5601 0.8256 0.0679
vn 0.9023 0.4310 0.0000
vn 0.8956 0.4314 0.1084
vn 0.9927 0.0000 0.1202
vn 0.9023 -0.4310 0.0000
vn 0.8956 -0.4314 0.1084
vn 0.5647 -0.8253 0.0000
vn 0.5601 -0.8256 0.0679
vn -0.0175 -0.9998 0.0000
vn -0.0174 -0.9998 -0.0018
vn -0.5860 -0.8103 0.0000
vn -0.5813 -0.8106 -0.0703
vn -0.9072 -0.4206 0.0000
vn -0.9004 -0.4210 -0.1093
vn -0.8800 0.4222 -0.2173
vn -0.9708 0.0000 -0.2398
vn -0.5674 0.8115 -0.1398
vn -0.0172 0.9998 -0.0037
vn 0.5465 0.8265 0.1349
vn 0.8753 0.4327 0.2157
vn 0.9709 0.0000 0.2392
vn 0.8753 -0.4327 0.2157
vn 0.5465 -0.8265 0.1349
vn -0.0172 -0.9998 -0.0037
vn -0.5674 -0.8115 -0.1398
vn -0.8800 -0.4222 -0.2173
vn -0.8460 0.4241 -0.3230
vn -0.9342 0.0000 -0.3568
vn -0.5444 0.8128 -0.2073
vn -0.0168 0.9998 -0.0056
vn 0.5239 0.8279 0.2000
vn 0.8416 0.4347 0.3206
vn 0.9345 0.0000 0.3559
vn 0.8416 -0.4347 0.3206
vn 0.5239 -0.8279 0.2000
vn -0.0168 -0.9998 -0.0056
vn -0.5444 -0.8128 -0.2073
vn -0.8460 -0.4241 -0.3230
vn -0.7984 0.4266 -0.4249
vn -0.8827 0.0000 -0.4699
vn -0.5123 0.8146 -0.2719
vn -0.0161 0.9998 -0.0075
vn 0.4926 0.8298 0.2621
vn 0.7942 0.4373 0.4217
vn 0.8832 0.0000 0.4689
vn 0.7942 -0.4373 0.4217
vn 0.4926 -0.8298 0.2621
vn -0.0161 -0.9998 -0.0075
vn -0.5123 -0.8146 -0.2719
vn -0.7984 -0.4266 -0.4249
vn -0.7373 0.4295 -0.5214
vn -0.8163 0.0000 -0.5776
vn -0.4714 0.8167 -0.3326
vn -0.0152 0.9998 -0.0095
vn 0.4529 0.8320 0.3203
vn 0.7335 0.4405 0.5176
vn 0.8171 0.0000 0.5765
vn 0.7335 -0.4405 0.5176
vn 0.4529 -0.8320 0.3203
vn -0.0152 -0.9998 -0.0095
vn -0.4714 -0.8167 -0.3326
vn -0.7373 -0.4295 -0.5214
vn -0.6629 0.4327 -0.6110
vn -0.7351 0.0000 -0.6779
vn -0.4223 0.8190 -0.3883
vn -0.0139 0.9998 -0.0114
vn 0.4052 0.8344 0.3735
vn 0.6595 0.4440 0.6066
vn 0.7361 0.0000 0.6768
vn 0.6595 -0.4440 0.6066
vn 0.4052 -0.8344 0.3735
vn -0.0139 -0.9998 -0.0114
vn -0.4223 -0.8190 -0.3883
vn -0.6629 -0.4327 -0.6110
vn -0.5758 0.4360 -0.6916
vn -0.6396 0.0000 -0.7687
vn -0.3655 0.8213 -0.4379
vn -0.0124 0.9998 -0.0132
vn 0.3502 0.8369 0.4207
vn 0.5729 0.4475 0.6866
vn 0.6407 0.0000 0.7678
vn 0.5729 -0.4475 0.6866
vn 0.3502 -0.8369 0.4207
vn -0.0124 -0.9998 -0.0132
vn -0.3655 -0.8213 -0.4379
vn -0.5758 -0.4360 -0.6916
vn -0.4769 0.4391 -0.7614
vn -0.5306 0.0000 -0.8476
vn -0.3016 0.8236 -0.4803
vn -0.0104 0.9998 -0.0149
vn 0.2887 0.8392 0.4609
vn 0.4745 0.4509 0.7559
vn 0.5318 0.0000 0.8469
vn 0.4745 -0.4509 0.7559
vn 0.2887 -0.8392 0.4609
vn -0.0104 -0.9998 -0.0149
vn -0.3016 -0.8236 -0.4803
vn -0.4769 -0.4391 -0.7614
vn -0.3457 0.4330 -0.8325
vn -0.3957 0.0100 -0.9183
vn -0.2346 0.8266 -0.5115
vn -0.0083 0.9998 -0.0162
vn 0.2216 0.8412 0.4932
vn 0.3659 0.4539 0.8124
vn 0.4107 0.0000 0.9117
vn 0.3659 -0.4539 0.8124
vn 0.2216 -0.8412 0.4932
vn -0.0082 -0.9998 -0.0163
vn -0.2318 -0.8255 -0.5146
vn -0.3677 -0.4419 -0.8182
vn -0.3051 0.3366 -0.8908
vn -0.2384 0.0324 -0.9706
vn -0.8336 0.2963 -0.4662
vn -0.0061 0.9998 -0.0155
vn -0.7622 0.6468 -0.0253
vn 0.1502 0.8427 0.5169
vn 0.2489 0.4563 0.8543
vn 0.2798 0.0000 0.9601
vn 0.2489 -0.4563 0.8543
vn 0.1502 -0.8427 0.5169
vn -0.0056 -0.9998 -0.0174
vn -0.1573 -0.8270 -0.5398
vn -0.2405 -0.4383 -0.8660
vn -0.2386 0.8529 0.4642
vn -0.4467 0.7943 0.4117
vn -0.0047 0.9999 -0.0104
vn 0.0759 0.8437 0.5314
vn 0.1259 0.4578 0.8801
vn 0.1417 0.0000 0.9899
vn 0.1259 -0.4578 0.8801
vn 0.0759 -0.8437 0.5314
vn -0.0029 -0.9998 -0.0181
vn -0.0795 -0.8279 -0.5552
vn -0.1172 -0.4270 -0.8966
vn -0.1146 0.1032 -0.9880
vn -0.2122 0.0308 0.9767
vn -0.1505 -0.0192 0.9884
vn -0.4425 0.2845 0.8504
vn -0.8082 0.1695 0.5640
vn -0.7286 0.5366 0.4256
vn 0.1088 0.4488 -0.8870
vn -0.0068 0.4865 -0.8736
vn 0.1418 -0.0004 -0.9899
vn 0.1259 -0.4578 -0.8801
vn 0.0759 -0.8437 -0.5314
vn -0.0029 -0.9998 0.0181
vn -0.0795 -0.8279 0.5552
vn -0.1266 -0.4454 0.8863
vn -0.2874 -0.0077 0.9578
vn 0.2349 0.4738 -0.8487
vn 0.0375 0.5592 -0.8282
vn 0.2791 -0.0002 -0.9602
vn 0.2489 -0.4563 -0.8543
vn 0.1502 -0.8427 -0.5169
vn -0.0056 -0.9998 0.0174
vn -0.1573 -0.8270 0.5398
vn -0.2501 -0.4440 0.8604
vn -0.3845 0.4341 0.8147
vn -0.4119 -0.0016 0.9112
vn -0.2472 0.8255 0.5073
vn -0.1167 0.6735 -0.7299
vn -0.5929 0.7867 -0.1714
vn -0.6699 0.2947 -0.6814
vn 0.3900 0.4702 -0.7917
vn 0.4107 0.0000 -0.9118
vn 0.3659 -0.4539 -0.8124
vn 0.2216 -0.8412 -0.4932
vn -0.0082 -0.9998 0.0163
vn -0.2318 -0.8255 0.5146
vn -0.3677 -0.4419 0.8182
vn -0.4769 0.4391 0.7614
vn -0.5306 0.0000 0.8476
vn -0.3042 0.8222 0.4809
vn -0.0072 0.9999 0.0126
vn 0.3079 0.8339 -0.4580
vn 0.4860 0.4527 -0.7476
vn 0.5318 0.0000 -0.8469
vn 0.4745 -0.4509 -0.7559
vn 0.2887 -0.8392 -0.4609
vn -0.0104 -0.9998 0.0149
vn -0.3016 -0.8236 0.4803
vn -0.4769 -0.4391 0.7614
vn -0.5758 0.4360 0.6916
vn -0.6396 0.0000 0.7687
vn -0.3666 0.8209 0.4377
vn -0.0169 0.9998 0.0117
vn 0.3460 0.8368 -0.4244
vn 0.5715 0.4470 -0.6881
vn 0.6407 0.0000 -0.7678
vn 0.5729 -0.4475 -0.6866
vn 0.3502 -0.8369 -0.4207
vn -0.0124 -0.9998 0.0132
vn -0.3655 -0.8213 0.4379
vn -0.5758 -0.4360 0.6916
vn -0.6629 0.4327 0.6110
vn -0.7351 0.0000 0.6779
vn -0.4223 0.8190 0.3883
vn -0.0139 0.9998 0.0114
vn 0.4052 0.8344 -0.3735
vn 0.6595 0.4440 -0.6066
vn 0.7361 0.0000 -0.6768
vn 0.6595 -0.4440 -0.6066
vn 0.4052 -0.8344 -0.3735
vn -0.0139 -0.9998 0.0114
vn -0.4223 -0.8190 0.3883
vn -0.6629 -0.4327 0.6110
vn -0.7373 0.4295 0.5214
vn -0.8163 0.0000 0.5776
vn -0.4714 0.8167 0.3326
vn -0.0152 0.9998 0.0095
vn 0.4529 0.8320 -0.3203
vn 0.7335 0.4405 -0.5176
vn 0.8171 0.0000 -0.5765
vn 0.7335 -0.4405 -0.5176
vn 0.4529 -0.8320 -0.3203
vn -0.0152 -0.9998 0.0095
vn -0.4714 -0.8167 0.3326
vn -0.7373 -0.4295 0.5214
vn -0.7984 0.4266 0.4249
vn -0.8827 0.0000 0.4699
vn -0.5123 0.8146 0.2719
vn -0.0161 0.9998 0.0075
vn 0.4926 0.8298 -0.2621
vn 0.7942 0.4373 -0.4217
vn 0.8832 0.0000 -0.4689
vn 0.7942 -0.4373 -0.4217
vn 0.4926 -0.8298 -0.2621
vn -0.0161 -0.9998 0.0075
vn -0.5123 -0.8146 0.2719
vn -0.7984 -0.4266 0.4249
vn -0.8460 0.4241 0.3230
vn -0.9342 0.0000 0.3568
vn -0.5444 0.8128 0.2073
vn -0.0168 0.9998 0.0056
vn 0.5239 0.8279 -0.2000
vn 0.8416 0.4347 -0.3206
vn 0.9345 0.0000 -0.3559
vn 0.8416 -0.4347 -0.3206
vn 0.5239 -0.8279 -0.2000
vn -0.0168 -0.9998 0.0056
vn -0.5444 -0.8128 0.2073
vn -0.8460 -0.4241 0.3230
vn -0.8800 0.4222 0.2173
vn -0.9708 0.0000 0.2398
vn -0.5674 0.8115 0.1398
vn -0.0172 0.9998 0.0037
vn 0.5465 0.8265 -0.1349
vn 0.8753 0.4327 -0.2157
vn 0.9709 0.0000 -0.2392
vn 0.8753 -0.4327 -0.2157
vn 0.5465 -0.8265 -0.1349
vn -0.0172 -0.9998 0.0037
vn -0.5674 -0.8115 0.1398
vn -0.8800 -0.4222 0.2173
vn -0.9004 0.4210 0.1093
vn -0.9927 0.0000 0.1205
vn -0.5813 0.8106 0.0703
vn -0.0174 0.9998 0.0018
vn 0.5601 0.8256 -0.0679
vn 0.8956 0.4314 -0.1084
vn 0.9927 0.0000 -0.1202
vn 0.8956 -0.4314 -0.1084
vn 0.5601 -0.8256 -0.0679
vn -0.0174 -0.9998 0.0018
vn -0.5813 -0.8106 0.0703
vn -0.9004 -0.4210 0.1093
vn -0.9814 0.1119 0.1556
vn -0.9402 0.2044 -0.2725
vn -0.9944 0.0983 0.0391
vn -0.9822 0.1388 -0.1263
vn -0.9681 0.0551 0.2443
vn -0.9144 0.1724 -0.3661
vn -0.9858 0.1118 -0.1254
vn -0.9414 0.1305 -0.3109
vn -0.9950 0.0894 0.0446
vn -0.9680 0.0568 0.2444
vn -0.8669 0.0027 0.4984
vn -0.8534 0.0088 0.5211
vn -0.7989 0.0184 0.6012
vn -0.9953 -0.0502 0.0827
vn -0.9979 -0.0514 0.0399
vn -0.9937 0.0870 0.0707
vn -0.9973 0.0391 0.0616
vn -0.9964 0.0741 0.0418
vn -0.9858 0.1274 0.1090
vn -0.9497 0.2410 0.2000
vn -0.9713 0.2010 0.1272
vn -0.9791 0.1850 0.0842
vn -0.9970 0.0681 0.0349
vn -0.9971 -0.0742 -0.0129
vn -0.9539 -0.2293 0.1937
vn -0.9597 -0.2580 0.1110
vn -0.9941 -0.0551 0.0932
vn -0.9988 0.0235 0.0417
vn -0.9574 -0.2888 0.0048
vn -0.9988 0.0441 -0.0215
vn -0.9982 0.0590 0.0080
vn -0.9976 0.0570 0.0391
vn -0.9789 0.1243 0.1620
vn -0.6306 0.6198 0.4671
vn -0.8968 0.2854 0.3380
vn -0.8606 0.4364 0.2625
vn -0.9225 0.3489 0.1653
vn -0.9349 0.3292 0.1324
vn -0.9386 0.3204 0.1279
vn -0.9790 0.1898 0.0743
vn -0.9974 0.0683 0.0213
vn -0.9367 -0.3330 -0.1077
vn -0.9959 -0.0836 -0.0328
vn -0.9441 -0.3196 -0.0810
vn -0.9959 -0.0854 0.0295
vn -0.9930 -0.0806 0.0856
vn -0.9949 0.0619 0.0795
vn -0.9977 0.0612 0.0298
vn -0.9775 0.1940 0.0824
vn -0.9803 0.1946 0.0335
vn -0.9815 -0.0674 0.1792
vn -0.9829 0.0657 0.1717
vn -0.9678 0.1895 0.1653
vn -0.9463 -0.3229 -0.0178
vn -0.9484 -0.3161 0.0252
vn -0.9963 -0.0851 0.0017
vn -0.9979 0.0641 0.0084
vn -0.9804 0.1966 0.0141
vn -0.9247 0.3773 0.0505
vn -0.9264 0.3752 0.0300
vn -0.9210 0.3750 0.1046
vn -0.9129 0.3616 0.1892
vn -0.9272 0.2025 0.3150
vn -0.8994 0.3291 0.2875
vn -0.9409 0.0711 0.3309
vn -0.9380 -0.0655 0.3404
vn -0.9411 -0.2651 0.2098
vn -0.9190 -0.2119 0.3325
vn -0.9489 -0.2991 0.1010
vn -0.1973 -0.9802 0.0136
vn -0.2208 -0.9577 0.1843
vn -0.5116 -0.8432 0.1646
vn -0.4822 -0.8759 0.0137
vn -0.7924 -0.5959 0.1304
vn -0.7783 -0.6276 0.0175
vn -0.2643 -0.8515 0.4527
vn -0.5562 -0.7326 0.3923
vn -0.8022 -0.5194 0.2943
vn -0.1873 -0.9788 -0.0833
vn -0.4663 -0.8815 -0.0740
vn -0.7678 -0.6388 -0.0493
vn -0.8124 -0.3418 0.4723
vn -0.6030 -0.4890 0.6303
vn -0.3135 -0.5893 0.7446
vn -0.1465 0.2515 -0.9567
vn -0.3556 0.2859 -0.8898
vn -0.4780 0.2015 -0.8549
vn -0.1883 0.1983 -0.9619
vn -0.2344 0.1088 -0.9660
vn -0.4625 0.1267 -0.8775
vn -0.6262 0.1363 -0.7676
vn -0.6575 0.1740 -0.7331
vn -0.7843 0.1829 -0.5927
vn -0.7103 0.2447 -0.6599
vn -0.2881 -0.0140 -0.9575
vn -0.5376 0.0237 -0.8429
vn -0.8284 0.0625 -0.5566
vn -0.7107 0.0503 -0.7017
vn -0.7361 0.1340 -0.6634
vn -0.7662 0.1512 -0.6245
vn -0.8585 0.1448 -0.4919
vn -0.8190 0.2589 0.5121
vn -0.8339 0.0742 0.5469
vn -0.6383 0.0744 0.7661
vn -0.6222 0.3320 0.7089
vn -0.3518 0.0737 0.9331
vn -0.3374 0.3847 0.8592
vn -0.8267 -0.1142 0.5508
vn -0.6307 -0.1876 0.7530
vn -0.3437 -0.2431 0.9070
vn -0.7870 0.4559 0.4155
vn -0.5776 0.5939 0.5600
vn -0.2970 0.6833 0.6670
vn -0.4514 -0.0559 0.8905
vn -0.4121 -0.0959 0.9061
vn -0.3682 -0.0873 0.9256
vn -0.6306 -0.0472 0.7747
vn -0.1678 -0.1451 0.9751
vn -0.1391 -0.1229 0.9826
vn -0.1343 -0.1034 0.9855
vn -0.6094 -0.0412 0.7917
vn -0.3337 -0.0700 0.9401
vn -0.1306 -0.0786 0.9883
vn -0.2132 -0.9699 0.1177
vn -0.1922 -0.9713 -0.1402
vn -0.4721 -0.8738 -0.1163
vn -0.5084 -0.8520 0.1245
vn -0.7803 -0.6227 -0.0574
vn -0.8048 -0.5790 0.1304
vn -0.1781 -0.9513 -0.2514
vn -0.4435 -0.8660 -0.2308
vn -0.7496 -0.6398 -0.1693
vn -0.2198 -0.8362 0.5023
vn -0.5164 -0.7290 0.4493
vn -0.8024 -0.4951 0.3330
vn -0.7374 -0.6463 -0.1960
vn -0.4335 -0.8645 -0.2544
vn -0.1731 -0.9460 -0.2740
vn -0.4085 0.6941 0.5928
vn -0.2004 0.9797 0.0051
vn -0.7914 0.5331 -0.2990
vn -0.8960 0.2317 0.3788
vn -0.9135 -0.1571 -0.3753
vn -0.9487 -0.2657 0.1711
vn 0.1770 0.8262 -0.5348
vn -0.2984 0.4240 -0.8551
vn -0.5336 -0.1059 -0.8390
vn -0.1307 0.5770 0.8062
vn 0.0517 0.7866 0.6152
vn -0.4925 0.3491 0.7972
vn -0.7778 -0.0309 0.6277
vn -0.8575 -0.3081 0.4118
vn -0.8811 -0.4700 0.0513
vn -0.8534 -0.4492 0.2645
vn -0.8297 -0.4614 -0.3142
vn -0.6153 -0.3844 -0.6882
vn -0.1973 -0.0627 -0.9783
vn -0.3577 -0.2854 -0.8891
vn 0.0584 0.2572 -0.9646
vn 0.3276 0.5672 -0.7556
vn 0.4493 0.8751 -0.1795
vn 0.5074 0.7293 -0.4589
vn 0.2902 0.9267 0.2387
vn -0.9288 0.2114 -0.3044
vn -0.9265 0.2202 -0.3052
vn -0.7699 0.2799 -0.5735
vn -0.7751 0.2709 -0.5707
vn -0.4840 0.3427 -0.8052
vn -0.4920 0.3333 -0.8042
vn -0.9261 0.2354 -0.2948
vn -0.7710 0.2996 -0.5619
vn -0.4738 0.3669 -0.8006
vn -0.9880 0.1472 0.0456
vn -0.9883 0.1451 0.0466
vn -0.9299 0.2142 -0.2990
vn -0.7802 0.2780 -0.5603
vn -0.4967 0.3474 -0.7953
vn -0.4708 0.4242 -0.7735
vn -0.8018 0.3337 -0.4956
vn -0.9476 0.2543 -0.1931
vn -0.9847 0.1682 0.0446
vn -0.9815 0.1862 0.0448
vn -0.9870 0.1542 0.0452
vn -0.8166 0.5410 0.2012
vn -0.7937 0.5900 0.1480
vn -0.5327 0.8137 0.2325
vn -0.6697 0.6994 0.2497
vn -0.5766 0.7688 0.2766
vn -0.4288 0.8254 0.3671
vn -0.2180 0.8807 0.4205
vn -0.2176 0.9474 0.2347
vn -0.2203 0.9661 0.1345
vn -0.5220 0.8445 0.1193
vn -0.7876 0.6110 0.0794
vn -0.9273 0.3525 0.1261
vn -0.8488 0.4971 0.1800
vn -0.7287 0.6572 0.1923
vn -0.9257 0.3691 0.0820
vn -0.7113 0.6996 0.0674
vn -0.6327 0.7563 0.1663
vn -0.6571 0.6822 0.3204
vn -0.4852 0.7030 0.5200
vn -0.2572 0.7087 0.6569
vn -0.2215 0.9686 0.1129
vn -0.5161 0.8513 0.0943
vn -0.7818 0.6205 0.0609
vn -0.9266 0.3739 0.0405
vn 0.4953 0.4303 -0.7546
vn 0.2744 0.1665 -0.9471
vn 0.2084 0.1816 -0.9610
vn 0.4294 0.4408 -0.7882
vn 0.6380 0.6779 -0.3652
vn 0.5878 0.6951 -0.4138
vn -0.2931 -0.3298 -0.8973
vn -0.2835 -0.3507 -0.8925
vn 0.0249 -0.0844 -0.9961
vn 0.0320 -0.0744 -0.9967
vn 0.2936 0.1771 -0.9393
vn 0.5140 0.4400 -0.7364
vn 0.6456 0.6794 -0.3485
vn -0.3128 -0.3300 -0.8906
vn -0.0204 -0.0674 -0.9975
vn -0.6880 -0.1895 0.7005
vn -0.4368 0.1299 0.8901
vn -0.4716 0.1698 0.8653
vn -0.7093 -0.1480 0.6891
vn -0.7155 0.6583 0.2340
vn -0.8230 0.5434 0.1657
vn -0.6793 0.7223 0.1293
vn -0.5919 0.7924 0.1474
vn -0.5418 0.8349 0.0967
vn -0.5017 0.8569 0.1184
vn -0.8567 0.4937 0.1493
vn -0.7301 0.6698 0.1353
vn -0.6096 0.7873 0.0922
vn -0.5576 0.7945 0.2402
vn -0.5194 0.8459 0.1205
vn -0.5276 0.8421 0.1111
vn -0.4593 0.8749 0.1531
vn -0.6051 0.7456 0.2792
vn -0.4696 0.8793 0.0789
vn -0.5649 0.8245 0.0317
vn -0.7927 -0.3842 0.4731
vn -0.7996 -0.3557 0.4838
vn -0.8270 -0.5099 0.2365
vn -0.8308 -0.4921 0.2600
vn -0.0231 0.4999 0.8658
vn -0.0256 0.4995 0.8659
vn -0.4458 0.1461 0.8831
vn -0.7215 -0.1570 0.6744
vn -0.8408 -0.3395 0.4216
vn -0.8751 -0.4492 0.1797
vn -0.0697 0.5288 0.8458
vn -0.7332 -0.6115 -0.2975
vn -0.8086 -0.5881 -0.0169
vn -0.8240 -0.5665 0.0081
vn -0.7630 -0.5802 -0.2851
vn -0.5674 -0.5470 -0.6155
vn -0.5970 -0.5177 -0.6127
vn -0.8525 -0.5189 -0.0625
vn -0.7689 -0.5484 -0.3286
vn -0.5919 -0.5033 -0.6295
vn 0.5009 0.7798 0.3754
vn 0.6158 0.7849 0.0680
vn 0.5700 0.8214 0.0173
vn 0.4501 0.8265 0.3380
vn 0.3164 0.7091 0.6301
vn 0.2668 0.7462 0.6099
vn 0.6186 0.7822 0.0741
vn 0.5037 0.7769 0.3777
vn 0.3190 0.7054 0.6329
vn -0.4793 0.3090 0.8215
vn -0.5408 0.8258 0.1594
vn -0.8714 0.4822 0.0899
vn -0.8578 0.2434 0.4527
vn -0.9669 0.2488 0.0557
vn -0.8630 0.3932 -0.3172
vn -0.4838 0.6012 -0.6359
vn -0.4332 0.0828 0.8975
vn -0.7726 0.1165 0.6241
vn -0.9391 0.1620 0.3031
vn -0.3749 -0.0244 0.9267
vn -0.3851 -0.0109 0.9228
vn -0.6879 0.0271 0.7252
vn -0.6778 0.0144 0.7350
vn -0.9006 0.0839 0.4265
vn -0.8981 0.0732 0.4336
vn -0.4014 0.0159 0.9157
vn -0.7107 0.0537 0.7014
vn -0.9063 0.1037 0.4097
vn -0.3670 -0.0192 0.9300
vn -0.6727 0.0190 0.7396
vn -0.8980 0.0765 0.4333
vn -0.9879 0.1520 0.0293
vn -0.9897 0.1422 0.0164
vn -0.9926 0.1178 -0.0293
vn -0.9916 0.1263 -0.0277
vn -0.9937 0.0927 -0.0625
vn -0.9926 0.0991 -0.0691
vn -0.9610 0.2046 -0.1861
vn -0.9587 0.1747 -0.2243
vn -0.9565 0.1451 -0.2529
vn -0.9582 0.2502 -0.1386
vn -0.9850 0.1515 0.0820
vn -0.9517 0.2384 -0.1935
vn -0.9470 0.2021 -0.2498
vn -0.9432 0.1646 -0.2886
vn -0.9926 0.0607 -0.1047
vn -0.9379 0.1225 -0.3246
vn -0.9947 0.0543 -0.0876
vn -0.9559 0.1050 -0.2744
vn -0.8441 0.2093 -0.4935
vn -0.8412 0.1682 -0.5139
vn -0.8488 0.2453 -0.4683
vn -0.8542 0.2826 -0.4364
vn -0.9651 0.2147 -0.1496
vn -0.8614 0.3059 -0.4053
vn -0.9880 0.1425 0.0598
vn -0.8233 -0.0727 -0.5628
vn -0.8524 -0.1339 -0.5055
vn -0.6708 -0.1726 -0.7213
vn -0.6413 -0.1099 -0.7594
vn -0.3816 -0.2138 -0.8993
vn -0.3580 -0.1598 -0.9199
vn -0.8132 -0.0826 -0.5760
vn -0.6333 -0.1005 -0.7674
vn -0.3614 -0.1140 -0.9254
vn -0.9330 -0.0402 -0.3576
vn -0.3267 0.0641 -0.9429
vn -0.5679 0.0537 -0.8213
vn -0.7385 0.0407 -0.6730
vn -0.9246 -0.0466 -0.3782
vn -0.8481 0.0486 -0.5275
vn -0.9547 -0.0843 -0.2853
vn -0.9959 0.0747 0.0497
vn -0.9907 0.0926 -0.0996
vn -0.9615 0.1099 -0.2518
vn -0.9951 0.0775 0.0603
vn -0.9926 0.0974 -0.0727
vn -0.9717 0.1172 -0.2049
vn -0.1189 -0.0573 0.9912
vn -0.3146 -0.0516 0.9478
vn -0.9687 0.0490 0.2433
vn -0.8495 0.0101 0.5274
vn -0.8547 0.0034 0.5191
vn -0.9694 0.0489 0.2407
vn -0.1151 -0.0802 0.9901
vn -0.3110 -0.0714 0.9477
vn -0.9290 0.1648 -0.3312
vn -0.9133 0.1920 -0.3591
vn -0.8502 0.2420 -0.4674
vn -0.8680 0.1993 -0.4548
vn -0.8541 0.2545 -0.4536
vn -0.8585 0.2092 -0.4681
vn -0.8631 0.2199 -0.4546
vn -0.8145 0.2892 -0.5030
vn -0.8487 0.3017 -0.4343
vn -0.9727 0.1318 -0.1906
vn -0.9268 0.1406 -0.3481
vn -0.8681 0.1633 -0.4687
vn -0.8557 0.1667 -0.4898
vn -0.8468 0.3341 -0.4138
vn -0.7670 0.3357 -0.5468
vn -0.7686 0.2655 -0.5820
vn -0.9370 0.1406 -0.3197
vn -0.8202 0.0917 -0.5647
vn -0.9653 0.1378 -0.2218
vn -0.5940 -0.0299 0.8039
vn -0.5964 -0.0443 0.8014
vn -0.9829 0.0096 -0.1839
vn -0.9908 -0.0095 -0.1346
vn -0.5465 0.8363 -0.0439
vn -0.4581 0.8825 -0.1064
vn -0.3323 0.9401 0.0756
vn -0.4259 0.9021 0.0696
vn -0.2705 0.9004 0.3406
vn -0.3944 0.8890 0.2324
vn -0.2673 0.9528 -0.1437
vn -0.1774 0.9793 0.0969
vn -0.1216 0.8918 0.4358
vn -0.7124 0.6879 -0.1389
vn -0.4643 0.7205 0.5150
vn -0.2836 0.6588 0.6968
vn -0.1110 0.5815 0.8059
vn -0.3767 0.8496 -0.3692
vn -0.6148 0.7393 -0.2746
vn -0.6085 0.7917 0.0533
vn -0.7121 0.7013 -0.0318
vn -0.5687 0.8155 -0.1070
vn -0.5083 0.8607 0.0284
vn -0.4078 0.9093 -0.0822
vn -0.4219 0.8986 0.1205
vn -0.8065 0.5809 -0.1104
vn -0.6625 0.7100 -0.2384
vn -0.4839 0.8251 -0.2915
vn -0.7667 0.6118 0.1944
vn -0.2339 0.9072 0.3496
vn -0.1194 0.9907 0.0649
vn -0.1706 0.9523 -0.2528
vn -0.5545 0.6997 -0.4505
vn -0.2527 0.8090 -0.5307
vn -0.7312 0.5944 -0.3346
vn -0.8680 0.4678 -0.1665
vn -0.9163 0.3907 0.0875
vn -0.9546 0.2917 0.0595
vn -0.8532 0.5042 0.1335
vn -0.9569 0.0378 -0.2877
vn -0.9085 0.0848 -0.4091
vn -0.8462 0.1075 -0.5218
vn -0.9045 0.1285 -0.4066
vn -0.8375 0.1434 -0.5272
vn -0.6498 0.3428 -0.6784
vn -0.5848 0.4531 -0.6728
vn -0.7385 0.4380 -0.5126
vn -0.7349 0.3807 -0.5613
vn -0.8809 0.3610 -0.3059
vn -0.8589 0.3461 -0.3775
vn -0.5771 0.5778 -0.5771
vn -0.7510 0.5072 -0.4227
vn -0.8899 0.3962 -0.2258
vn -0.5226 0.2153 -0.8249
vn -0.9691 0.2312 -0.0862
vn -0.9758 0.2171 -0.0246
vn -0.9720 0.2333 0.0282
vn -0.2954 0.6138 -0.7320
vn -0.3478 0.4011 -0.8474
vn -0.9746 0.1123 0.1936
vn -0.9774 0.1325 0.1647
vn -0.9867 0.1107 0.1188
vn -0.9822 0.1002 0.1586
vn -0.9892 0.1170 0.0885
vn -0.9853 0.1202 0.1211
vn -0.9637 0.2665 -0.0157
vn -0.9702 0.2268 -0.0853
vn -0.9702 0.2084 -0.1231
vn -0.9626 0.1547 0.2225
vn -0.8685 0.3233 -0.3757
vn -0.8720 0.3653 -0.3256
vn -0.8748 0.4223 -0.2373
vn -0.9514 0.2961 0.0847
vn -0.8770 0.4666 -0.1141
vn -0.9607 0.1629 0.2248
vn -0.8206 0.1385 -0.5544
vn -0.5280 0.1820 -0.8295
vn -0.3076 0.2020 -0.9298
vn -0.3083 0.2669 -0.9131
vn -0.5287 0.2424 -0.8134
vn -0.9737 0.0457 0.2232
vn -0.9869 0.0141 0.1608
vn -0.9981 0.0608 0.0053
vn -0.9944 0.0849 0.0621
vn -0.9921 0.1078 -0.0643
vn -0.9896 0.0933 -0.1091
vn -0.9776 0.0886 -0.1908
vn -0.9938 0.0622 -0.0917
vn -0.9981 0.0558 -0.0256
vn -0.9994 0.0244 0.0237
vn -0.9940 -0.0338 0.1043
vn -0.8750 -0.0206 0.4837
vn -0.9147 -0.0833 0.3955
vn -0.9477 0.0313 -0.3176
vn -0.9846 0.0336 -0.1715
vn -0.9961 0.0446 -0.0762
vn -0.9454 -0.1680 0.2791
vn -0.1263 -0.1559 0.9796
vn -0.1517 -0.2996 0.9419
vn -0.3915 -0.2728 0.8788
vn -0.3367 -0.1390 0.9313
vn -0.6961 -0.1994 0.6896
vn -0.6295 -0.0939 0.7713
vn -0.1905 -0.5524 0.8115
vn -0.4674 -0.4975 0.7307
vn -0.7691 -0.3572 0.5300
vn -0.1741 -0.9524 -0.2501
vn -0.1779 -0.9628 -0.2034
vn -0.4453 -0.8758 -0.1860
vn -0.4365 -0.8696 -0.2307
vn -0.7489 -0.6480 -0.1386
vn -0.7403 -0.6488 -0.1762
vn -0.1823 -0.9722 -0.1470
vn -0.4557 -0.8802 -0.1330
vn -0.7587 -0.6444 -0.0955
vn -0.9373 -0.3347 -0.0966
vn -0.9405 -0.3318 -0.0728
vn -0.9438 -0.3273 -0.0461
vn -0.9959 -0.0844 -0.0314
vn -0.9962 -0.0836 -0.0232
vn -0.9974 0.0713 0.0066
vn -0.9973 0.0710 0.0142
vn -0.9785 0.2028 0.0369
vn -0.9779 0.1993 0.0624
vn -0.9964 -0.0837 -0.0123
vn -0.9976 0.0685 0.0033
vn -0.9796 0.2004 0.0166
vn -0.7751 0.6260 0.0850
vn -0.7706 0.6186 0.1531
vn -0.5077 0.8357 0.2092
vn -0.5080 0.8524 0.1236
vn -0.2238 0.9435 0.2444
vn -0.2189 0.9645 0.1473
vn -0.7697 0.5802 0.2661
vn -0.5288 0.7685 0.3602
vn -0.2491 0.8720 0.4213
vn -0.3245 0.3983 0.8579
vn -0.3574 0.1016 0.9284
vn -0.6648 0.1338 0.7349
vn -0.6104 0.4180 0.6727
vn -0.8877 0.1735 0.4265
vn -0.8221 0.4165 0.3881
vn -0.9729 0.2252 0.0513
vn -0.9004 0.4302 0.0646
vn -0.7793 0.3490 -0.5204
vn -0.9193 0.2806 -0.2758
vn -0.8595 0.4610 -0.2208
vn -0.7379 0.5242 -0.4251
vn -0.5005 0.4445 -0.7429
vn -0.4704 0.6512 -0.5955
vn -0.2846 0.9397 0.1893
vn -0.3171 0.9430 -0.1005
vn -0.5617 0.8253 -0.0570
vn -0.5323 0.8213 0.2052
vn -0.7425 0.6691 0.0285
vn -0.7193 0.6509 0.2428
vn -0.3397 0.8902 -0.3036
vn -0.5807 0.7790 -0.2364
vn -0.7494 0.6484 -0.1341
vn -0.2434 0.7592 0.6035
vn -0.4827 0.6555 0.5808
vn -0.6695 0.5049 0.5448
vn -0.8374 0.4269 0.3412
vn -0.7764 0.3688 0.5110
vn -0.8665 0.4678 0.1740
vn -0.8761 0.4815 0.0244
vn -0.7484 0.6021 -0.2781
vn -0.5867 0.7083 -0.3924
vn -0.3483 0.8050 -0.4802
vn -0.7401 0.5352 -0.4070
vn -0.5797 0.6197 -0.5290
vn -0.5675 0.5331 -0.6274
vn -0.7299 0.4636 -0.5022
vn -0.5574 0.4648 -0.6879
vn -0.7221 0.4065 -0.5598
vn -0.3443 0.6971 -0.6288
vn -0.3351 0.5943 -0.7310
vn -0.3270 0.5148 -0.7924
vn -0.7147 0.3710 -0.5930
vn -0.5499 0.4177 -0.7233
vn -0.3213 0.4587 -0.8285
vn -0.3168 0.4091 -0.8557
vn -0.3131 0.3571 -0.8800
vn -0.5372 0.3281 -0.7770
vn -0.5433 0.3753 -0.7509
vn -0.7009 0.2945 -0.6496
vn -0.7072 0.3371 -0.6214
vn -0.3103 0.3106 -0.8985
vn -0.5323 0.2844 -0.7974
vn -0.6954 0.2538 -0.6723
vn -0.6914 0.2125 -0.6905
vn -0.6893 0.1564 -0.7074
vn -0.1335 0.2516 0.9586
vn -0.1647 0.1930 0.9673
vn -0.3690 0.2018 0.9072
vn -0.3244 0.3186 0.8906
vn -0.5820 0.2200 0.7829
vn -0.5408 0.4003 0.7397
vn -0.1968 0.4035 0.8936
vn -0.4157 0.3490 0.8399
vn -0.6111 0.2746 0.7424
vn -0.7341 0.4276 0.5275
vn -0.7526 0.2340 0.6155
vn -0.7646 0.2308 0.6017
vn -0.8535 0.3674 0.3695
vn -0.8538 0.2260 0.4689
vn -0.9054 0.2080 0.3701
vn -0.9077 0.2929 0.3005
vn -0.9373 0.1882 0.2934
vn -0.9418 0.2197 0.2543
vn -0.8581 0.2480 0.4495
vn -0.9059 0.2793 0.3182
vn -0.9335 0.2985 0.1987
vn 0.2638 0.9593 -0.1007
vn 0.5409 0.8405 0.0310
vn 0.4418 0.8253 0.3517
vn 0.2364 0.9369 0.2576
vn 0.2565 0.7462 0.6143
vn 0.0678 0.8355 0.5452
vn -0.1069 0.5499 0.8283
vn 0.2059 0.8359 -0.5088
vn -0.3234 0.6258 0.7097
vn 0.5480 0.7360 -0.3974
vn -0.8865 -0.3314 -0.3229
vn -0.9504 -0.2916 -0.1078
vn -0.9917 -0.0645 -0.1113
vn -0.9627 -0.0937 -0.2535
vn -0.7190 -0.3406 -0.6058
vn -0.8634 -0.1263 -0.4884
vn -0.3946 -0.2373 -0.8876
vn -0.9985 -0.0504 -0.0192
vn -0.5924 -0.0784 -0.8018
vn -0.9666 -0.2491 0.0607
vn -0.8604 -0.0443 0.5076
vn -0.5752 0.2218 0.7874
vn -0.7628 0.2934 0.5761
vn -0.9566 0.0741 0.2817
vn -0.9514 -0.1834 0.2471
vn -0.9959 -0.0205 0.0877
vn 0.2216 0.2130 -0.9516
vn -0.0399 -0.0266 -0.9988
vn -0.2536 0.0730 -0.9645
vn -0.0218 0.2980 -0.9543
vn 0.4219 0.4833 -0.7671
vn 0.1109 0.5735 -0.8116
vn -0.3207 -0.4280 -0.8449
vn -0.3612 -0.9074 -0.2146
vn -0.3995 -0.8294 -0.3904
vn -0.4208 -0.8079 -0.4126
vn -0.7553 -0.5860 -0.2934
vn -0.7754 -0.5422 -0.3236
vn -0.7039 -0.7022 -0.1063
vn -0.5453 -0.2963 -0.7841
vn -0.7804 -0.1017 -0.6168
vn -0.9942 -0.0474 0.0968
vn -0.9510 -0.2859 -0.1171
vn -0.9243 0.1515 0.3503
vn -0.9577 -0.2336 -0.1682
vn -0.9999 0.0085 0.0118
vn -0.9467 0.2242 0.2311
vn -0.6975 0.3247 0.6388
vn -0.7483 0.4465 0.4906
vn -0.6098 0.1608 0.7760
vn -0.2955 0.2259 0.9282
vn -0.3536 0.4281 0.8317
vn -0.3975 0.6075 0.6877
vn -0.4373 -0.8302 -0.3457
vn -0.4476 -0.8599 -0.2452
vn -0.4497 -0.8846 -0.1230
vn -0.7906 -0.5467 -0.2758
vn -0.4402 -0.8979 -0.0005
vn -0.8068 -0.5771 -0.1259
vn -0.8037 -0.5936 -0.0409
vn -0.8014 -0.5611 -0.2070
vn -0.8821 0.3373 -0.3288
vn -0.8614 0.3406 -0.3768
vn -0.9666 0.0797 -0.2437
vn -0.9739 0.0746 -0.2142
vn -0.9610 -0.2428 -0.1321
vn -0.9670 -0.2342 -0.0998
vn -0.8634 0.3569 -0.3565
vn -0.9636 0.0857 -0.2534
vn -0.9455 -0.2527 -0.2051
vn -0.7327 0.6279 -0.2624
vn -0.6781 0.5926 -0.4347
vn -0.9157 0.3370 -0.2189
vn -0.9838 0.0693 -0.1652
vn -0.9686 -0.2258 -0.1039
vn -0.7904 -0.6126 -0.0051
vn -0.7719 -0.6316 -0.0719
vn -0.7356 -0.6385 -0.2262
vn -0.9186 -0.2528 -0.3038
vn -0.6784 -0.6131 -0.4047
vn -0.9629 0.0972 -0.2516
vn -0.8796 0.3880 -0.2750
vn -0.6484 0.5921 -0.4785
vn -0.6773 0.6482 -0.3478
vn -0.6445 0.5724 -0.5069
vn -0.9548 0.2667 0.1314
vn -0.9541 0.2976 0.0320
vn -0.9969 0.0431 -0.0652
vn -0.9991 0.0290 -0.0290
vn -0.9644 -0.2239 -0.1408
vn -0.9612 -0.2249 -0.1593
vn -0.9428 0.3224 -0.0840
vn -0.9923 0.0571 -0.1097
vn -0.9670 -0.2237 -0.1216
vn -0.7762 0.5341 0.3351
vn -0.7744 0.6315 -0.0382
vn -0.7863 0.5957 0.1638
vn -0.4429 0.8502 0.2843
vn -0.4277 0.7490 0.5060
vn -0.4378 0.8990 0.0120
vn -0.4057 0.8687 -0.2841
vn -0.3366 0.9410 0.0343
vn -0.3602 0.9151 -0.1810
vn -0.3040 0.9439 0.1290
vn -0.3566 0.8354 -0.4181
vn -0.6815 0.7137 -0.1620
vn -0.6498 0.7600 -0.0101
vn -0.6066 0.7937 0.0457
vn -0.3077 0.9515 0.0025
vn -0.5478 0.8365 -0.0084
vn -0.3338 0.7328 -0.5929
vn -0.3611 0.7851 -0.5032
vn -0.3352 0.7522 -0.5672
vn -0.4226 -0.9056 0.0360
vn -0.4028 -0.9126 -0.0699
vn -0.3687 -0.8887 -0.2723
vn -0.3199 -0.8178 -0.4784
vn -0.3995 0.0502 -0.9153
vn -0.4533 0.5439 -0.7061
vn -0.3901 0.8617 -0.3245
vn -0.5213 -0.3089 -0.7955
vn -0.6855 -0.0077 -0.7280
vn -0.2868 -0.3492 -0.8921
vn -0.6891 0.6846 -0.2376
vn -0.7641 0.3775 -0.5231
vn -0.2761 -0.7341 -0.6203
vn -0.2510 -0.6573 -0.7105
vn -0.2408 -0.5605 -0.7924
vn -0.6214 -0.5647 -0.5430
vn -0.5516 -0.4186 -0.7214
vn -0.5799 -0.5047 -0.6396
vn -0.8824 0.4370 -0.1744
vn -0.8648 0.4899 -0.1098
vn -0.9466 0.1725 -0.2723
vn -0.9597 0.1282 -0.2499
vn -0.8612 -0.1870 -0.4726
vn -0.8905 -0.2299 -0.3926
vn -0.8241 0.5518 -0.1281
vn -0.9026 0.2434 -0.3549
vn -0.8187 -0.1082 -0.5639
usemtl PoolFloat2
s 1
f 2150/2466/1946 2162/2467/1947 2163/2468/1948 2151/2469/1949
f 2151/2469/1949 2163/2468/1948 2164/2470/1950 2152/2471/1951
f 2152/2471/1951 2164/2470/1950 2165/2472/1952 2153/2473/1953
f 2153/2473/1953 2165/2472/1952 2166/2474/1954 2154/2475/1955
f 2154/2475/1955 2166/2474/1954 2167/2476/1956 2155/2477/1957
f 2155/2477/1957 2167/2476/1956 2168/2478/1958 2156/2479/1959
f 2156/2480/1959 2168/2481/1958 2169/2482/1960 2157/2483/1961
f 2157/2483/1961 2169/2482/1960 2170/2484/1962 2158/2485/1963
f 2158/2485/1963 2170/2484/1962 2171/2486/1964 2159/2487/1965
f 2159/2487/1965 2171/2486/1964 2172/2488/1966 2160/2489/1967
f 2160/2489/1967 2172/2488/1966 2173/2490/1968 2161/2491/1969
f 2161/2491/1969 2173/2490/1968 2162/2467/1947 2150/2466/1946
f 2162/2467/1947 2174/2492/1970 2175/2493/1971 2163/2468/1948
f 2163/2468/1948 2175/2493/1971 2176/2494/1972 2164/2470/1950
f 2164/2470/1950 2176/2494/1972 2177/2495/1973 2165/2472/1952
f 2165/2472/1952 2177/2495/1973 2178/2496/1974 2166/2474/1954
f 2166/2474/1954 2178/2496/1974 2179/2497/1975 2167/2476/1956
f 2167/2476/1956 2179/2497/1975 2180/2498/1976 2168/2478/1958
f 2168/2481/1958 2180/2499/1976 2181/2500/1977 2169/2482/1960
f 2169/2482/1960 2181/2500/1977 2182/2501/1978 2170/2484/1962
f 2170/2484/1962 2182/2501/1978 2183/2502/1979 2171/2486/1964
f 2171/2486/1964 2183/2502/1979 2184/2503/1980 2172/2488/1966
f 2172/2488/1966 2184/2503/1980 2185/2504/1981 2173/2490/1968
f 2173/2490/1968 2185/2504/1981 2174/2492/1970 2162/2467/1947
f 2174/2492/1970 2186/2505/1982 2187/2506/1983 2175/2493/1971
f 2175/2493/1971 2187/2506/1983 2188/2507/1984 2176/2494/1972
f 2176/2494/1972 2188/2507/1984 2189/2508/1985 2177/2495/1973
f 2177/2495/1973 2189/2508/1985 2190/2509/1986 2178/2496/1974
f 2178/2496/1974 2190/2509/1986 2191/2510/1987 2179/2497/1975
f 2179/2497/1975 2191/2510/1987 2192/2511/1988 2180/2498/1976
f 2180/2499/1976 2192/2512/1988 2193/2513/1989 2181/2500/1977
f 2181/2500/1977 2193/2513/1989 2194/2514/1990 2182/2501/1978
f 2182/2501/1978 2194/2514/1990 2195/2515/1991 2183/2502/1979
f 2183/2502/1979 2195/2515/1991 2196/2516/1992 2184/2503/1980
f 2184/2503/1980 2196/2516/1992 2197/2517/1993 2185/2504/1981
f 2185/2504/1981 2197/2517/1993 2186/2505/1982 2174/2492/1970
f 2186/2505/1982 2198/2518/1994 2199/2519/1995 2187/2506/1983
f 2187/2506/1983 2199/2519/1995 2200/2520/1996 2188/2507/1984
f 2188/2507/1984 2200/2520/1996 2201/2521/1997 2189/2508/1985
f 2189/2508/1985 2201/2521/1997 2202/2522/1998 2190/2509/1986
f 2190/2509/1986 2202/2522/1998 2203/2523/1999 2191/2510/1987
f 2191/2510/1987 2203/2523/1999 2204/2524/2000 2192/2511/1988
f 2192/2512/1988 2204/2525/2000 2205/2526/2001 2193/2513/1989
f 2193/2513/1989 2205/2526/2001 2206/2527/2002 2194/2514/1990
f 2194/2514/1990 2206/2527/2002 2207/2528/2003 2195/2515/1991
f 2195/2515/1991 2207/2528/2003 2208/2529/2004 2196/2516/1992
f 2196/2516/1992 2208/2529/2004 2209/2530/2005 2197/2517/1993
f 2197/2517/1993 2209/2530/2005 2198/2518/1994 2186/2505/1982
f 2198/2518/1994 2210/2531/2006 2211/2532/2007 2199/2519/1995
f 2199/2519/1995 2211/2532/2007 2212/2533/2008 2200/2520/1996
f 2200/2520/1996 2212/2533/2008 2213/2534/2009 2201/2521/1997
f 2201/2521/1997 2213/2534/2009 2214/2535/2010 2202/2522/1998
f 2202/2522/1998 2214/2535/2010 2215/2536/2011 2203/2523/1999
f 2203/2523/1999 2215/2536/2011 2216/2537/2012 2204/2524/2000
f 2204/2525/2000 2216/2538/2012 2217/2539/2013 2205/2526/2001
f 2205/2526/2001 2217/2539/2013 2218/2540/2014 2206/2527/2002
f 2206/2527/2002 2218/2540/2014 2219/2541/2015 2207/2528/2003
f 2207/2528/2003 2219/2541/2015 2220/2542/2016 2208/2529/2004
f 2208/2529/2004 2220/2542/2016 2221/2543/2017 2209/2530/2005
f 2209/2530/2005 2221/2543/2017 2210/2531/2006 2198/2518/1994
f 2210/2531/2006 2222/2544/2018 2223/2545/2019 2211/2532/2007
f 2211/2532/2007 2223/2545/2019 2224/2546/2020 2212/2533/2008
f 2212/2533/2008 2224/2546/2020 2225/2547/2021 2213/2534/2009
f 2213/2534/2009 2225/2547/2021 2226/2548/2022 2214/2535/2010
f 2214/2535/2010 2226/2548/2022 2227/2549/2023 2215/2536/2011
f 2215/2536/2011 2227/2549/2023 2228/2550/2024 2216/2537/2012
f 2216/2538/2012 2228/2551/2024 2229/2552/2025 2217/2539/2013
f 2217/2539/2013 2229/2552/2025 2230/2553/2026 2218/2540/2014
f 2218/2540/2014 2230/2553/2026 2231/2554/2027 2219/2541/2015
f 2219/2541/2015 2231/2554/2027 2232/2555/2028 2220/2542/2016
f 2220/2542/2016 2232/2555/2028 2233/2556/2029 2221/2543/2017
f 2221/2543/2017 2233/2556/2029 2222/2544/2018 2210/2531/2006
f 2222/2544/2018 2234/2557/2030 2235/2558/2031 2223/2545/2019
f 2223/2545/2019 2235/2558/2031 2236/2559/2032 2224/2546/2020
f 2224/2546/2020 2236/2559/2032 2237/2560/2033 2225/2547/2021
f 2225/2547/2021 2237/2560/2033 2238/2561/2034 2226/2548/2022
f 2226/2548/2022 2238/2561/2034 2239/2562/2035 2227/2549/2023
f 2227/2549/2023 2239/2562/2035 2240/2563/2036 2228/2550/2024
f 2228/2551/2024 2240/2564/2036 2241/2565/2037 2229/2552/2025
f 2229/2552/2025 2241/2565/2037 2242/2566/2038 2230/2553/2026
f 2230/2553/2026 2242/2566/2038 2243/2567/2039 2231/2554/2027
f 2231/2554/2027 2243/2567/2039 2244/2568/2040 2232/2555/2028
f 2232/2555/2028 2244/2568/2040 2245/2569/2041 2233/2556/2029
f 2233/2556/2029 2245/2569/2041 2234/2557/2030 2222/2544/2018
f 2234/2557/2030 2246/2570/2042 2247/2571/2043 2235/2558/2031
f 2235/2558/2031 2247/2571/2043 2248/2572/2044 2236/2559/2032
f 2236/2559/2032 2248/2572/2044 2249/2573/2045 2237/2560/2033
f 2237/2560/2033 2249/2573/2045 2250/2574/2046 2238/2561/2034
f 2238/2561/2034 2250/2574/2046 2251/2575/2047 2239/2562/2035
f 2239/2562/2035 2251/2575/2047 2252/2576/2048 2240/2563/2036
f 2240/2564/2036 2252/2577/2048 2253/2578/2049 2241/2565/2037
f 2241/2565/2037 2253/2578/2049 2254/2579/2050 2242/2566/2038
f 2242/2566/2038 2254/2579/2050 2255/2580/2051 2243/2567/2039
f 2243/2567/2039 2255/2580/2051 2256/2581/2052 2244/2568/2040
f 2244/2568/2040 2256/2581/2052 2257/2582/2053 2245/2569/2041
f 2245/2569/2041 2257/2582/2053 2246/2570/2042 2234/2557/2030
f 2246/2570/2042 2258/2583/2054 2259/2584/2055 2247/2571/2043
f 2247/2571/2043 2259/2584/2055 2260/2585/2056 2248/2572/2044
f 2248/2572/2044 2260/2585/2056 2261/2586/2057 2249/2573/2045
f 2249/2573/2045 2261/2586/2057 2262/2587/2058 2250/2574/2046
f 2250/2574/2046 2262/2587/2058 2263/2588/2059 2251/2575/2047
f 2251/2575/2047 2263/2588/2059 2264/2589/2060 2252/2576/2048
f 2252/2577/2048 2264/2590/2060 2265/2591/2061 2253/2578/2049
f 2253/2578/2049 2265/2591/2061 2266/2592/2062 2254/2579/2050
f 2254/2579/2050 2266/2592/2062 2267/2593/2063 2255/2580/2051
f 2255/2580/2051 2267/2593/2063 2268/2594/2064 2256/2581/2052
f 2256/2581/2052 2268/2594/2064 2269/2595/2065 2257/2582/2053
f 2257/2582/2053 2269/2595/2065 2258/2583/2054 2246/2570/2042
f 2258/2583/2054 2270/2596/2066 2271/2597/2067 2259/2584/2055
f 2259/2584/2055 2271/2597/2067 3206/2598/2068
f 2260/2585/2056 2272/2599/2069 2273/2600/2070 2261/2586/2057
f 2261/2586/2057 2273/2600/2070 2274/2601/2071 2262/2587/2058
f 2262/2587/2058 2274/2601/2071 2275/2602/2072 2263/2588/2059
f 2263/2588/2059 2275/2602/2072 2276/2603/2073 2264/2589/2060
f 2264/2590/2060 2276/2604/2073 2277/2605/2074 2265/2591/2061
f 2265/2591/2061 2277/2605/2074 2278/2606/2075 2266/2592/2062
f 2266/2592/2062 2278/2606/2075 2279/2607/2076 2267/2593/2063
f 2267/2593/2063 2279/2607/2076 2280/2608/2077 2268/2594/2064
f 2268/2594/2064 2280/2608/2077 2281/2609/2078 2269/2595/2065
f 2269/2595/2065 2281/2609/2078 2270/2596/2066 2258/2583/2054
f 2283/2610/2079 2284/2611/2080 2273/2600/2070 3156/2612/2081
f 2273/2600/2070 2284/2611/2080 2285/2613/2082 2274/2601/2071
f 2274/2601/2071 2285/2613/2082 2286/2614/2083 2275/2602/2072
f 2275/2602/2072 2286/2614/2083 2287/2615/2084 2276/2603/2073
f 2276/2604/2073 2287/2616/2084 2288/2617/2085 2277/2605/2074
f 2277/2605/2074 2288/2617/2085 2289/2618/2086 2278/2606/2075
f 2278/2606/2075 2289/2618/2086 2290/2619/2087 2279/2607/2076
f 2279/2607/2076 2290/2619/2087 2291/2620/2088 2280/2608/2077
f 2280/2608/2077 2291/2620/2088 2292/2621/2089 2281/2609/2078
f 2281/2609/2078 2292/2621/2089 2282/2622/2090 2270/2596/2066
f 2283/2610/2079 2294/2623/2091 2295/2624/2092 2284/2611/2080
f 2284/2611/2080 2295/2624/2092 2296/2625/2093 2285/2613/2082
f 2285/2613/2082 2296/2625/2093 2297/2626/2094 2286/2614/2083
f 2286/2614/2083 2297/2626/2094 2298/2627/2095 2287/2615/2084
f 2287/2616/2084 2298/2628/2095 2299/2629/2096 2288/2617/2085
f 2288/2617/2085 2299/2629/2096 2300/2630/2097 2289/2618/2086
f 2289/2618/2086 2300/2630/2097 2301/2631/2098 2290/2619/2087
f 2290/2619/2087 2301/2631/2098 2302/2632/2099 2291/2620/2088
f 2291/2620/2088 2302/2632/2099 2303/2633/2100 2292/2621/2089
f 2292/2621/2089 2303/2633/2100 2293/2634/2101 2282/2622/2090
f 2304/2635/2102 2314/2636/2103 2315/2637/2104 2305/2638/2105
f 2325/2639/2106 2326/2640/2107 2511/2641/2108
f 2306/2642/2109 2316/2643/2110 2317/2644/2111 2307/2645/2112
f 2307/2645/2112 2317/2644/2111 2318/2646/2113 2308/2647/2114
f 2308/2648/2114 2318/2649/2113 2319/2650/2115 2309/2651/2116
f 2309/2651/2116 2319/2650/2115 2320/2652/2117 2310/2653/2118
f 2310/2653/2118 2320/2652/2117 2321/2654/2119 2311/2655/2120
f 2311/2655/2120 2321/2654/2119 2322/2656/2121 2312/2657/2122
f 2312/2657/2122 2322/2656/2121 2323/2658/2123 2313/2659/2124
f 2313/2659/2124 2323/2658/2123 2314/2636/2103 2304/2635/2102
f 2314/2636/2103 2324/2660/2125 2325/2661/2106 2315/2637/2104
f 2316/2643/2110 2327/2662/2126 2328/2663/2127 2317/2644/2111
f 2317/2644/2111 2328/2663/2127 2329/2664/2128 2318/2646/2113
f 2318/2649/2113 2329/2665/2128 2330/2666/2129 2319/2650/2115
f 2319/2650/2115 2330/2666/2129 2331/2667/2130 2320/2652/2117
f 2320/2652/2117 2331/2667/2130 2332/2668/2131 2321/2654/2119
f 2321/2654/2119 2332/2668/2131 2333/2669/2132 2322/2656/2121
f 2322/2656/2121 2333/2669/2132 2334/2670/2133 2323/2658/2123
f 2323/2658/2123 2334/2670/2133 2324/2660/2125 2314/2636/2103
f 2324/2660/2125 2335/2671/2134 2336/2672/2135 2325/2661/2106
f 2325/2661/2106 2336/2672/2135 2337/2673/2136 2326/2674/2107
f 2339/2675/2137 2827/2676/2138 2338/2677/2139
f 2337/2673/2136 2338/2678/2139 2326/2674/2107
f 2327/2662/2126 2339/2679/2137 2340/2680/2140 2328/2663/2127
f 2328/2663/2127 2340/2680/2140 2341/2681/2141 2329/2664/2128
f 2329/2665/2128 2341/2682/2141 2342/2683/2142 2330/2666/2129
f 2330/2666/2129 2342/2683/2142 2343/2684/2143 2331/2667/2130
f 2331/2667/2130 2343/2684/2143 2344/2685/2144 2332/2668/2131
f 2332/2668/2131 2344/2685/2144 2345/2686/2145 2333/2669/2132
f 2333/2669/2132 2345/2686/2145 2346/2687/2146 2334/2670/2133
f 2334/2670/2133 2346/2687/2146 2335/2671/2134 2324/2660/2125
f 2335/2671/2134 2347/2688/2147 2348/2689/2148 2336/2672/2135
f 2336/2672/2135 2348/2689/2148 2349/2690/2149 2337/2673/2136
f 2337/2673/2136 2349/2690/2149 2350/2691/2150 2338/2678/2139
f 2338/2678/2139 2350/2691/2150 2351/2692/2151 2339/2679/2137
f 2339/2679/2137 2351/2692/2151 2352/2693/2152 2340/2680/2140
f 2340/2680/2140 2352/2693/2152 2353/2694/2153 2341/2681/2141
f 2341/2682/2141 2353/2695/2153 2354/2696/2154 2342/2683/2142
f 2342/2683/2142 2354/2696/2154 2355/2697/2155 2343/2684/2143
f 2343/2684/2143 2355/2697/2155 2356/2698/2156 2344/2685/2144
f 2344/2685/2144 2356/2698/2156 2357/2699/2157 2345/2686/2145
f 2345/2686/2145 2357/2699/2157 2358/2700/2158 2346/2687/2146
f 2346/2687/2146 2358/2700/2158 2347/2688/2147 2335/2671/2134
f 2347/2688/2147 2359/2701/2159 2360/2702/2160 2348/2689/2148
f 2348/2689/2148 2360/2702/2160 2361/2703/2161 2349/2690/2149
f 2349/2690/2149 2361/2703/2161 2362/2704/2162 2350/2691/2150
f 2350/2691/2150 2362/2704/2162 2363/2705/2163 2351/2692/2151
f 2351/2692/2151 2363/2705/2163 2364/2706/2164 2352/2693/2152
f 2352/2693/2152 2364/2706/2164 2365/2707/2165 2353/2694/2153
f 2353/2695/2153 2365/2708/2165 2366/2709/2166 2354/2696/2154
f 2354/2696/2154 2366/2709/2166 2367/2710/2167 2355/2697/2155
f 2355/2697/2155 2367/2710/2167 2368/2711/2168 2356/2698/2156
f 2356/2698/2156 2368/2711/2168 2369/2712/2169 2357/2699/2157
f 2357/2699/2157 2369/2712/2169 2370/2713/2170 2358/2700/2158
f 2358/2700/2158 2370/2713/2170 2359/2701/2159 2347/2688/2147
f 2359/2701/2159 2371/2714/2171 2372/2715/2172 2360/2702/2160
f 2360/2702/2160 2372/2715/2172 2373/2716/2173 2361/2703/2161
f 2361/2703/2161 2373/2716/2173 2374/2717/2174 2362/2704/2162
f 2362/2704/2162 2374/2717/2174 2375/2718/2175 2363/2705/2163
f 2363/2705/2163 2375/2718/2175 2376/2719/2176 2364/2706/2164
f 2364/2706/2164 2376/2719/2176 2377/2720/2177 2365/2707/2165
f 2365/2708/2165 2377/2721/2177 2378/2722/2178 2366/2709/2166
f 2366/2709/2166 2378/2722/2178 2379/2723/2179 2367/2710/2167
f 2367/2710/2167 2379/2723/2179 2380/2724/2180 2368/2711/2168
f 2368/2711/2168 2380/2724/2180 2381/2725/2181 2369/2712/2169
f 2369/2712/2169 2381/2725/2181 2382/2726/2182 2370/2713/2170
f 2370/2713/2170 2382/2726/2182 2371/2714/2171 2359/2701/2159
f 2371/2714/2171 2383/2727/2183 2384/2728/2184 2372/2715/2172
f 2372/2715/2172 2384/2728/2184 2385/2729/2185 2373/2716/2173
f 2373/2716/2173 2385/2729/2185 2386/2730/2186 2374/2717/2174
f 2374/2717/2174 2386/2730/2186 2387/2731/2187 2375/2718/2175
f 2375/2718/2175 2387/2731/2187 2388/2732/2188 2376/2719/2176
f 2376/2719/2176 2388/2732/2188 2389/2733/2189 2377/2720/2177
f 2377/2721/2177 2389/2734/2189 2390/2735/2190 2378/2722/2178
f 2378/2722/2178 2390/2735/2190 2391/2736/2191 2379/2723/2179
f 2379/2723/2179 2391/2736/2191 2392/2737/2192 2380/2724/2180
f 2380/2724/2180 2392/2737/2192 2393/2738/2193 2381/2725/2181
f 2381/2725/2181 2393/2738/2193 2394/2739/2194 2382/2726/2182
f 2382/2726/2182 2394/2739/2194 2383/2727/2183 2371/2714/2171
f 2383/2727/2183 2395/2740/2195 2396/2741/2196 2384/2728/2184
f 2384/2728/2184 2396/2741/2196 2397/2742/2197 2385/2729/2185
f 2385/2729/2185 2397/2742/2197 2398/2743/2198 2386/2730/2186
f 2386/2730/2186 2398/2743/2198 2399/2744/2199 2387/2731/2187
f 2387/2731/2187 2399/2744/2199 2400/2745/2200 2388/2732/2188
f 2388/2732/2188 2400/2745/2200 2401/2746/2201 2389/2733/2189
f 2389/2734/2189 2401/2747/2201 2402/2748/2202 2390/2735/2190
f 2390/2735/2190 2402/2748/2202 2403/2749/2203 2391/2736/2191
f 2391/2736/2191 2403/2749/2203 2404/2750/2204 2392/2737/2192
f 2392/2737/2192 2404/2750/2204 2405/2751/2205 2393/2738/2193
f 2393/2738/2193 2405/2751/2205 2406/2752/2206 2394/2739/2194
f 2394/2739/2194 2406/2752/2206 2395/2740/2195 2383/2727/2183
f 2395/2740/2195 2407/2753/2207 2408/2754/2208 2396/2741/2196
f 2396/2741/2196 2408/2754/2208 2409/2755/2209 2397/2742/2197
f 2397/2742/2197 2409/2755/2209 2410/2756/2210 2398/2743/2198
f 2398/2743/2198 2410/2756/2210 2411/2757/2211 2399/2744/2199
f 2399/2744/2199 2411/2757/2211 2412/2758/2212 2400/2745/2200
f 2400/2745/2200 2412/2758/2212 2413/2759/2213 2401/2746/2201
f 2401/2747/2201 2413/2760/2213 2414/2761/2214 2402/2748/2202
f 2402/2748/2202 2414/2761/2214 2415/2762/2215 2403/2749/2203
f 2403/2749/2203 2415/2762/2215 2416/2763/2216 2404/2750/2204
f 2404/2750/2204 2416/2763/2216 2417/2764/2217 2405/2751/2205
f 2405/2751/2205 2417/2764/2217 2418/2765/2218 2406/2752/2206
f 2406/2752/2206 2418/2765/2218 2407/2753/2207 2395/2740/2195
f 2407/2753/2207 2419/2766/2219 2420/2767/2220 2408/2754/2208
f 2408/2754/2208 2420/2767/2220 2421/2768/2221 2409/2755/2209
f 2409/2755/2209 2421/2768/2221 2422/2769/2222 2410/2756/2210
f 2410/2756/2210 2422/2769/2222 2423/2770/2223 2411/2757/2211
f 2411/2757/2211 2423/2770/2223 2424/2771/2224 2412/2758/2212
f 2412/2758/2212 2424/2771/2224 2425/2772/2225 2413/2759/2213
f 2413/2760/2213 2425/2773/2225 2426/2774/2226 2414/2761/2214
f 2414/2761/2214 2426/2774/2226 2427/2775/2227 2415/2762/2215
f 2415/2762/2215 2427/2775/2227 2428/2776/2228 2416/2763/2216
f 2416/2763/2216 2428/2776/2228 2429/2777/2229 2417/2764/2217
f 2417/2764/2217 2429/2777/2229 2430/2778/2230 2418/2765/2218
f 2418/2765/2218 2430/2778/2230 2419/2766/2219 2407/2753/2207
f 2419/2766/2219 2431/2779/2231 2432/2780/2232 2420/2767/2220
f 2420/2767/2220 2432/2780/2232 2433/2781/2233 2421/2768/2221
f 2421/2768/2221 2433/2781/2233 2434/2782/2234 2422/2769/2222
f 2422/2769/2222 2434/2782/2234 2435/2783/2235 2423/2770/2223
f 2423/2770/2223 2435/2783/2235 2436/2784/2236 2424/2771/2224
f 2424/2771/2224 2436/2784/2236 2437/2785/2237 2425/2772/2225
f 2425/2773/2225 2437/2786/2237 2438/2787/2238 2426/2774/2226
f 2426/2774/2226 2438/2787/2238 2439/2788/2239 2427/2775/2227
f 2427/2775/2227 2439/2788/2239 2440/2789/2240 2428/2776/2228
f 2428/2776/2228 2440/2789/2240 2441/2790/2241 2429/2777/2229
f 2429/2777/2229 2441/2790/2241 2442/2791/2242 2430/2778/2230
f 2430/2778/2230 2442/2791/2242 2431/2779/2231 2419/2766/2219
f 2431/2779/2231 2150/2466/1946 2151/2469/1949 2432/2780/2232
f 2432/2780/2232 2151/2469/1949 2152/2471/1951 2433/2781/2233
f 2433/2781/2233 2152/2471/1951 2153/2473/1953 2434/2782/2234
f 2434/2782/2234 2153/2473/1953 2154/2475/1955 2435/2783/2235
f 2435/2783/2235 2154/2475/1955 2155/2477/1957 2436/2784/2236
f 2436/2784/2236 2155/2477/1957 2156/2479/1959 2437/2785/2237
f 2437/2786/2237 2156/2480/1959 2157/2483/1961 2438/2787/2238
f 2438/2787/2238 2157/2483/1961 2158/2485/1963 2439/2788/2239
f 2439/2788/2239 2158/2485/1963 2159/2487/1965 2440/2789/2240
f 2440/2789/2240 2159/2487/1965 2160/2489/1967 2441/2790/2241
f 2441/2790/2241 2160/2489/1967 2161/2491/1969 2442/2791/2242
f 2442/2791/2242 2161/2491/1969 2150/2466/1946 2431/2779/2231
f 2338/2677/2139 2591/2792/2243 2786/2793/2244 2326/2640/2107
f 2591/2792/2243 2785/2794/2245 2787/2795/2246 2786/2793/2244
f 2786/2793/2244 2787/2795/2246 2788/2796/2247
f 2591/2797/2243 2590/2798/2248 2785/2794/2245
f 2590/2798/2248 2472/2799/2249 2634/2800/2250 2785/2794/2245
f 2785/2794/2245 2634/2800/2250 2635/2801/2251 2787/2795/2246
f 2787/2795/2246 2635/2801/2251 2636/2802/2252 2788/2796/2247
f 2788/2796/2247 2636/2802/2252 2471/2803/2253 2509/2804/2254
f 2786/2805/2244 2788/2796/2247 2509/2804/2254 2510/2806/2255
f 2326/2640/2107 2786/2805/2244 2510/2806/2255 2511/2641/2108
f 2790/2807/2256 2791/2808/2257 2789/2809/2258 2799/2810/2259
f 2792/2811/2260 2793/2812/2261 2789/2809/2258 2791/2808/2257
f 2794/2813/2262 2795/2814/2263 2789/2809/2258 2793/2812/2261
f 2796/2815/2264 2797/2816/2265 2789/2809/2258 2795/2814/2263
f 2798/2817/2266 2799/2810/2259 2789/2809/2258 2797/2816/2265
f 2443/2818/2267 2594/2819/2268 2790/2807/2256 2523/2820/2269
f 2594/2819/2268 2593/2821/2270 2791/2808/2257 2790/2807/2256
f 2523/2820/2269 2790/2807/2256 2799/2810/2259 2522/2822/2271
f 2457/2823/2272 2577/2824/2273 2792/2811/2260 2592/2825/2274
f 2577/2824/2273 2576/2826/2275 2793/2812/2261 2792/2811/2260
f 2592/2825/2274 2792/2811/2260 2791/2808/2257 2593/2821/2270
f 2456/2827/2276 2586/2828/2277 2794/2813/2262 2575/2829/2278
f 2586/2828/2277 2585/2830/2279 2795/2814/2263 2794/2813/2262
f 2575/2829/2278 2794/2813/2262 2793/2812/2261 2576/2826/2275
f 2450/2831/2280 2554/2832/2281 2796/2815/2264 2584/2833/2282
f 2554/2832/2281 2555/2834/2283 2797/2816/2265 2796/2815/2264
f 2584/2833/2282 2796/2815/2264 2795/2814/2263 2585/2830/2279
f 2451/2835/2284 2521/2836/2285 2798/2817/2266 2556/2837/2286
f 2521/2836/2285 2522/2822/2271 2799/2810/2259 2798/2817/2266
f 2556/2837/2286 2798/2817/2266 2797/2816/2265 2555/2834/2283
f 2800/2838/2287 2801/2839/2288 2804/2840/2289 2803/2841/2290
f 2801/2839/2288 2802/2842/2291 2805/2843/2292 2804/2840/2289
f 2803/2841/2290 2804/2840/2289 2807/2844/2293 2806/2845/2294
f 2804/2840/2289 2805/2843/2292 2808/2846/2295 2807/2844/2293
f 2481/2847/2296 2703/2848/2297 2800/2838/2287 2697/2849/2298
f 2703/2848/2297 2702/2850/2299 2801/2839/2288 2800/2838/2287
f 2702/2850/2299 2701/2851/2300 2802/2842/2291 2801/2839/2288
f 2701/2851/2300 2479/2852/2301 2518/2853/2302 2802/2842/2291
f 2802/2842/2291 2518/2853/2302 2519/2854/2303 2805/2843/2292
f 2805/2843/2292 2519/2854/2303 2520/2855/2304 2808/2846/2295
f 2808/2846/2295 2520/2855/2304 2445/2856/2305 2515/2857/2306
f 2807/2844/2293 2808/2846/2295 2515/2857/2306 2516/2858/2307
f 2806/2845/2294 2807/2844/2293 2516/2858/2307 2517/2859/2308
f 2695/2860/2309 2806/2845/2294 2517/2859/2308 2446/2861/2310
f 2696/2862/2311 2803/2841/2290 2806/2845/2294 2695/2860/2309
f 2697/2849/2298 2800/2838/2287 2803/2841/2290 2696/2862/2311
f 2809/2863/2312 2810/2864/2313 2813/2865/2314 2812/2866/2315
f 2810/2864/2313 2811/2867/2316 2814/2868/2317 2813/2865/2314
f 2812/2866/2315 2813/2865/2314 2816/2869/2318 2815/2870/2319
f 2813/2865/2314 2814/2868/2317 2817/2871/2320 2816/2869/2318
f 2480/2872/2321 2700/2873/2322 2809/2863/2312 2530/2874/2323
f 2700/2873/2322 2699/2875/2324 2810/2864/2313 2809/2863/2312
f 2699/2875/2324 2698/2876/2325 2811/2867/2316 2810/2864/2313
f 2698/2876/2325 2481/2847/2296 2697/2849/2298 2811/2867/2316
f 2811/2867/2316 2697/2849/2298 2696/2862/2311 2814/2868/2317
f 2814/2868/2317 2696/2862/2311 2695/2860/2309 2817/2871/2320
f 2817/2871/2320 2695/2860/2309 2446/2861/2310 2527/2877/2326
f 2816/2869/2318 2817/2871/2320 2527/2877/2326 2528/2878/2327
f 2815/2870/2319 2816/2869/2318 2528/2878/2327 2529/2879/2328
f 2532/2880/2329 2815/2870/2319 2529/2879/2328 2449/2881/2330
f 2531/2882/2331 2812/2866/2315 2815/2870/2319 2532/2880/2329
f 2530/2874/2323 2809/2863/2312 2812/2866/2315 2531/2882/2331
f 2819/2883/2332 2820/2884/2333 2818/2885/2334 2828/2886/2335
f 2821/2887/2336 2822/2888/2337 2818/2885/2334 2820/2884/2333
f 2823/2889/2338 2824/2890/2339 2818/2885/2334 2822/2888/2337
f 2825/2891/2340 2826/2892/2341 2818/2885/2334 2824/2890/2339
f 2827/2676/2138 2828/2886/2335 2818/2885/2334 2826/2892/2341
f 2306/2893/2109 2541/2894/2342 2819/2883/2332 2316/2895/2110
f 2541/2894/2342 2540/2896/2343 2820/2884/2333 2819/2883/2332
f 2316/2895/2110 2819/2883/2332 2828/2886/2335 2327/2897/2126
f 2466/2898/2344 2631/2899/2345 2821/2887/2336 2539/2900/2346
f 2631/2899/2345 2630/2901/2347 2822/2888/2337 2821/2887/2336
f 2539/2900/2346 2821/2887/2336 2820/2884/2333 2540/2896/2343
f 2470/2902/2348 2637/2903/2349 2823/2889/2338 2629/2904/2350
f 2637/2903/2349 2638/2905/2351 2824/2890/2339 2823/2889/2338
f 2629/2904/2350 2823/2889/2338 2822/2888/2337 2630/2901/2347
f 2472/2799/2249 2590/2798/2248 2825/2891/2340 2639/2906/2352
f 2590/2798/2248 2591/2797/2243 2826/2892/2341 2825/2891/2340
f 2639/2906/2352 2825/2891/2340 2824/2890/2339 2638/2905/2351
f 2339/2675/2137 2327/2897/2126 2828/2886/2335 2827/2676/2138
f 2338/2677/2139 2827/2676/2138 2826/2892/2341 2591/2797/2243
f 2829/2907/2353 2830/2908/2354 2833/2909/2355 2832/2910/2356
f 2830/2908/2354 2831/2911/2357 2834/2912/2358 2833/2909/2355
f 2832/2910/2356 2833/2909/2355 2836/2913/2359 2835/2914/2360
f 2833/2909/2355 2834/2912/2358 2837/2915/2361 2836/2913/2359
f 2445/2856/2305 2514/2916/2362 2829/2907/2353 2515/2857/2306
f 2514/2916/2362 2513/2917/2363 2830/2908/2354 2829/2907/2353
f 2513/2917/2363 2512/2918/2364 2831/2911/2357 2830/2908/2354
f 2512/2918/2364 2448/2919/2365 2533/2920/2366 2831/2911/2357
f 2831/2911/2357 2533/2920/2366 2534/2921/2367 2834/2912/2358
f 2834/2912/2358 2534/2921/2367 2535/2922/2368 2837/2915/2361
f 2837/2915/2361 2535/2922/2368 2449/2881/2330 2529/2879/2328
f 2836/2913/2359 2837/2915/2361 2529/2879/2328 2528/2878/2327
f 2835/2914/2360 2836/2913/2359 2528/2878/2327 2527/2877/2326
f 2517/2859/2308 2835/2914/2360 2527/2877/2326 2446/2861/2310
f 2516/2858/2307 2832/2910/2356 2835/2914/2360 2517/2859/2308
f 2515/2857/2306 2829/2907/2353 2832/2910/2356 2516/2858/2307
f 2511/2641/2108 2510/2923/2255 2840/2924/2369 2839/2925/2370
f 2510/2923/2255 2838/2926/2371 2841/2927/2372 2840/2924/2369
f 2839/2925/2370 2840/2924/2369 2843/2928/2373 2842/2929/2374
f 2840/2924/2369 2841/2927/2372 2844/2930/2375 2843/2928/2373
f 2510/2806/2255 2509/2804/2254 2838/2926/2371
f 2509/2804/2254 2471/2803/2253 2641/2931/2376 2838/2926/2371
f 2838/2926/2371 2641/2931/2376 2642/2932/2377 2841/2927/2372
f 2841/2927/2372 2642/2932/2377 2643/2933/2378 2844/2930/2375
f 2844/2930/2375 2643/2933/2378 2473/2934/2379 2536/2935/2380
f 2843/2928/2373 2844/2930/2375 2536/2935/2380 2537/2936/2381
f 2842/2929/2374 2843/2928/2373 2537/2936/2381 2538/2937/2382
f 2315/2938/2104 2842/2929/2374 2538/2937/2382 2305/2939/2105
f 2325/2639/2106 2839/2925/2370 2842/2929/2374 2315/2938/2104
f 2325/2639/2106 2511/2641/2108 2839/2925/2370
f 2845/2940/2383 2846/2941/2384 2849/2942/2385 2848/2943/2386
f 2846/2941/2384 2847/2944/2387 2850/2945/2388 2849/2942/2385
f 2848/2943/2386 2849/2942/2385 2852/2946/2389 2851/2947/2390
f 2849/2942/2385 2850/2945/2388 2853/2948/2391 2852/2946/2389
f 2447/2949/2392 2526/2950/2393 2845/2940/2383 2548/2951/2394
f 2526/2950/2393 2525/2952/2395 2846/2941/2384 2845/2940/2383
f 2525/2952/2395 2524/2953/2396 2847/2944/2387 2846/2941/2384
f 2524/2953/2396 2443/2818/2267 2523/2820/2269 2847/2944/2387
f 2847/2944/2387 2523/2820/2269 2522/2822/2271 2850/2945/2388
f 2850/2945/2388 2522/2822/2271 2521/2836/2285 2853/2948/2391
f 2853/2948/2391 2521/2836/2285 2451/2835/2284 2551/2954/2397
f 2852/2946/2389 2853/2948/2391 2551/2954/2397 2552/2955/2398
f 2851/2947/2390 2852/2946/2389 2552/2955/2398 2553/2956/2399
f 2550/2957/2400 2851/2947/2390 2553/2956/2399 2452/2958/2401
f 2549/2959/2402 2848/2943/2386 2851/2947/2390 2550/2957/2400
f 2548/2951/2394 2845/2940/2383 2848/2943/2386 2549/2959/2402
f 2854/2960/2403 2855/2961/2404 2858/2962/2405 2857/2963/2406
f 2855/2961/2404 2856/2964/2407 2859/2965/2408 2858/2962/2405
f 2857/2963/2406 2858/2962/2405 2861/2966/2409 2860/2967/2410
f 2858/2962/2405 2859/2965/2408 2862/2968/2411 2861/2966/2409
f 2444/2969/2412 2506/2970/2413 2854/2971/2403 2544/2972/2414
f 2506/2973/2413 2507/2974/2415 2855/2961/2404 2854/2960/2403
f 2507/2974/2415 2508/2975/2416 2856/2964/2407 2855/2961/2404
f 2508/2975/2416 2460/2976/2417 2503/2977/2418 2856/2964/2407
f 2856/2964/2407 2503/2977/2418 2504/2978/2419 2859/2965/2408
f 2859/2965/2408 2504/2978/2419 2505/2979/2420 2862/2968/2411
f 2862/2968/2411 2505/2979/2420 2461/2980/2421 2500/2981/2422
f 2861/2966/2409 2862/2968/2411 2500/2981/2422 2501/2982/2423
f 2860/2967/2410 2861/2966/2409 2501/2982/2423 2502/2983/2424
f 2542/2984/2425 2860/2985/2410 2502/2986/2424 2462/2987/2426
f 2543/2988/2427 2857/2989/2406 2860/2985/2410 2542/2984/2425
f 2544/2972/2414 2854/2971/2403 2857/2989/2406 2543/2988/2427
f 2863/2990/2428 2864/2991/2429 2867/2992/2430 2866/2993/2431
f 2864/2991/2429 2865/2994/2432 2868/2995/2433 2867/2992/2430
f 2866/2993/2431 2867/2992/2430 2870/2996/2434 2869/2997/2435
f 2867/2992/2430 2868/2995/2433 2871/2998/2436 2870/2996/2434
f 2484/2999/2437 2723/3000/2438 2863/2990/2428 2714/3001/2439
f 2723/3000/2438 2722/3002/2440 2864/2991/2429 2863/2990/2428
f 2722/3002/2440 2721/3003/2441 2865/2994/2432 2864/2991/2429
f 2721/3003/2441 2483/3004/2442 2612/3005/2443 2865/2994/2432
f 2865/2994/2432 2612/3005/2443 2613/3006/2444 2868/2995/2433
f 2868/2995/2433 2613/3006/2444 2614/3007/2445 2871/2998/2436
f 2871/2998/2436 2614/3007/2445 2463/3008/2446 2611/3009/2447
f 2870/2996/2434 2871/2998/2436 2611/3009/2447 2610/3010/2448
f 2869/2997/2435 2870/2996/2434 2610/3010/2448 2609/3011/2449
f 2712/3012/2450 2869/2997/2435 2609/3011/2449 2465/3013/2451
f 2713/3014/2452 2866/2993/2431 2869/2997/2435 2712/3012/2450
f 2714/3001/2439 2863/2990/2428 2866/2993/2431 2713/3014/2452
f 2873/3015/2453 2874/3016/2454 2872/3017/2455 2882/3018/2456
f 2875/3019/2457 2876/3020/2458 2872/3017/2455 2874/3016/2454
f 2877/3021/2459 2878/3022/2460 2872/3017/2455 2876/3020/2458
f 2879/3023/2461 2880/3024/2462 2872/3017/2455 2878/3022/2460
f 2881/3025/2463 2882/3018/2456 2872/3017/2455 2880/3024/2462
f 2450/2831/2280 2563/3026/2464 2873/3015/2453 2689/3027/2465
f 2563/3026/2464 2564/3028/2466 2874/3016/2454 2873/3015/2453
f 2689/3027/2465 2873/3015/2453 2882/3018/2456 2690/3029/2467
f 2454/3030/2468 2559/3031/2469 2875/3019/2457 2565/3032/2470
f 2559/3031/2469 2558/3033/2471 2876/3020/2458 2875/3019/2457
f 2565/3032/2470 2875/3019/2457 2874/3016/2454 2564/3028/2466
f 2453/3034/2472 2704/3035/2473 2877/3021/2459 2557/3036/2474
f 2704/3035/2473 2705/3037/2475 2878/3022/2460 2877/3021/2459
f 2557/3036/2474 2877/3021/2459 2876/3020/2458 2558/3033/2471
f 2482/3038/2476 2709/3039/2477 2879/3023/2461 2706/3040/2478
f 2709/3039/2477 2708/3041/2479 2880/3024/2462 2879/3023/2461
f 2706/3040/2478 2879/3023/2461 2878/3022/2460 2705/3037/2475
f 2479/2852/2301 2691/3042/2480 2881/3025/2463 2707/3043/2481
f 2691/3042/2480 2690/3029/2467 2882/3018/2456 2881/3025/2463
f 2707/3043/2481 2881/3025/2463 2880/3024/2462 2708/3041/2479
f 2885/3044/2482 2888/3045/2483 2887/3046/2484 2884/3047/2485
f 2595/3048/2486 2596/3049/2487 2888/3050/2483 2885/3051/2482
f 2497/3052/2488 2784/3053/2489 2883/3054/2490 2768/3055/2491
f 2784/3053/2489 2783/3056/2492 2884/3047/2485 2883/3054/2490
f 2783/3056/2492 2782/3057/2493 2885/3044/2482 2884/3047/2485
f 2782/3058/2493 2496/3059/2494 2595/3048/2486 2885/3051/2482
f 2768/3055/2491 2883/3054/2490 2886/3060/2495 2767/3061/2496
f 2888/3050/2483 2596/3049/2487 2462/2987/2426 2502/2986/2424
f 2887/3046/2484 2888/3045/2483 2502/2983/2424 2501/2982/2423
f 2886/3060/2495 2887/3046/2484 2501/2982/2423 2500/2981/2422
f 2767/3061/2496 2886/3060/2495 2500/2981/2422 2461/2980/2421
f 2899/3062/2497 2902/3063/2498 2901/3064/2499 2898/3065/2500
f 2889/3066/2501 2890/3067/2502 2893/3068/2503 2892/3069/2504
f 2890/3067/2502 2891/3070/2505 2894/3071/2506 2893/3068/2503
f 2892/3069/2504 2893/3068/2503 2896/3072/2507 2895/3073/2508
f 2893/3068/2503 2894/3071/2506 2897/3074/2509 2896/3072/2507
f 2456/2827/2276 2649/3075/2510 2889/3066/2501 2586/2828/2277
f 2649/3075/2510 2648/3076/2511 2890/3067/2502 2889/3066/2501
f 2648/3076/2511 2647/3077/2512 2891/3070/2505 2890/3067/2502
f 2647/3077/2512 2469/3078/2513 2646/3079/2514 2891/3070/2505
f 2891/3070/2505 2646/3079/2514 2645/3080/2515 2894/3071/2506
f 2894/3071/2506 2645/3080/2515 2644/3081/2516 2897/3074/2509
f 2897/3074/2509 2644/3081/2516 2454/3030/2468 2565/3032/2470
f 2896/3072/2507 2897/3074/2509 2565/3032/2470 2564/3028/2466
f 2895/3073/2508 2896/3072/2507 2564/3028/2466 2563/3026/2464
f 2584/2833/2282 2895/3073/2508 2563/3026/2464 2450/2831/2280
f 2585/2830/2279 2892/3069/2504 2895/3073/2508 2584/2833/2282
f 2586/2828/2277 2889/3066/2501 2892/3069/2504 2585/2830/2279
f 2900/3082/2517 2903/3083/2518 2902/3063/2498 2899/3062/2497
f 2599/3084/2519 2600/3085/2520 2903/3083/2518 2900/3082/2517
f 2499/3086/2521 2781/3087/2522 2898/3088/2500 2772/3089/2523
f 2781/3090/2522 2780/3091/2524 2899/3062/2497 2898/3065/2500
f 2780/3091/2524 2779/3092/2525 2900/3082/2517 2899/3062/2497
f 2779/3092/2525 2498/3093/2526 2599/3084/2519 2900/3082/2517
f 2772/3089/2523 2898/3088/2500 2901/3094/2499 2771/3095/2527
f 2903/3083/2518 2600/3085/2520 2460/2976/2417 2508/2975/2416
f 2902/3063/2498 2903/3083/2518 2508/2975/2416 2507/2974/2415
f 2901/3064/2499 2902/3063/2498 2507/2974/2415 2506/2973/2413
f 2771/3095/2527 2901/3094/2499 2506/2970/2413 2444/2969/2412
f 2905/3096/2528 2908/3097/2529 2907/3098/2530 2904/3099/2531
f 2906/3100/2532 2909/3101/2533 2908/3097/2529 2905/3096/2528
f 2767/3061/2496 2909/3101/2533 2906/3100/2532 2768/3055/2491
f 2498/3093/2526 2778/3102/2534 2904/3099/2531 2599/3084/2519
f 2778/3102/2534 2777/3103/2535 2905/3096/2528 2904/3099/2531
f 2777/3103/2535 2776/3104/2536 2906/3100/2532 2905/3096/2528
f 2776/3104/2536 2497/3052/2488 2768/3055/2491 2906/3100/2532
f 2599/3084/2519 2904/3099/2531 2907/3098/2530 2600/3085/2520
f 2909/3101/2533 2767/3061/2496 2461/2980/2421 2505/2979/2420
f 2908/3097/2529 2909/3101/2533 2505/2979/2420 2504/2978/2419
f 2907/3098/2530 2908/3097/2529 2504/2978/2419 2503/2977/2418
f 2600/3085/2520 2907/3098/2530 2503/2977/2418 2460/2976/2417
f 2911/3105/2537 2914/3106/2538 2913/3107/2539 2910/3108/2540
f 2912/3109/2541 2915/3110/2542 2914/3106/2538 2911/3105/2537
f 2771/3095/2527 2915/3110/2542 2912/3109/2541 2772/3089/2523
f 2496/3059/2494 2775/3111/2543 2910/3108/2540 2595/3048/2486
f 2775/3111/2543 2774/3112/2544 2911/3105/2537 2910/3108/2540
f 2774/3112/2544 2773/3113/2545 2912/3109/2541 2911/3105/2537
f 2773/3113/2545 2499/3086/2521 2772/3089/2523 2912/3109/2541
f 2595/3048/2486 2910/3108/2540 2913/3107/2539 2596/3049/2487
f 2915/3110/2542 2771/3095/2527 2444/2969/2412 2544/2972/2414
f 2914/3106/2538 2915/3110/2542 2544/2972/2414 2543/2988/2427
f 2913/3107/2539 2914/3106/2538 2543/2988/2427 2542/2984/2425
f 2596/3049/2487 2913/3107/2539 2542/2984/2425 2462/2987/2426
f 2917/3114/2546 2918/3115/2547 2916/3116/2548 2922/3117/2549
f 2919/3118/2550 2920/3119/2551 2916/3116/2548 2918/3115/2547
f 2921/3120/2552 2922/3117/2549 2916/3116/2548 2920/3119/2551
f 2464/3121/2553 2606/3122/2554 2917/3114/2546 2605/3123/2555
f 2606/3122/2554 2607/3124/2556 2918/3115/2547 2917/3114/2546
f 2605/3123/2555 2917/3114/2546 2922/3117/2549 2604/3125/2557
f 2465/3013/2451 2609/3011/2449 2919/3118/2550 2608/3126/2558
f 2609/3011/2449 2610/3010/2448 2920/3119/2551 2919/3118/2550
f 2608/3126/2558 2919/3118/2550 2918/3115/2547 2607/3124/2556
f 2463/3008/2446 2603/3127/2559 2921/3120/2552 2611/3009/2447
f 2603/3127/2559 2604/3125/2557 2922/3117/2549 2921/3120/2552
f 2611/3009/2447 2921/3120/2552 2920/3119/2551 2610/3010/2448
f 2923/3128/2560 2924/3129/2561 2927/3130/2562 2926/3131/2563
f 2924/3129/2561 2925/3132/2564 2928/3133/2565 2927/3130/2562
f 2926/3131/2563 2927/3130/2562 2930/3134/2566 2929/3135/2567
f 2927/3130/2562 2928/3133/2565 2931/3136/2568 2930/3134/2566
f 2485/3137/2569 2720/3138/2570 2923/3128/2560 2717/3139/2571
f 2720/3138/2570 2719/3140/2572 2924/3129/2561 2923/3128/2560
f 2719/3140/2572 2718/3141/2573 2925/3132/2564 2924/3129/2561
f 2718/3141/2573 2484/2999/2437 2714/3001/2439 2925/3132/2564
f 2925/3132/2564 2714/3001/2439 2713/3014/2452 2928/3133/2565
f 2928/3133/2565 2713/3014/2452 2712/3012/2450 2931/3136/2568
f 2931/3136/2568 2712/3012/2450 2465/3013/2451 2608/3126/2558
f 2930/3134/2566 2931/3136/2568 2608/3126/2558 2607/3124/2556
f 2929/3135/2567 2930/3134/2566 2607/3124/2556 2606/3122/2554
f 2715/3142/2574 2929/3135/2567 2606/3122/2554 2464/3121/2553
f 2716/3143/2575 2926/3131/2563 2929/3135/2567 2715/3142/2574
f 2717/3139/2571 2923/3128/2560 2926/3131/2563 2716/3143/2575
f 2932/3144/2576 2933/3145/2577 2936/3146/2578 2935/3147/2579
f 2933/3145/2577 2934/3148/2580 2937/3149/2581 2936/3146/2578
f 2935/3147/2579 2936/3146/2578 2939/3150/2582 2938/3151/2583
f 2936/3146/2578 2937/3149/2581 2940/3152/2584 2939/3150/2582
f 2474/3153/2585 2665/3154/2586 2932/3144/2576 2671/3155/2587
f 2665/3154/2586 2666/3156/2588 2933/3145/2577 2932/3144/2576
f 2666/3156/2588 2667/3157/2589 2934/3148/2580 2933/3145/2577
f 2667/3157/2589 2475/3158/2590 2761/3159/2591 2934/3148/2580
f 2934/3148/2580 2761/3159/2591 2760/3160/2592 2937/3149/2581
f 2937/3149/2581 2760/3160/2592 2759/3161/2593 2940/3152/2584
f 2940/3152/2584 2759/3161/2593 2492/3162/2594 2755/3163/2595
f 2939/3150/2582 2940/3152/2584 2755/3163/2595 2754/3164/2596
f 2938/3151/2583 2939/3150/2582 2754/3164/2596 2753/3165/2597
f 2673/3166/2598 2938/3151/2583 2753/3165/2597 2494/3167/2599
f 2672/3168/2600 2935/3147/2579 2938/3151/2583 2673/3166/2598
f 2671/3155/2587 2932/3144/2576 2935/3147/2579 2672/3168/2600
f 2941/3169/2601 2942/3170/2602 2945/3171/2603 2944/3172/2604
f 2942/3170/2602 2943/3173/2605 2946/3174/2606 2945/3171/2603
f 2944/3172/2604 2945/3171/2603 2948/3175/2607 2947/3176/2608
f 2945/3171/2603 2946/3174/2606 2949/3177/2609 2948/3175/2607
f 2470/3178/2348 2629/3179/2350 2941/3169/2601 2587/3180/2610
f 2629/3179/2350 2630/3181/2347 2942/3170/2602 2941/3169/2601
f 2630/3181/2347 2631/3182/2345 2943/3173/2605 2942/3170/2602
f 2631/3182/2345 2466/3183/2344 2653/3184/2611 2943/3173/2605
f 2943/3173/2605 2653/3184/2611 2654/3185/2612 2946/3174/2606
f 2946/3174/2606 2654/3185/2612 2655/3186/2613 2949/3177/2609
f 2949/3177/2609 2655/3186/2613 2489/3187/2614 2740/3188/2615
f 2948/3175/2607 2949/3177/2609 2740/3188/2615 2739/3189/2616
f 2947/3176/2608 2948/3175/2607 2739/3189/2616 2738/3190/2617
f 2589/3191/2618 2947/3176/2608 2738/3190/2617 2493/3192/2619
f 2588/3193/2620 2944/3172/2604 2947/3176/2608 2589/3191/2618
f 2587/3180/2610 2941/3169/2601 2944/3172/2604 2588/3193/2620
f 2635/2801/2251 2634/2800/2250 2952/3194/2621 2951/3195/2622
f 2633/3196/2623 2952/3194/2621 2634/2800/2250 2472/2799/2249
f 2952/3194/2621 2680/3197/2624 2681/3198/2625 2951/3195/2622
f 2476/3199/2626 2680/3197/2624 2952/3194/2621 2633/3196/2623
f 2643/2933/2378 2642/2932/2377 2963/3200/2627 2962/3201/2628
f 2950/3202/2629 2632/3203/2630 2471/2803/2253 2636/2802/2252
f 2632/3203/2630 2950/3202/2629 2682/3204/2631 2477/3205/2632
f 2963/3200/2627 2687/3206/2633 2688/3207/2634 2962/3201/2628
f 2953/3208/2635 2954/3209/2636 2957/3210/2637 2956/3211/2638
f 2954/3209/2636 2955/3212/2639 2958/3213/2640 2957/3210/2637
f 2956/3211/2638 2957/3210/2637 2960/3214/2641 2959/3215/2642
f 2957/3210/2637 2958/3213/2640 2961/3216/2643 2960/3214/2641
f 2476/3199/2626 2676/3217/2644 2953/3208/2635 2670/3218/2645
f 2676/3217/2644 2675/3219/2646 2954/3209/2636 2953/3208/2635
f 2675/3219/2646 2674/3220/2647 2955/3212/2639 2954/3209/2636
f 2674/3220/2647 2475/3221/2590 2667/3222/2589 2955/3212/2639
f 2955/3212/2639 2667/3222/2589 2666/3223/2588 2958/3213/2640
f 2958/3213/2640 2666/3223/2588 2665/3224/2586 2961/3216/2643
f 2961/3216/2643 2665/3224/2586 2474/3225/2585 2658/3226/2648
f 2960/3214/2641 2961/3216/2643 2658/3226/2648 2657/3227/2649
f 2959/3215/2642 2960/3214/2641 2657/3227/2649 2656/3228/2650
f 2668/3229/2651 2959/3215/2642 2656/3228/2650 2458/3230/2652
f 2669/3231/2653 2956/3211/2638 2959/3215/2642 2668/3229/2651
f 2670/3218/2645 2953/3208/2635 2956/3211/2638 2669/3231/2653
f 2642/2932/2377 2641/2931/2376 2964/3232/2654 2963/3200/2627
f 2632/3203/2630 2964/3232/2654 2641/2931/2376 2471/2803/2253
f 2964/3232/2654 2686/3233/2655 2687/3206/2633 2963/3200/2627
f 2477/3205/2632 2686/3233/2655 2964/3232/2654 2632/3203/2630
f 2983/3234/2656 2587/3180/2610 2588/3193/2620 2984/3235/2657
f 2962/3201/2628 2640/3236/2658 2473/2934/2379 2643/2933/2378
f 2640/3236/2658 2962/3201/2628 2688/3207/2634 2478/3237/2659
f 2761/3159/2591 2983/3234/2656 2984/3235/2657 2760/3160/2592
f 2965/3238/2660 2966/3239/2661 2969/3240/2662 2968/3241/2663
f 2966/3239/2661 2967/3242/2664 2970/3243/2665 2969/3240/2662
f 2968/3241/2663 2969/3240/2662 2972/3244/2666 2971/3245/2667
f 2969/3240/2662 2970/3243/2665 2973/3246/2668 2972/3244/2666
f 2454/3030/2468 2644/3081/2516 2965/3238/2660 2560/3247/2669
f 2644/3081/2516 2645/3080/2515 2966/3239/2661 2965/3238/2660
f 2645/3080/2515 2646/3079/2514 2967/3242/2664 2966/3239/2661
f 2646/3079/2514 2469/3078/2513 2624/3248/2670 2967/3242/2664
f 2967/3242/2664 2624/3248/2670 2623/3249/2671 2970/3243/2665
f 2970/3243/2665 2623/3249/2671 2622/3250/2672 2973/3246/2668
f 2973/3246/2668 2622/3250/2672 2467/3251/2673 2569/3252/2674
f 2972/3244/2666 2973/3246/2668 2569/3252/2674 2570/3253/2675
f 2971/3245/2667 2972/3244/2666 2570/3253/2675 2571/3254/2676
f 2562/3255/2677 2971/3245/2667 2571/3254/2676 2455/3256/2678
f 2561/3257/2679 2968/3241/2663 2971/3245/2667 2562/3255/2677
f 2560/3247/2669 2965/3238/2660 2968/3241/2663 2561/3257/2679
f 2974/3258/2680 2975/3259/2681 2978/3260/2682 2977/3261/2683
f 2975/3259/2681 2976/3262/2684 2979/3263/2685 2978/3260/2682
f 2977/3261/2683 2978/3260/2682 2981/3264/2686 2980/3265/2687
f 2978/3260/2682 2979/3263/2685 2982/3266/2688 2981/3264/2686
f 2469/3078/2513 2647/3077/2512 2974/3258/2680 2625/3267/2689
f 2647/3077/2512 2648/3076/2511 2975/3259/2681 2974/3258/2680
f 2648/3076/2511 2649/3075/2510 2976/3262/2684 2975/3259/2681
f 2649/3075/2510 2456/2827/2276 2574/3268/2690 2976/3262/2684
f 2976/3262/2684 2574/3268/2690 2573/3269/2691 2979/3263/2685
f 2979/3263/2685 2573/3269/2691 2572/3270/2692 2982/3266/2688
f 2982/3266/2688 2572/3270/2692 2459/3271/2693 2619/3272/2694
f 2981/3264/2686 2982/3266/2688 2619/3272/2694 2620/3273/2695
f 2980/3265/2687 2981/3264/2686 2620/3273/2695 2621/3274/2696
f 2627/3275/2697 2980/3265/2687 2621/3274/2696 2468/3276/2698
f 2626/3277/2699 2977/3261/2683 2980/3265/2687 2627/3275/2697
f 2625/3267/2689 2974/3258/2680 2977/3261/2683 2626/3277/2699
f 2760/3160/2592 2984/3235/2657 2985/3278/2700 2759/3161/2593
f 2984/3235/2657 2588/3193/2620 2589/3191/2618 2985/3278/2700
f 2475/3158/2590 2628/3279/2701 2983/3234/2656 2761/3159/2591
f 2628/3279/2701 2470/3178/2348 2587/3180/2610 2983/3234/2656
f 2759/3161/2593 2985/3278/2700 2737/3280/2702 2492/3162/2594
f 2985/3278/2700 2589/3191/2618 2493/3192/2619 2737/3280/2702
f 2639/2906/2352 2638/2905/2351 3005/3281/2703 3004/3282/2704
f 3005/3281/2703 2675/3219/2646 2676/3217/2644 3004/3282/2704
f 2986/3283/2705 2987/3284/2706 2990/3285/2707 2989/3286/2708
f 2987/3284/2706 2988/3287/2709 2991/3288/2710 2990/3285/2707
f 2989/3286/2708 2990/3285/2707 2993/3289/2711 2992/3290/2712
f 2990/3285/2707 2991/3288/2710 2994/3291/2713 2993/3289/2711
f 2458/3230/2652 2656/3228/2650 2986/3283/2705 2581/3292/2714
f 2656/3228/2650 2657/3227/2649 2987/3284/2706 2986/3283/2705
f 2657/3227/2649 2658/3226/2648 2988/3287/2709 2987/3284/2706
f 2658/3226/2648 2474/3225/2585 2652/3293/2715 2988/3287/2709
f 2988/3287/2709 2652/3293/2715 2651/3294/2716 2991/3288/2710
f 2991/3288/2710 2651/3294/2716 2650/3295/2717 2994/3291/2713
f 2994/3291/2713 2650/3295/2717 2468/3276/2698 2621/3274/2696
f 2993/3289/2711 2994/3291/2713 2621/3274/2696 2620/3273/2695
f 2992/3290/2712 2993/3289/2711 2620/3273/2695 2619/3272/2694
f 2583/3296/2718 2992/3290/2712 2619/3272/2694 2459/3271/2693
f 2582/3297/2719 2989/3286/2708 2992/3290/2712 2583/3296/2718
f 2581/3292/2714 2986/3283/2705 2989/3286/2708 2582/3297/2719
f 2995/3298/2720 2996/3299/2721 2999/3300/2722 2998/3301/2723
f 2996/3299/2721 2997/3302/2724 3000/3303/2725 2999/3300/2722
f 2998/3301/2723 2999/3300/2722 3002/3304/2726 3001/3305/2727
f 2999/3300/2722 3000/3303/2725 3003/3306/2728 3002/3304/2726
f 2468/3307/2698 2650/3308/2717 2995/3298/2720 2661/3309/2729
f 2650/3308/2717 2651/3310/2716 2996/3299/2721 2995/3298/2720
f 2651/3310/2716 2652/3311/2715 2997/3302/2724 2996/3299/2721
f 2652/3311/2715 2474/3153/2585 2671/3155/2587 2997/3302/2724
f 2997/3302/2724 2671/3155/2587 2672/3168/2600 3000/3303/2725
f 3000/3303/2725 2672/3168/2600 2673/3166/2598 3003/3306/2728
f 3003/3306/2728 2673/3166/2598 2494/3167/2599 2743/3312/2730
f 3002/3304/2726 3003/3306/2728 2743/3312/2730 2742/3313/2731
f 3001/3305/2727 3002/3304/2726 2742/3313/2731 2741/3314/2732
f 2659/3315/2733 3001/3305/2727 2741/3314/2732 2486/3316/2734
f 2660/3317/2735 2998/3301/2723 3001/3305/2727 2659/3315/2733
f 2661/3309/2729 2995/3298/2720 2998/3301/2723 2660/3317/2735
f 2638/2905/2351 2637/2903/2349 3006/3318/2736 3005/3281/2703
f 2628/3319/2701 3006/3318/2736 2637/2903/2349 2470/2902/2348
f 3006/3318/2736 2674/3220/2647 2675/3219/2646 3005/3281/2703
f 2475/3221/2590 2674/3220/2647 3006/3318/2736 2628/3319/2701
f 3094/3320/2737 2739/3189/2616 2740/3188/2615 3093/3321/2738
f 3004/3282/2704 2633/3196/2623 2472/2799/2249 2639/2906/2352
f 2633/3196/2623 3004/3282/2704 2676/3217/2644 2476/3199/2626
f 2758/3322/2739 2757/3323/2740 3094/3320/2737 3093/3321/2738
f 3008/3324/2741 3009/3325/2742 3007/3326/2743 3017/3327/2744
f 3010/3328/2745 3011/3329/2746 3007/3326/2743 3009/3325/2742
f 3012/3330/2747 3013/3331/2748 3007/3326/2743 3011/3329/2746
f 3014/3332/2749 3015/3333/2750 3007/3326/2743 3013/3331/2748
f 3016/3334/2751 3017/3327/2744 3007/3326/2743 3015/3333/2750
f 2477/3205/2632 2682/3204/2631 3008/3324/2741 2679/3335/2752
f 2682/3204/2631 2681/3198/2625 3009/3325/2742 3008/3324/2741
f 2679/3335/2752 3008/3324/2741 3017/3327/2744 2678/3336/2753
f 2476/3199/2626 2670/3218/2645 3010/3328/2745 2680/3197/2624
f 2670/3218/2645 2669/3231/2653 3011/3329/2746 3010/3328/2745
f 2680/3197/2624 3010/3328/2745 3009/3325/2742 2681/3198/2625
f 2458/3230/2652 2580/3337/2754 3012/3330/2747 2668/3229/2651
f 2580/3337/2754 2579/3338/2755 3013/3331/2748 3012/3330/2747
f 2668/3229/2651 3012/3330/2747 3011/3329/2746 2669/3231/2653
f 2457/2823/2272 2592/2825/2274 3014/3332/2749 2578/3339/2756
f 2592/2825/2274 2593/2821/2270 3015/3333/2750 3014/3332/2749
f 2578/3339/2756 3014/3332/2749 3013/3331/2748 2579/3338/2755
f 2443/2818/2267 2677/3340/2757 3016/3334/2751 2594/2819/2268
f 2677/3340/2757 2678/3336/2753 3017/3327/2744 3016/3334/2751
f 2594/2819/2268 3016/3334/2751 3015/3333/2750 2593/2821/2270
f 3018/3341/2758 3019/3342/2759 3022/3343/2760 3021/3344/2761
f 3019/3342/2759 3020/3345/2762 3023/3346/2763 3022/3343/2760
f 3021/3344/2761 3022/3343/2760 3025/3347/2764 3024/3348/2765
f 3022/3343/2760 3023/3346/2763 3026/3349/2766 3025/3347/2764
f 2478/3237/2659 2688/3207/2634 3018/3341/2758 2685/3350/2767
f 2688/3207/2634 2687/3206/2633 3019/3342/2759 3018/3341/2758
f 2687/3206/2633 2686/3233/2655 3020/3345/2762 3019/3342/2759
f 2686/3233/2655 2477/3205/2632 2679/3335/2752 3020/3345/2762
f 3020/3345/2762 2679/3335/2752 2678/3336/2753 3023/3346/2763
f 3023/3346/2763 2678/3336/2753 2677/3340/2757 3026/3349/2766
f 3026/3349/2766 2677/3340/2757 2443/2818/2267 2524/2953/2396
f 3025/3347/2764 3026/3349/2766 2524/2953/2396 2525/2952/2395
f 3024/3348/2765 3025/3347/2764 2525/2952/2395 2526/2950/2393
f 2683/3351/2768 3024/3348/2765 2526/2950/2393 2447/2949/2392
f 2684/3352/2769 3021/3344/2761 3024/3348/2765 2683/3351/2768
f 2685/3350/2767 3018/3341/2758 3021/3344/2761 2684/3352/2769
f 3027/3353/2770 3028/3354/2771 3031/3355/2772 3030/3356/2773
f 3028/3354/2771 3029/3357/2774 3032/3358/2775 3031/3355/2772
f 3030/3356/2773 3031/3355/2772 3034/3359/2776 3033/3360/2777
f 3031/3355/2772 3032/3358/2775 3035/3361/2778 3034/3359/2776
f 2452/2958/2401 2553/2956/2399 3027/3353/2770 2692/3362/2779
f 2553/2956/2399 2552/2955/2398 3028/3354/2771 3027/3353/2770
f 2552/2955/2398 2551/2954/2397 3029/3357/2774 3028/3354/2771
f 2551/2954/2397 2451/2835/2284 2547/3363/2780 3029/3357/2774
f 3029/3357/2774 2547/3363/2780 2546/3364/2781 3032/3358/2775
f 3032/3358/2775 2546/3364/2781 2545/3365/2782 3035/3361/2778
f 3035/3361/2778 2545/3365/2782 2481/2847/2296 2698/2876/2325
f 3034/3359/2776 3035/3361/2778 2698/2876/2325 2699/2875/2324
f 3033/3360/2777 3034/3359/2776 2699/2875/2324 2700/2873/2322
f 2694/3366/2783 3033/3360/2777 2700/2873/2322 2480/2872/2321
f 2693/3367/2784 3030/3356/2773 3033/3360/2777 2694/3366/2783
f 2692/3362/2779 3027/3353/2770 3030/3356/2773 2693/3367/2784
f 3036/3368/2785 3037/3369/2786 3040/3370/2787 3039/3371/2788
f 3037/3369/2786 3038/3372/2789 3041/3373/2790 3040/3370/2787
f 3039/3371/2788 3040/3370/2787 3043/3374/2791 3042/3375/2792
f 3040/3370/2787 3041/3373/2790 3044/3376/2793 3043/3374/2791
f 2451/2835/2284 2556/2837/2286 3036/3368/2785 2547/3363/2780
f 2556/2837/2286 2555/2834/2283 3037/3369/2786 3036/3368/2785
f 2555/2834/2283 2554/2832/2281 3038/3372/2789 3037/3369/2786
f 2554/2832/2281 2450/2831/2280 2689/3027/2465 3038/3372/2789
f 3038/3372/2789 2689/3027/2465 2690/3029/2467 3041/3373/2790
f 3041/3373/2790 2690/3029/2467 2691/3042/2480 3044/3376/2793
f 3044/3376/2793 2691/3042/2480 2479/2852/2301 2701/2851/2300
f 3043/3374/2791 3044/3376/2793 2701/2851/2300 2702/2850/2299
f 3042/3375/2792 3043/3374/2791 2702/2850/2299 2703/2848/2297
f 2545/3365/2782 3042/3375/2792 2703/2848/2297 2481/2847/2296
f 2546/3364/2781 3039/3371/2788 3042/3375/2792 2545/3365/2782
f 2547/3363/2780 3036/3368/2785 3039/3371/2788 2546/3364/2781
f 3045/3377/2794 3046/3378/2795 3049/3379/2796 3048/3380/2797
f 3046/3378/2795 3047/3381/2798 3050/3382/2799 3049/3379/2796
f 3048/3380/2797 3049/3379/2796 3052/3383/2800 3051/3384/2801
f 3049/3379/2796 3050/3382/2799 3053/3385/2802 3052/3383/2800
f 2479/2852/2301 2707/3043/2481 3045/3377/2794 2518/2853/2302
f 2707/3043/2481 2708/3041/2479 3046/3378/2795 3045/3377/2794
f 2708/3041/2479 2709/3039/2477 3047/3381/2798 3046/3378/2795
f 2709/3039/2477 2482/3038/2476 2566/3386/2803 3047/3381/2798
f 3047/3381/2798 2566/3386/2803 2567/3387/2804 3050/3382/2799
f 3050/3382/2799 2567/3387/2804 2568/3388/2805 3053/3385/2802
f 3053/3385/2802 2568/3388/2805 2448/2919/2365 2512/2918/2364
f 3052/3383/2800 3053/3385/2802 2512/2918/2364 2513/2917/2363
f 3051/3384/2801 3052/3383/2800 2513/2917/2363 2514/2916/2362
f 2520/2855/2304 3051/3384/2801 2514/2916/2362 2445/2856/2305
f 2519/2854/2303 3048/3380/2797 3051/3384/2801 2520/2855/2304
f 2518/2853/2302 3045/3377/2794 3048/3380/2797 2519/2854/2303
f 3054/3389/2806 3055/3390/2807 3058/3391/2808 3057/3392/2809
f 3055/3390/2807 3056/3393/2810 3059/3394/2811 3058/3391/2808
f 3059/3394/2811 2718/3141/2573 2719/3140/2572 3058/3391/2808
f 2484/2999/2437 2718/3141/2573 3059/3394/2811 2615/3395/2812
f 2453/3396/2472 2557/3397/2474 3054/3389/2806 2618/3398/2813
f 2557/3397/2474 2558/3399/2471 3055/3390/2807 3054/3389/2806
f 2558/3399/2471 2559/3400/2469 3056/3393/2810 3055/3390/2807
f 2559/3400/2469 2454/3401/2468 2616/3402/2814 3056/3393/2810
f 3056/3393/2810 2616/3402/2814 2615/3395/2812 3059/3394/2811
f 2617/3403/2815 3057/3392/2809 2720/3138/2570 2485/3137/2569
f 3064/3404/2816 2722/3002/2440 2723/3000/2438 3063/3405/2817
f 2618/3398/2813 3054/3389/2806 3057/3392/2809 2617/3403/2815
f 3060/3406/2818 3061/3407/2819 3064/3404/2816 3063/3405/2817
f 3061/3407/2819 3062/3408/2820 3065/3409/2821 3064/3404/2816
f 3065/3409/2821 2721/3003/2441 2722/3002/2440 3064/3404/2816
f 2711/3410/2822 2483/3004/2442 2721/3003/2441 3065/3409/2821
f 2454/3401/2468 2560/3411/2669 3060/3406/2818 2616/3402/2814
f 2560/3411/2669 2561/3412/2679 3061/3407/2819 3060/3406/2818
f 2561/3412/2679 2562/3413/2677 3062/3408/2820 3061/3407/2819
f 2562/3413/2677 2455/3414/2678 2710/3415/2823 3062/3408/2820
f 3062/3408/2820 2710/3415/2823 2711/3410/2822 3065/3409/2821
f 2615/3395/2812 3063/3405/2817 2723/3000/2438 2484/2999/2437
f 2616/3402/2814 3060/3406/2818 3063/3405/2817 2615/3395/2812
f 3066/3416/2824 3067/3417/2825 3070/3418/2826 3069/3419/2827
f 3067/3417/2825 3068/3420/2828 3071/3421/2829 3070/3418/2826
f 3069/3419/2827 3070/3418/2826 3073/3422/2830 3072/3423/2831
f 3070/3418/2826 3071/3421/2829 3074/3424/2832 3073/3422/2830
f 2490/3425/2833 2731/3426/2834 3066/3416/2824 2730/3427/2835
f 2731/3426/2834 2732/3428/2836 3067/3417/2825 3066/3416/2824
f 2732/3428/2836 2733/3429/2837 3068/3420/2828 3067/3417/2825
f 2733/3429/2837 2491/3430/2838 2734/3431/2839 3068/3420/2828
f 3068/3420/2828 2734/3431/2839 2735/3432/2840 3071/3421/2829
f 3071/3421/2829 2735/3432/2840 2736/3433/2841 3074/3424/2832
f 3074/3424/2832 2736/3433/2841 2486/3316/2734 2724/3434/2842
f 3073/3422/2830 3074/3424/2832 2724/3434/2842 2725/3435/2843
f 3072/3423/2831 3073/3422/2830 2725/3435/2843 2726/3436/2844
f 2728/3437/2845 3072/3423/2831 2726/3436/2844 2487/3438/2846
f 2729/3439/2847 3069/3419/2827 3072/3423/2831 2728/3437/2845
f 2730/3427/2835 3066/3416/2824 3069/3419/2827 2729/3439/2847
f 3075/3440/2848 3076/3441/2849 3079/3442/2850 3078/3443/2851
f 3076/3441/2849 3077/3444/2852 3080/3445/2853 3079/3442/2850
f 3078/3443/2851 3079/3442/2850 3082/3446/2854 3081/3447/2855
f 3079/3442/2850 3080/3445/2853 3083/3448/2856 3082/3446/2854
f 2486/3316/2734 2741/3314/2732 3075/3440/2848 2724/3434/2842
f 2741/3314/2732 2742/3313/2731 3076/3441/2849 3075/3440/2848
f 2742/3313/2731 2743/3312/2730 3077/3444/2852 3076/3441/2849
f 2743/3312/2730 2494/3167/2599 2747/3449/2857 3077/3444/2852
f 3077/3444/2852 2747/3449/2857 2748/3450/2858 3080/3445/2853
f 3080/3445/2853 2748/3450/2858 2749/3451/2859 3083/3448/2856
f 3083/3448/2856 2749/3451/2859 2495/3452/2860 2746/3453/2861
f 3082/3446/2854 3083/3448/2856 2746/3453/2861 2745/3454/2862
f 3081/3447/2855 3082/3446/2854 2745/3454/2862 2744/3455/2863
f 2726/3436/2844 3081/3447/2855 2744/3455/2863 2487/3438/2846
f 2725/3435/2843 3078/3443/2851 3081/3447/2855 2726/3436/2844
f 2724/3434/2842 3075/3440/2848 3078/3443/2851 2725/3435/2843
f 3084/3456/2864 3085/3457/2865 3088/3458/2866 3087/3459/2867
f 3085/3457/2865 3086/3460/2868 3089/3461/2869 3088/3458/2866
f 3087/3459/2867 3088/3458/2866 3091/3462/2870 3090/3463/2871
f 3088/3458/2866 3089/3461/2869 3092/3464/2872 3091/3462/2870
f 2495/3452/2860 2749/3451/2859 3084/3456/2864 2750/3465/2873
f 2749/3451/2859 2748/3450/2858 3085/3457/2865 3084/3456/2864
f 2748/3450/2858 2747/3449/2857 3086/3460/2868 3085/3457/2865
f 2747/3449/2857 2494/3167/2599 2753/3165/2597 3086/3460/2868
f 3086/3460/2868 2753/3165/2597 2754/3164/2596 3089/3461/2869
f 3089/3461/2869 2754/3164/2596 2755/3163/2595 3092/3464/2872
f 3092/3464/2872 2755/3163/2595 2492/3162/2594 2756/3466/2874
f 3091/3462/2870 3092/3464/2872 2756/3466/2874 2757/3323/2740
f 3090/3463/2871 3091/3462/2870 2757/3323/2740 2758/3322/2739
f 2752/3467/2875 3090/3463/2871 2758/3322/2739 2488/3468/2876
f 2751/3469/2877 3087/3459/2867 3090/3463/2871 2752/3467/2875
f 2750/3465/2873 3084/3456/2864 3087/3459/2867 2751/3469/2877
f 2757/3323/2740 2756/3466/2874 3095/3470/2878 3094/3320/2737
f 2492/3162/2594 2737/3280/2702 3095/3470/2878 2756/3466/2874
f 3095/3470/2878 2738/3190/2617 2739/3189/2616 3094/3320/2737
f 2737/3280/2702 2493/3192/2619 2738/3190/2617 3095/3470/2878
f 3058/3391/2808 2719/3140/2572 2720/3138/2570 3057/3392/2809
f 3093/3321/2738 2727/3471/2879 2488/3468/2876 2758/3322/2739
f 2727/3471/2879 3093/3321/2738 2740/3188/2615 2489/3187/2614
f 2951/3195/2622 2681/3198/2625 2682/3204/2631 2950/3202/2629
f 3096/3472/2880 3097/3473/2881 3100/3474/2882 3099/3475/2883
f 3097/3473/2881 3098/3476/2884 3101/3477/2885 3100/3474/2882
f 3099/3475/2883 3100/3474/2882 3103/3478/2886 3102/3479/2887
f 3100/3474/2882 3101/3477/2885 3104/3480/2888 3103/3478/2886
f 2467/3481/2673 2622/3482/2672 3096/3472/2880 2764/3483/2889
f 2622/3482/2672 2623/3484/2671 3097/3473/2881 3096/3472/2880
f 2623/3484/2671 2624/3485/2670 3098/3476/2884 3097/3473/2881
f 2624/3485/2670 2469/3486/2513 2662/3487/2890 3098/3476/2884
f 3098/3476/2884 2662/3487/2890 2663/3488/2891 3101/3477/2885
f 3101/3477/2885 2663/3488/2891 2664/3489/2892 3104/3480/2888
f 3104/3480/2888 2664/3489/2892 2491/3430/2838 2733/3429/2837
f 3103/3478/2886 3104/3480/2888 2733/3429/2837 2732/3428/2836
f 3102/3479/2887 3103/3478/2886 2732/3428/2836 2731/3426/2834
f 2762/3490/2893 3102/3479/2887 2731/3426/2834 2490/3425/2833
f 2763/3491/2894 3099/3475/2883 3102/3479/2887 2762/3490/2893
f 2764/3483/2889 3096/3472/2880 3099/3475/2883 2763/3491/2894
f 3105/3492/2895 3106/3493/2896 3109/3494/2897 3108/3495/2898
f 3106/3493/2896 3107/3496/2899 3110/3497/2900 3109/3494/2897
f 3108/3495/2898 3109/3494/2897 3112/3498/2901 3111/3499/2902
f 3109/3494/2897 3110/3497/2900 3113/3500/2903 3112/3498/2901
f 2469/3486/2513 2625/3501/2689 3105/3492/2895 2662/3487/2890
f 2625/3501/2689 2626/3502/2699 3106/3493/2896 3105/3492/2895
f 2626/3502/2699 2627/3503/2697 3107/3496/2899 3106/3493/2896
f 2627/3503/2697 2468/3307/2698 2661/3309/2729 3107/3496/2899
f 3107/3496/2899 2661/3309/2729 2660/3317/2735 3110/3497/2900
f 3110/3497/2900 2660/3317/2735 2659/3315/2733 3113/3500/2903
f 3113/3500/2903 2659/3315/2733 2486/3316/2734 2736/3433/2841
f 3112/3498/2901 3113/3500/2903 2736/3433/2841 2735/3432/2840
f 3111/3499/2902 3112/3498/2901 2735/3432/2840 2734/3431/2839
f 2664/3489/2892 3111/3499/2902 2734/3431/2839 2491/3430/2838
f 2663/3488/2891 3108/3495/2898 3111/3499/2902 2664/3489/2892
f 2662/3487/2890 3105/3492/2895 3108/3495/2898 2663/3488/2891
f 3114/3504/2904 3115/3505/2905 3118/3506/2906 3117/3507/2907
f 3115/3505/2905 3116/3508/2908 3119/3509/2909 3118/3506/2906
f 3119/3509/2909 2773/3113/2545 2774/3112/2544 3118/3506/2906
f 2499/3086/2521 2773/3113/2545 3119/3509/2909 2601/3510/2910
f 2459/3271/2693 2572/3270/2692 3114/3511/2904 2765/3512/2911
f 2572/3270/2692 2573/3269/2691 3115/3513/2905 3114/3511/2904
f 2573/3269/2691 2574/3268/2690 3116/3514/2908 3115/3513/2905
f 2574/3268/2690 2456/2827/2276 2602/3515/2912 3116/3514/2908
f 3116/3508/2908 2602/3516/2912 2601/3510/2910 3119/3509/2909
f 2766/3517/2913 3117/3507/2907 2775/3111/2543 2496/3059/2494
f 3124/3518/2914 2777/3103/2535 2778/3102/2534 3123/3519/2915
f 2765/3520/2911 3114/3504/2904 3117/3507/2907 2766/3517/2913
f 3120/3521/2916 3121/3522/2917 3124/3518/2914 3123/3519/2915
f 3121/3522/2917 3122/3523/2918 3125/3524/2919 3124/3518/2914
f 3125/3524/2919 2776/3104/2536 2777/3103/2535 3124/3518/2914
f 2497/3052/2488 2776/3104/2536 3125/3524/2919 2597/3525/2920
f 2457/2823/2272 2578/3339/2756 3120/3526/2916 2769/3527/2921
f 2578/3339/2756 2579/3338/2755 3121/3528/2917 3120/3526/2916
f 2579/3338/2755 2580/3337/2754 3122/3529/2918 3121/3528/2917
f 2580/3337/2754 2458/3230/2652 2598/3530/2922 3122/3529/2918
f 3122/3523/2918 2598/3531/2922 2597/3525/2920 3125/3524/2919
f 2770/3532/2923 3123/3519/2915 2778/3102/2534 2498/3093/2526
f 3130/3533/2924 2780/3091/2524 2781/3090/2522 3129/3534/2925
f 2769/3535/2921 3120/3521/2916 3123/3519/2915 2770/3532/2923
f 3126/3536/2926 3127/3537/2927 3130/3533/2924 3129/3534/2925
f 3127/3537/2927 3128/3538/2928 3131/3539/2929 3130/3533/2924
f 3131/3539/2929 2779/3092/2525 2780/3091/2524 3130/3533/2924
f 2770/3532/2923 2498/3093/2526 2779/3092/2525 3131/3539/2929
f 2456/2827/2276 2575/2829/2278 3126/3540/2926 2602/3515/2912
f 2575/2829/2278 2576/2826/2275 3127/3541/2927 3126/3540/2926
f 2576/2826/2275 2577/2824/2273 3128/3542/2928 3127/3541/2927
f 2577/2824/2273 2457/2823/2272 2769/3527/2921 3128/3542/2928
f 3128/3538/2928 2769/3535/2921 2770/3532/2923 3131/3539/2929
f 2601/3510/2910 3129/3543/2925 2781/3087/2522 2499/3086/2521
f 3136/3544/2930 2783/3056/2492 2784/3053/2489 3135/3545/2931
f 2602/3516/2912 3126/3546/2926 3129/3543/2925 2601/3510/2910
f 3132/3547/2932 3133/3548/2933 3136/3544/2930 3135/3545/2931
f 3133/3548/2933 3134/3549/2934 3137/3550/2935 3136/3544/2930
f 3137/3550/2935 2782/3057/2493 2783/3056/2492 3136/3544/2930
f 2766/3517/2913 2496/3059/2494 2782/3058/2493 3137/3551/2935
f 2458/3230/2652 2581/3292/2714 3132/3552/2932 2598/3530/2922
f 2581/3292/2714 2582/3297/2719 3133/3553/2933 3132/3552/2932
f 2582/3297/2719 2583/3296/2718 3134/3554/2934 3133/3553/2933
f 2583/3296/2718 2459/3271/2693 2765/3512/2911 3134/3554/2934
f 3134/3555/2934 2765/3520/2911 2766/3517/2913 3137/3551/2935
f 2597/3525/2920 3135/3545/2931 2784/3053/2489 2497/3052/2488
f 2884/3047/2485 2887/3046/2484 2886/3060/2495 2883/3054/2490
f 2598/3531/2922 3132/3547/2932 3135/3545/2931 2597/3525/2920
f 3198/3556/2936 3199/3557/2937 3202/3558/2938 3201/3559/2939
f 3199/3557/2937 3200/3560/2940 3203/3561/2941 3202/3558/2938
f 3200/3560/2940 3146/3562/2942 3147/3563/2943 3203/3561/2941
f 3203/3561/2941 3147/3563/2943 3139/3564/2944 3148/3565/2945
f 3202/3558/2938 3203/3561/2941 3148/3565/2945 3149/3566/2946
f 3201/3559/2939 3202/3558/2938 3149/3566/2946 3150/3567/2947
f 2282/2622/2090 3201/3568/2939 3150/3569/2947 2270/2596/2066
f 2282/2622/2090 2293/2634/2101 3198/3570/2936 3201/3568/2939
f 3204/3571/2948 3205/3572/2949 3207/3573/2950 3206/3574/2068
f 2272/2599/2069 3156/2612/2081 2273/2600/2070
f 3206/3574/2068 3207/3573/2950 3208/3575/2951 2272/3576/2069
f 2270/2596/2066 3150/3569/2947 3204/3577/2948 2271/2597/2067
f 3149/3566/2946 3148/3565/2945 3205/3572/2949 3204/3571/2948
f 3148/3565/2945 3139/3564/2944 3151/3578/2952 3205/3572/2949
f 3205/3572/2949 3151/3578/2952 3152/3579/2953 3207/3573/2950
f 3207/3573/2950 3152/3579/2953 3153/3580/2954 3208/3575/2951
f 3208/3575/2951 3153/3580/2954 3138/3581/2955 3154/3582/2956
f 2272/3576/2069 3208/3575/2951 3154/3582/2956 3155/3583/2957
f 3156/3584/2081 2272/3576/2069 3155/3583/2957
f 2283/3585/2079 3209/3586/2958 3211/3587/2959 2294/3588/2091
f 3209/3586/2958 3210/3589/2960 3212/3590/2961 3211/3587/2959
f 3156/3584/2081 3155/3583/2957 3209/3586/2958 2283/3585/2079
f 3155/3583/2957 3154/3582/2956 3210/3589/2960 3209/3586/2958
f 3154/3582/2956 3138/3581/2955 3157/3591/2962 3210/3589/2960
f 3210/3589/2960 3157/3591/2962 3158/3592/2963 3212/3590/2961
f 3213/3593/2964 3214/3594/2965 3216/3595/2779 3215/3596/2966
f 3215/3596/2966 3216/3595/2779 3218/3597/2967 3217/3598/2968
f 3139/3564/2944 3147/3563/2943 3213/3593/2964 3168/3599/2969
f 3147/3563/2943 3146/3562/2942 3214/3594/2965 3213/3593/2964
f 3217/3598/2968 3218/3597/2967 3159/3600/2970 3160/3601/2971
f 3166/3602/2972 3217/3598/2968 3160/3601/2971 3140/3603/2973
f 3167/3604/2974 3215/3596/2966 3217/3598/2968 3166/3602/2972
f 3168/3599/2969 3213/3593/2964 3215/3596/2966 3167/3604/2974
f 3219/3605/2975 3220/3606/2976 3223/3607/2977 3222/3608/2978
f 3220/3606/2976 3221/3609/2979 3224/3610/2980 3223/3607/2977
f 3222/3608/2978 3223/3607/2977 3226/3611/2981 3225/3612/2982
f 3223/3607/2977 3224/3610/2980 3227/3613/2983 3226/3611/2981
f 3141/3614/2984 3163/3615/2985 3219/3605/2975 3184/3616/2986
f 3163/3615/2985 3162/3617/2987 3220/3606/2976 3219/3605/2975
f 3162/3617/2987 3161/3618/2988 3221/3609/2979 3220/3606/2976
f 3161/3618/2988 3140/3603/2973 3179/3619/2989 3221/3609/2979
f 3221/3609/2979 3179/3619/2989 3180/3620/2990 3224/3610/2980
f 3224/3610/2980 3180/3620/2990 3181/3621/2991 3227/3613/2983
f 3227/3613/2983 3181/3621/2991 3142/3622/2992 3174/3623/2993
f 3226/3611/2981 3227/3613/2983 3174/3623/2993 3175/3624/2994
f 3225/3612/2982 3226/3611/2981 3175/3624/2994 3176/3625/2995
f 3182/3626/2996 3225/3612/2982 3176/3625/2995 3143/3627/2997
f 3183/3628/2998 3222/3608/2978 3225/3612/2982 3182/3626/2996
f 3184/3616/2986 3219/3605/2975 3222/3608/2978 3183/3628/2998
f 3228/3629/2999 3229/3630/3000 3232/3631/3001 3231/3632/3002
f 3229/3630/3000 3230/3633/3003 3233/3634/3004 3232/3631/3001
f 3231/3632/3002 3232/3631/3001 3235/3635/3005 3234/3636/3006
f 3232/3631/3001 3233/3634/3004 3236/3637/3007 3235/3635/3005
f 3138/3581/2955 3153/3580/2954 3228/3629/2999 3171/3638/3008
f 3153/3580/2954 3152/3579/2953 3229/3630/3000 3228/3629/2999
f 3152/3579/2953 3151/3578/2952 3230/3633/3003 3229/3630/3000
f 3151/3578/2952 3139/3564/2944 3168/3599/2969 3230/3633/3003
f 3230/3633/3003 3168/3599/2969 3167/3604/2974 3233/3634/3004
f 3233/3634/3004 3167/3604/2974 3166/3602/2972 3236/3637/3007
f 3236/3637/3007 3166/3602/2972 3140/3603/2973 3161/3618/2988
f 3235/3635/3005 3236/3637/3007 3161/3618/2988 3162/3617/2987
f 3234/3636/3006 3235/3635/3005 3162/3617/2987 3163/3615/2985
f 3169/3639/3009 3234/3636/3006 3163/3615/2985 3141/3614/2984
f 3170/3640/3010 3231/3632/3002 3234/3636/3006 3169/3639/3009
f 3171/3638/3008 3228/3629/2999 3231/3632/3002 3170/3640/3010
f 3237/3641/3011 3238/3642/3012 3240/3643/3013 3239/3644/3014
f 3239/3644/3014 3240/3643/3013 3242/3645/3015 3241/3646/3016
f 3158/3592/2963 3157/3591/2962 3238/3642/3012 3237/3641/3011
f 3157/3591/2962 3138/3581/2955 3171/3638/3008 3238/3642/3012
f 3238/3642/3012 3171/3638/3008 3170/3640/3010 3240/3643/3013
f 3240/3643/3013 3170/3640/3010 3169/3639/3009 3242/3645/3015
f 3242/3645/3015 3169/3639/3009 3141/3614/2984 3164/3647/3017
f 3241/3646/3016 3242/3645/3015 3164/3647/3017 3165/3648/3018
f 3243/3649/3019 3244/3650/3020 3246/3651/3021 3245/3652/3022
f 3245/3652/3022 3246/3651/3021 3248/3653/3023 3247/3654/3024
f 3178/3655/3025 3177/3656/3026 3244/3650/3020 3243/3649/3019
f 3177/3656/3026 3143/3627/2997 3192/3657/3027 3244/3650/3020
f 3244/3650/3020 3192/3657/3027 3193/3658/3028 3246/3651/3021
f 3246/3651/3021 3193/3658/3028 3194/3659/3029 3248/3653/3023
f 3248/3653/3023 3194/3659/3029 3145/3660/3030 3190/3661/3031
f 3247/3654/3024 3248/3653/3023 3190/3661/3031 3191/3662/3032
f 3249/3663/3033 3250/3664/3034 3252/3665/3035 3251/3666/3036
f 3251/3666/3036 3252/3665/3035 3254/3667/3037 3253/3668/3038
f 3165/3648/3018 3164/3647/3017 3250/3664/3034 3249/3663/3033
f 3164/3647/3017 3141/3614/2984 3184/3616/2986 3250/3664/3034
f 3250/3664/3034 3184/3616/2986 3183/3628/2998 3252/3665/3035
f 3252/3665/3035 3183/3628/2998 3182/3626/2996 3254/3667/3037
f 3254/3667/3037 3182/3626/2996 3143/3627/2997 3177/3656/3026
f 3253/3668/3038 3254/3667/3037 3177/3656/3026 3178/3655/3025
f 3255/3669/3039 3256/3670/3040 3258/3671/3041 3257/3672/3042
f 3257/3672/3042 3258/3671/3041 3260/3673/3043 3259/3674/3044
f 3140/3603/2973 3160/3601/2971 3255/3669/3039 3179/3619/2989
f 3160/3601/2971 3159/3600/2970 3256/3670/3040 3255/3669/3039
f 3259/3674/3044 3260/3673/3043 3172/3675/3045 3173/3676/3046
f 3181/3621/2991 3259/3674/3044 3173/3676/3046 3142/3622/2992
f 3180/3620/2990 3257/3672/3042 3259/3674/3044 3181/3621/2991
f 3179/3619/2989 3255/3669/3039 3257/3672/3042 3180/3620/2990
f 3261/3677/3047 3262/3678/3048 3264/3679/3049 3263/3680/3050
f 3263/3680/3050 3264/3679/3049 3266/3681/3051 3265/3682/3052
f 3144/3683/3053 3186/3684/3054 3261/3677/3047 3187/3685/3055
f 3186/3684/3054 3185/3686/3056 3262/3678/3048 3261/3677/3047
f 3265/3682/3052 3266/3681/3051 3191/3662/3032 3190/3661/3031
f 3189/3687/3057 3265/3682/3052 3190/3661/3031 3145/3660/3030
f 3188/3688/3058 3263/3680/3050 3265/3682/3052 3189/3687/3057
f 3187/3685/3055 3261/3677/3047 3263/3680/3050 3188/3688/3058
f 3267/3689/3059 3268/3690/3060 3270/3691/3061 3269/3692/3062
f 3269/3692/3062 3270/3691/3061 3272/3693/3063 3271/3694/3064
f 3142/3622/2992 3173/3676/3046 3267/3689/3059 3197/3695/3065
f 3173/3676/3046 3172/3675/3045 3268/3690/3060 3267/3689/3059
f 3271/3694/3064 3272/3693/3063 3185/3686/3056 3186/3684/3054
f 3195/3696/3066 3271/3694/3064 3186/3684/3054 3144/3683/3053
f 3196/3697/3067 3269/3692/3062 3271/3694/3064 3195/3696/3066
f 3197/3695/3065 3267/3689/3059 3269/3692/3062 3196/3697/3067
f 3273/3698/3068 3274/3699/3069 3277/3700/3070 3276/3701/3071
f 3274/3699/3069 3275/3702/3072 3278/3703/3073 3277/3700/3070
f 3276/3701/3071 3277/3700/3070 3280/3704/3074 3279/3705/3075
f 3277/3700/3070 3278/3703/3073 3281/3706/3076 3280/3704/3074
f 3143/3627/2997 3176/3625/2995 3273/3698/3068 3192/3657/3027
f 3176/3625/2995 3175/3624/2994 3274/3699/3069 3273/3698/3068
f 3175/3624/2994 3174/3623/2993 3275/3702/3072 3274/3699/3069
f 3174/3623/2993 3142/3622/2992 3197/3695/3065 3275/3702/3072
f 3275/3702/3072 3197/3695/3065 3196/3697/3067 3278/3703/3073
f 3278/3703/3073 3196/3697/3067 3195/3696/3066 3281/3706/3076
f 3281/3706/3076 3195/3696/3066 3144/3683/3053 3187/3685/3055
f 3280/3704/3074 3281/3706/3076 3187/3685/3055 3188/3688/3058
f 3279/3705/3075 3280/3704/3074 3188/3688/3058 3189/3687/3057
f 3194/3659/3029 3279/3705/3075 3189/3687/3057 3145/3660/3030
f 3193/3658/3028 3276/3701/3071 3279/3705/3075 3194/3659/3029
f 3192/3657/3027 3273/3698/3068 3276/3701/3071 3193/3658/3028
f 3206/2598/2068 2271/2597/2067 3204/3577/2948
f 3206/2598/2068 2272/2599/2069 2260/2585/2056 2259/2584/2055
f 3204/3571/2948 3150/3567/2947 3149/3566/2946
f 3118/3506/2906 2774/3112/2544 2775/3111/2543 3117/3507/2907
f 2636/2802/2252 2635/2801/2251 2951/3195/2622 2950/3202/2629
f 3282/3707/1959 3283/3708/3077 3295/3709/3078 3294/3710/3079
f 3283/3708/3077 3284/3711/3080 3296/3712/3081 3295/3709/3078
f 3284/3711/3080 3285/3713/3082 3297/3714/3083 3296/3712/3081
f 3285/3713/3082 3286/3715/3084 3298/3716/3085 3297/3714/3083
f 3286/3715/3084 3287/3717/3086 3299/3718/3087 3298/3716/3085
f 3287/3717/3086 3288/3719/1946 3300/3720/3088 3299/3718/3087
f 3288/3721/1946 3289/3722/3089 3301/3723/3090 3300/3724/3088
f 3289/3722/3089 3290/3725/3091 3302/3726/3092 3301/3723/3090
f 3290/3725/3091 3291/3727/3093 3303/3728/3094 3302/3726/3092
f 3291/3727/3093 3292/3729/3095 3304/3730/3096 3303/3728/3094
f 3292/3729/3095 3293/3731/3097 3305/3732/3098 3304/3730/3096
f 3293/3731/3097 3282/3707/1959 3294/3710/3079 3305/3732/3098
f 3294/3710/3079 3295/3709/3078 3307/3733/3099 3306/3734/3100
f 3295/3709/3078 3296/3712/3081 3308/3735/3101 3307/3733/3099
f 3296/3712/3081 3297/3714/3083 3309/3736/3102 3308/3735/3101
f 3297/3714/3083 3298/3716/3085 3310/3737/3103 3309/3736/3102
f 3298/3716/3085 3299/3718/3087 3311/3738/3104 3310/3737/3103
f 3299/3718/3087 3300/3720/3088 3312/3739/3105 3311/3738/3104
f 3300/3724/3088 3301/3723/3090 3313/3740/3106 3312/3741/3105
f 3301/3723/3090 3302/3726/3092 3314/3742/3107 3313/3740/3106
f 3302/3726/3092 3303/3728/3094 3315/3743/3108 3314/3742/3107
f 3303/3728/3094 3304/3730/3096 3316/3744/3109 3315/3743/3108
f 3304/3730/3096 3305/3732/3098 3317/3745/3110 3316/3744/3109
f 3305/3732/3098 3294/3710/3079 3306/3734/3100 3317/3745/3110
f 3306/3734/3100 3307/3733/3099 3319/3746/3111 3318/3747/3112
f 3307/3733/3099 3308/3735/3101 3320/3748/3113 3319/3746/3111
f 3308/3735/3101 3309/3736/3102 3321/3749/3114 3320/3748/3113
f 3309/3736/3102 3310/3737/3103 3322/3750/3115 3321/3749/3114
f 3310/3737/3103 3311/3738/3104 3323/3751/3116 3322/3750/3115
f 3311/3738/3104 3312/3739/3105 3324/3752/3117 3323/3751/3116
f 3312/3741/3105 3313/3740/3106 3325/3753/3118 3324/3754/3117
f 3313/3740/3106 3314/3742/3107 3326/3755/3119 3325/3753/3118
f 3314/3742/3107 3315/3743/3108 3327/3756/3120 3326/3755/3119
f 3315/3743/3108 3316/3744/3109 3328/3757/3121 3327/3756/3120
f 3316/3744/3109 3317/3745/3110 3329/3758/3122 3328/3757/3121
f 3317/3745/3110 3306/3734/3100 3318/3747/3112 3329/3758/3122
f 3318/3747/3112 3319/3746/3111 3331/3759/3123 3330/3760/3124
f 3319/3746/3111 3320/3748/3113 3332/3761/3125 3331/3759/3123
f 3320/3748/3113 3321/3749/3114 3333/3762/3126 3332/3761/3125
f 3321/3749/3114 3322/3750/3115 3334/3763/3127 3333/3762/3126
f 3322/3750/3115 3323/3751/3116 3335/3764/3128 3334/3763/3127
f 3323/3751/3116 3324/3752/3117 3336/3765/3129 3335/3764/3128
f 3324/3754/3117 3325/3753/3118 3337/3766/3130 3336/3767/3129
f 3325/3753/3118 3326/3755/3119 3338/3768/3131 3337/3766/3130
f 3326/3755/3119 3327/3756/3120 3339/3769/3132 3338/3768/3131
f 3327/3756/3120 3328/3757/3121 3340/3770/3133 3339/3769/3132
f 3328/3757/3121 3329/3758/3122 3341/3771/3134 3340/3770/3133
f 3329/3758/3122 3318/3747/3112 3330/3760/3124 3341/3771/3134
f 3330/3760/3124 3331/3759/3123 3343/3772/3135 3342/3773/3136
f 3331/3759/3123 3332/3761/3125 3344/3774/3137 3343/3772/3135
f 3332/3761/3125 3333/3762/3126 3345/3775/3138 3344/3774/3137
f 3333/3762/3126 3334/3763/3127 3346/3776/3139 3345/3775/3138
f 3334/3763/3127 3335/3764/3128 3347/3777/3140 3346/3776/3139
f 3335/3764/3128 3336/3765/3129 3348/3778/3141 3347/3777/3140
f 3336/3767/3129 3337/3766/3130 3349/3779/3142 3348/3780/3141
f 3337/3766/3130 3338/3768/3131 3350/3781/3143 3349/3779/3142
f 3338/3768/3131 3339/3769/3132 3351/3782/3144 3350/3781/3143
f 3339/3769/3132 3340/3770/3133 3352/3783/3145 3351/3782/3144
f 3340/3770/3133 3341/3771/3134 3353/3784/3146 3352/3783/3145
f 3341/3771/3134 3330/3760/3124 3342/3773/3136 3353/3784/3146
f 3342/3773/3136 3343/3772/3135 3355/3785/3147 3354/3786/3148
f 3343/3772/3135 3344/3774/3137 3356/3787/3149 3355/3785/3147
f 3344/3774/3137 3345/3775/3138 3357/3788/3150 3356/3787/3149
f 3345/3775/3138 3346/3776/3139 3358/3789/3151 3357/3788/3150
f 3346/3776/3139 3347/3777/3140 3359/3790/3152 3358/3789/3151
f 3347/3777/3140 3348/3778/3141 3360/3791/3153 3359/3790/3152
f 3348/3780/3141 3349/3779/3142 3361/3792/3154 3360/3793/3153
f 3349/3779/3142 3350/3781/3143 3362/3794/3155 3361/3792/3154
f 3350/3781/3143 3351/3782/3144 3363/3795/3156 3362/3794/3155
f 3351/3782/3144 3352/3783/3145 3364/3796/3157 3363/3795/3156
f 3352/3783/3145 3353/3784/3146 3365/3797/3158 3364/3796/3157
f 3353/3784/3146 3342/3773/3136 3354/3786/3148 3365/3797/3158
f 3354/3786/3148 3355/3785/3147 3367/3798/3159 3366/3799/3160
f 3355/3785/3147 3356/3787/3149 3368/3800/3161 3367/3798/3159
f 3356/3787/3149 3357/3788/3150 3369/3801/3162 3368/3800/3161
f 3357/3788/3150 3358/3789/3151 3370/3802/3163 3369/3801/3162
f 3358/3789/3151 3359/3790/3152 3371/3803/3164 3370/3802/3163
f 3359/3790/3152 3360/3791/3153 3372/3804/3165 3371/3803/3164
f 3360/3793/3153 3361/3792/3154 3373/3805/3166 3372/3806/3165
f 3361/3792/3154 3362/3794/3155 3374/3807/3167 3373/3805/3166
f 3362/3794/3155 3363/3795/3156 3375/3808/3168 3374/3807/3167
f 3363/3795/3156 3364/3796/3157 3376/3809/3169 3375/3808/3168
f 3364/3796/3157 3365/3797/3158 3377/3810/3170 3376/3809/3169
f 3365/3797/3158 3354/3786/3148 3366/3799/3160 3377/3810/3170
f 3366/3799/3160 3367/3798/3159 3379/3811/3171 3378/3812/3172
f 3367/3798/3159 3368/3800/3161 3380/3813/3173 3379/3811/3171
f 3368/3800/3161 3369/3801/3162 3381/3814/3174 3380/3813/3173
f 3369/3801/3162 3370/3802/3163 3382/3815/3175 3381/3814/3174
f 3370/3802/3163 3371/3803/3164 3383/3816/3176 3382/3815/3175
f 3371/3803/3164 3372/3804/3165 3384/3817/3177 3383/3816/3176
f 3372/3806/3165 3373/3805/3166 3385/3818/3178 3384/3819/3177
f 3373/3805/3166 3374/3807/3167 3386/3820/3179 3385/3818/3178
f 3374/3807/3167 3375/3808/3168 3387/3821/3180 3386/3820/3179
f 3375/3808/3168 3376/3809/3169 3388/3822/3181 3387/3821/3180
f 3376/3809/3169 3377/3810/3170 3389/3823/3182 3388/3822/3181
f 3377/3810/3170 3366/3799/3160 3378/3812/3172 3389/3823/3182
f 3378/3812/3172 3379/3811/3171 3391/3824/3183 3390/3825/3184
f 3379/3811/3171 3380/3813/3173 3392/3826/3185 3391/3824/3183
f 3380/3813/3173 3381/3814/3174 3393/3827/3186 3392/3826/3185
f 3381/3814/3174 3382/3815/3175 3394/3828/3187 3393/3827/3186
f 3382/3815/3175 3383/3816/3176 3395/3829/3188 3394/3828/3187
f 3383/3816/3176 3384/3817/3177 3396/3830/3189 3395/3829/3188
f 3384/3819/3177 3385/3818/3178 3397/3831/3190 3396/3832/3189
f 3385/3818/3178 3386/3820/3179 3398/3833/3191 3397/3831/3190
f 3386/3820/3179 3387/3821/3180 3399/3834/3192 3398/3833/3191
f 3387/3821/3180 3388/3822/3181 3400/3835/3193 3399/3834/3192
f 3388/3822/3181 3389/3823/3182 3401/3836/3194 3400/3835/3193
f 3389/3823/3182 3378/3812/3172 3390/3825/3184 3401/3836/3194
f 3390/3825/3184 3391/3824/3183 3403/3837/3195 3402/3838/3196
f 3391/3824/3183 4225/3839/3197 3403/3837/3195
f 3392/3826/3185 3393/3827/3186 3405/3840/3198 3404/3841/3199
f 3393/3827/3186 3394/3828/3187 3406/3842/3200 3405/3840/3198
f 3394/3828/3187 3395/3829/3188 3407/3843/3201 3406/3842/3200
f 3395/3829/3188 3396/3830/3189 3408/3844/3202 3407/3843/3201
f 3396/3832/3189 3397/3831/3190 3409/3845/3203 3408/3846/3202
f 3397/3831/3190 3398/3833/3191 3410/3847/3204 3409/3845/3203
f 3398/3833/3191 3399/3834/3192 3411/3848/3205 3410/3847/3204
f 3399/3834/3192 3400/3835/3193 3412/3849/3206 3411/3848/3205
f 3400/3835/3193 3401/3836/3194 3413/3850/3207 3412/3849/3206
f 3401/3836/3194 3390/3825/3184 3402/3838/3196 3413/3850/3207
f 3415/3851/3208 4185/3852/3209 3405/3840/3198 3416/3853/3210
f 3405/3840/3198 3406/3842/3200 3417/3854/3211 3416/3853/3210
f 3406/3842/3200 3407/3843/3201 3418/3855/3212 3417/3854/3211
f 3407/3843/3201 3408/3844/3202 3419/3856/3213 3418/3855/3212
f 3408/3846/3202 3409/3845/3203 3420/3857/3214 3419/3858/3213
f 3409/3845/3203 3410/3847/3204 3421/3859/3215 3420/3857/3214
f 3410/3847/3204 3411/3848/3205 3422/3860/3216 3421/3859/3215
f 3411/3848/3205 3412/3849/3206 3423/3861/3217 3422/3860/3216
f 3412/3849/3206 3413/3850/3207 3424/3862/3218 3423/3861/3217
f 3413/3850/3207 3402/3838/3196 3414/3863/3219 3424/3862/3218
f 3415/3851/3208 3416/3853/3210 2295/2624/2092 2294/2623/2091
f 3416/3853/3210 3417/3854/3211 2296/2625/2093 2295/2624/2092
f 3417/3854/3211 3418/3855/3212 2297/2626/2094 2296/2625/2093
f 3418/3855/3212 3419/3856/3213 2298/2627/2095 2297/2626/2094
f 3419/3858/3213 3420/3857/3214 2299/2629/2096 2298/2628/2095
f 3420/3857/3214 3421/3859/3215 2300/2630/2097 2299/2629/2096
f 3421/3859/3215 3422/3860/3216 2301/2631/2098 2300/2630/2097
f 3422/3860/3216 3423/3861/3217 2302/2632/2099 2301/2631/2098
f 3423/3861/3217 3424/3862/3218 2303/2633/2100 2302/2632/2099
f 3424/3862/3218 3414/3863/3219 2293/2634/2101 2303/2633/2100
f 2304/2635/2102 2305/2638/2105 3426/3864/3220 3425/3865/3221
f 3436/3866/3222 3601/3867/3223 3437/3868/3224
f 2306/2642/2109 2307/2645/2112 3428/3869/3225 3427/3870/3226
f 2307/2645/2112 2308/2647/2114 3429/3871/3227 3428/3869/3225
f 2308/2648/2114 2309/2651/2116 3430/3872/3228 3429/3873/3227
f 2309/2651/2116 2310/2653/2118 3431/3874/3229 3430/3872/3228
f 2310/2653/2118 2311/2655/2120 3432/3875/3230 3431/3874/3229
f 2311/2655/2120 2312/2657/2122 3433/3876/3231 3432/3875/3230
f 2312/2657/2122 2313/2659/2124 3434/3877/3232 3433/3876/3231
f 2313/2659/2124 2304/2635/2102 3425/3865/3221 3434/3877/3232
f 3425/3865/3221 3426/3864/3220 3436/3878/3222 3435/3879/3233
f 3427/3870/3226 3428/3869/3225 3439/3880/3234 3438/3881/3235
f 3428/3869/3225 3429/3871/3227 3440/3882/3236 3439/3880/3234
f 3429/3873/3227 3430/3872/3228 3441/3883/3237 3440/3884/3236
f 3430/3872/3228 3431/3874/3229 3442/3885/3238 3441/3883/3237
f 3431/3874/3229 3432/3875/3230 3443/3886/3239 3442/3885/3238
f 3432/3875/3230 3433/3876/3231 3444/3887/3240 3443/3886/3239
f 3433/3876/3231 3434/3877/3232 3445/3888/3241 3444/3887/3240
f 3434/3877/3232 3425/3865/3221 3435/3879/3233 3445/3888/3241
f 3435/3879/3233 3436/3878/3222 3447/3889/3242 3446/3890/3243
f 3436/3878/3222 3437/3891/3224 3448/3892/3244 3447/3889/3242
f 3450/3893/3245 3449/3894/3246 3857/3895/3247
f 3448/3892/3244 3437/3891/3224 3449/3896/3246
f 3438/3881/3235 3439/3880/3234 3451/3897/3248 3450/3898/3245
f 3439/3880/3234 3440/3882/3236 3452/3899/3249 3451/3897/3248
f 3440/3884/3236 3441/3883/3237 3453/3900/3250 3452/3901/3249
f 3441/3883/3237 3442/3885/3238 3454/3902/3251 3453/3900/3250
f 3442/3885/3238 3443/3886/3239 3455/3903/3252 3454/3902/3251
f 3443/3886/3239 3444/3887/3240 3456/3904/3253 3455/3903/3252
f 3444/3887/3240 3445/3888/3241 3457/3905/3254 3456/3904/3253
f 3445/3888/3241 3435/3879/3233 3446/3890/3243 3457/3905/3254
f 3446/3890/3243 3447/3889/3242 3459/3906/3255 3458/3907/3256
f 3447/3889/3242 3448/3892/3244 3460/3908/3257 3459/3906/3255
f 3448/3892/3244 3449/3896/3246 3461/3909/3258 3460/3908/3257
f 3449/3896/3246 3450/3898/3245 3462/3910/3259 3461/3909/3258
f 3450/3898/3245 3451/3897/3248 3463/3911/3260 3462/3910/3259
f 3451/3897/3248 3452/3899/3249 3464/3912/3261 3463/3911/3260
f 3452/3901/3249 3453/3900/3250 3465/3913/3262 3464/3914/3261
f 3453/3900/3250 3454/3902/3251 3466/3915/3263 3465/3913/3262
f 3454/3902/3251 3455/3903/3252 3467/3916/3264 3466/3915/3263
f 3455/3903/3252 3456/3904/3253 3468/3917/3265 3467/3916/3264
f 3456/3904/3253 3457/3905/3254 3469/3918/3266 3468/3917/3265
f 3457/3905/3254 3446/3890/3243 3458/3907/3256 3469/3918/3266
f 3458/3907/3256 3459/3906/3255 3471/3919/3267 3470/3920/3268
f 3459/3906/3255 3460/3908/3257 3472/3921/3269 3471/3919/3267
f 3460/3908/3257 3461/3909/3258 3473/3922/3270 3472/3921/3269
f 3461/3909/3258 3462/3910/3259 3474/3923/3271 3473/3922/3270
f 3462/3910/3259 3463/3911/3260 3475/3924/3272 3474/3923/3271
f 3463/3911/3260 3464/3912/3261 3476/3925/3273 3475/3924/3272
f 3464/3914/3261 3465/3913/3262 3477/3926/3274 3476/3927/3273
f 3465/3913/3262 3466/3915/3263 3478/3928/3275 3477/3926/3274
f 3466/3915/3263 3467/3916/3264 3479/3929/3276 3478/3928/3275
f 3467/3916/3264 3468/3917/3265 3480/3930/3277 3479/3929/3276
f 3468/3917/3265 3469/3918/3266 3481/3931/3278 3480/3930/3277
f 3469/3918/3266 3458/3907/3256 3470/3920/3268 3481/3931/3278
f 3470/3920/3268 3471/3919/3267 3483/3932/3279 3482/3933/3280
f 3471/3919/3267 3472/3921/3269 3484/3934/3281 3483/3932/3279
f 3472/3921/3269 3473/3922/3270 3485/3935/3282 3484/3934/3281
f 3473/3922/3270 3474/3923/3271 3486/3936/3283 3485/3935/3282
f 3474/3923/3271 3475/3924/3272 3487/3937/3284 3486/3936/3283
f 3475/3924/3272 3476/3925/3273 3488/3938/3285 3487/3937/3284
f 3476/3927/3273 3477/3926/3274 3489/3939/3286 3488/3940/3285
f 3477/3926/3274 3478/3928/3275 3490/3941/3287 3489/3939/3286
f 3478/3928/3275 3479/3929/3276 3491/3942/3288 3490/3941/3287
f 3479/3929/3276 3480/3930/3277 3492/3943/3289 3491/3942/3288
f 3480/3930/3277 3481/3931/3278 3493/3944/3290 3492/3943/3289
f 3481/3931/3278 3470/3920/3268 3482/3933/3280 3493/3944/3290
f 3482/3933/3280 3483/3932/3279 3495/3945/3291 3494/3946/3292
f 3483/3932/3279 3484/3934/3281 3496/3947/3293 3495/3945/3291
f 3484/3934/3281 3485/3935/3282 3497/3948/3294 3496/3947/3293
f 3485/3935/3282 3486/3936/3283 3498/3949/3295 3497/3948/3294
f 3486/3936/3283 3487/3937/3284 3499/3950/3296 3498/3949/3295
f 3487/3937/3284 3488/3938/3285 3500/3951/3297 3499/3950/3296
f 3488/3940/3285 3489/3939/3286 3501/3952/3298 3500/3953/3297
f 3489/3939/3286 3490/3941/3287 3502/3954/3299 3501/3952/3298
f 3490/3941/3287 3491/3942/3288 3503/3955/3300 3502/3954/3299
f 3491/3942/3288 3492/3943/3289 3504/3956/3301 3503/3955/3300
f 3492/3943/3289 3493/3944/3290 3505/3957/3302 3504/3956/3301
f 3493/3944/3290 3482/3933/3280 3494/3946/3292 3505/3957/3302
f 3494/3946/3292 3495/3945/3291 3507/3958/3303 3506/3959/3304
f 3495/3945/3291 3496/3947/3293 3508/3960/3305 3507/3958/3303
f 3496/3947/3293 3497/3948/3294 3509/3961/3306 3508/3960/3305
f 3497/3948/3294 3498/3949/3295 3510/3962/3307 3509/3961/3306
f 3498/3949/3295 3499/3950/3296 3511/3963/3308 3510/3962/3307
f 3499/3950/3296 3500/3951/3297 3512/3964/3309 3511/3963/3308
f 3500/3953/3297 3501/3952/3298 3513/3965/3310 3512/3966/3309
f 3501/3952/3298 3502/3954/3299 3514/3967/3311 3513/3965/3310
f 3502/3954/3299 3503/3955/3300 3515/3968/3312 3514/3967/3311
f 3503/3955/3300 3504/3956/3301 3516/3969/3313 3515/3968/3312
f 3504/3956/3301 3505/3957/3302 3517/3970/3314 3516/3969/3313
f 3505/3957/3302 3494/3946/3292 3506/3959/3304 3517/3970/3314
f 3506/3959/3304 3507/3958/3303 3519/3971/3315 3518/3972/3316
f 3507/3958/3303 3508/3960/3305 3520/3973/3317 3519/3971/3315
f 3508/3960/3305 3509/3961/3306 3521/3974/3318 3520/3973/3317
f 3509/3961/3306 3510/3962/3307 3522/3975/3319 3521/3974/3318
f 3510/3962/3307 3511/3963/3308 3523/3976/3320 3522/3975/3319
f 3511/3963/3308 3512/3964/3309 3524/3977/3321 3523/3976/3320
f 3512/3966/3309 3513/3965/3310 3525/3978/3322 3524/3979/3321
f 3513/3965/3310 3514/3967/3311 3526/3980/3323 3525/3978/3322
f 3514/3967/3311 3515/3968/3312 3527/3981/3324 3526/3980/3323
f 3515/3968/3312 3516/3969/3313 3528/3982/3325 3527/3981/3324
f 3516/3969/3313 3517/3970/3314 3529/3983/3326 3528/3982/3325
f 3517/3970/3314 3506/3959/3304 3518/3972/3316 3529/3983/3326
f 3518/3972/3316 3519/3971/3315 3531/3984/3327 3530/3985/3328
f 3519/3971/3315 3520/3973/3317 3532/3986/3329 3531/3984/3327
f 3520/3973/3317 3521/3974/3318 3533/3987/3330 3532/3986/3329
f 3521/3974/3318 3522/3975/3319 3534/3988/3331 3533/3987/3330
f 3522/3975/3319 3523/3976/3320 3535/3989/3332 3534/3988/3331
f 3523/3976/3320 3524/3977/3321 3536/3990/3333 3535/3989/3332
f 3524/3979/3321 3525/3978/3322 3537/3991/3334 3536/3992/3333
f 3525/3978/3322 3526/3980/3323 3538/3993/3335 3537/3991/3334
f 3526/3980/3323 3527/3981/3324 3539/3994/3336 3538/3993/3335
f 3527/3981/3324 3528/3982/3325 3540/3995/3337 3539/3994/3336
f 3528/3982/3325 3529/3983/3326 3541/3996/3338 3540/3995/3337
f 3529/3983/3326 3518/3972/3316 3530/3985/3328 3541/3996/3338
f 3530/3985/3328 3531/3984/3327 3543/3997/3339 3542/3998/3340
f 3531/3984/3327 3532/3986/3329 3544/3999/3341 3543/3997/3339
f 3532/3986/3329 3533/3987/3330 3545/4000/3342 3544/3999/3341
f 3533/3987/3330 3534/3988/3331 3546/4001/3343 3545/4000/3342
f 3534/3988/3331 3535/3989/3332 3547/4002/3344 3546/4001/3343
f 3535/3989/3332 3536/3990/3333 3548/4003/3345 3547/4002/3344
f 3536/3992/3333 3537/3991/3334 3549/4004/3346 3548/4005/3345
f 3537/3991/3334 3538/3993/3335 3550/4006/3347 3549/4004/3346
f 3538/3993/3335 3539/3994/3336 3551/4007/3348 3550/4006/3347
f 3539/3994/3336 3540/3995/3337 3552/4008/3349 3551/4007/3348
f 3540/3995/3337 3541/3996/3338 3553/4009/3350 3552/4008/3349
f 3541/3996/3338 3530/3985/3328 3542/3998/3340 3553/4009/3350
f 3542/3998/3340 3543/3997/3339 3283/3708/3077 3282/3707/1959
f 3543/3997/3339 3544/3999/3341 3284/3711/3080 3283/3708/3077
f 3544/3999/3341 3545/4000/3342 3285/3713/3082 3284/3711/3080
f 3545/4000/3342 3546/4001/3343 3286/3715/3084 3285/3713/3082
f 3546/4001/3343 3547/4002/3344 3287/3717/3086 3286/3715/3084
f 3547/4002/3344 3548/4003/3345 3288/3719/1946 3287/3717/3086
f 3548/4005/3345 3549/4004/3346 3289/3722/3089 3288/3721/1946
f 3549/4004/3346 3550/4006/3347 3290/3725/3091 3289/3722/3089
f 3550/4006/3347 3551/4007/3348 3291/3727/3093 3290/3725/3091
f 3551/4007/3348 3552/4008/3349 3292/3729/3095 3291/3727/3093
f 3552/4008/3349 3553/4009/3350 3293/3731/3097 3292/3729/3095
f 3553/4009/3350 3542/3998/3340 3282/3707/1959 3293/3731/3097
f 3449/3894/3246 3437/3868/3224 3816/4010/3351 3660/4011/3352
f 3660/4011/3352 3816/4010/3351 3817/4012/3353 3815/4013/3354
f 3816/4010/3351 3818/4014/3355 3817/4012/3353
f 3660/4015/3352 3815/4013/3354 3659/4016/3356
f 3659/4016/3356 3815/4013/3354 3695/4017/3357 3573/4018/3358
f 3815/4013/3354 3817/4012/3353 3696/4019/3359 3695/4017/3357
f 3817/4012/3353 3818/4014/3355 3697/4020/3360 3696/4019/3359
f 3818/4014/3355 3599/4021/3361 3572/4022/3362 3697/4020/3360
f 3816/4023/3351 3600/4024/3363 3599/4021/3361 3818/4014/3355
f 3437/3868/3224 3601/3867/3223 3600/4024/3363 3816/4023/3351
f 3820/4025/3364 3829/4026/3365 3819/4027/3366 3821/4028/3367
f 3822/4029/3368 3821/4028/3367 3819/4027/3366 3823/4030/3369
f 3824/4031/3370 3823/4030/3369 3819/4027/3366 3825/4032/3371
f 3826/4033/3372 3825/4032/3371 3819/4027/3366 3827/4034/3373
f 3828/4035/3374 3827/4034/3373 3819/4027/3366 3829/4026/3365
f 3554/4036/3375 3613/4037/3376 3820/4025/3364 3663/4038/3377
f 3663/4038/3377 3820/4025/3364 3821/4028/3367 3662/4039/3378
f 3613/4037/3376 3612/4040/3379 3829/4026/3365 3820/4025/3364
f 3562/4041/3380 3661/4042/3381 3822/4029/3368 3646/4043/3382
f 3646/4043/3382 3822/4029/3368 3823/4030/3369 3645/4044/3383
f 3661/4042/3381 3662/4039/3378 3821/4028/3367 3822/4029/3368
f 3561/4045/3384 3644/4046/3385 3824/4031/3370 3655/4047/3386
f 3655/4047/3386 3824/4031/3370 3825/4032/3371 3654/4048/3387
f 3644/4046/3385 3645/4044/3383 3823/4030/3369 3824/4031/3370
f 3558/4049/3388 3653/4050/3389 3826/4033/3372 3629/4051/3390
f 3629/4051/3390 3826/4033/3372 3827/4034/3373 3630/4052/3391
f 3653/4050/3389 3654/4048/3387 3825/4032/3371 3826/4033/3372
f 3559/4053/3392 3631/4054/3393 3828/4035/3374 3611/4055/3394
f 3611/4055/3394 3828/4035/3374 3829/4026/3365 3612/4040/3379
f 3631/4054/3393 3630/4052/3391 3827/4034/3373 3828/4035/3374
f 3830/4056/3395 3833/4057/3396 3834/4058/3397 3831/4059/3398
f 3831/4059/3398 3834/4058/3397 3835/4060/3399 3832/4061/3400
f 3833/4057/3396 3836/4062/3401 3837/4063/3402 3834/4058/3397
f 3834/4058/3397 3837/4063/3402 3838/4064/3403 3835/4060/3399
f 3579/4065/3404 3748/4066/3405 3830/4056/3395 3754/4067/3406
f 3754/4067/3406 3830/4056/3395 3831/4059/3398 3753/4068/3407
f 3753/4068/3407 3831/4059/3398 3832/4061/3400 3752/4069/3408
f 3752/4069/3408 3832/4061/3400 3608/4070/3409 3578/4071/3410
f 3832/4061/3400 3835/4060/3399 3609/4072/3411 3608/4070/3409
f 3835/4060/3399 3838/4064/3403 3610/4073/3412 3609/4072/3411
f 3838/4064/3403 3605/4074/3413 3556/4075/3414 3610/4073/3412
f 3837/4063/3402 3606/4076/3415 3605/4074/3413 3838/4064/3403
f 3836/4062/3401 3607/4077/3416 3606/4076/3415 3837/4063/3402
f 3746/4078/3417 3557/4079/3418 3607/4077/3416 3836/4062/3401
f 3747/4080/3419 3746/4078/3417 3836/4062/3401 3833/4057/3396
f 3748/4066/3405 3747/4080/3419 3833/4057/3396 3830/4056/3395
f 3839/4081/3420 3842/4082/3421 3843/4083/3422 3840/4084/3423
f 3840/4084/3423 3843/4083/3422 3844/4085/3424 3841/4086/3425
f 3842/4082/3421 3845/4087/3426 3846/4088/3427 3843/4083/3422
f 3843/4083/3422 3846/4088/3427 3847/4089/3428 3844/4085/3424
f 2480/2872/2321 2530/2874/2323 3839/4081/3420 3751/4090/3429
f 3751/4090/3429 3839/4081/3420 3840/4084/3423 3750/4091/3430
f 3750/4091/3430 3840/4084/3423 3841/4086/3425 3749/4092/3431
f 3749/4092/3431 3841/4086/3425 3748/4066/3405 3579/4065/3404
f 3841/4086/3425 3844/4085/3424 3747/4080/3419 3748/4066/3405
f 3844/4085/3424 3847/4089/3428 3746/4078/3417 3747/4080/3419
f 3847/4089/3428 3617/4093/3432 3557/4079/3418 3746/4078/3417
f 3846/4088/3427 3618/4094/3433 3617/4093/3432 3847/4089/3428
f 3845/4087/3426 3619/4095/3434 3618/4094/3433 3846/4088/3427
f 2532/2880/2329 2449/2881/2330 3619/4095/3434 3845/4087/3426
f 2531/2882/2331 2532/2880/2329 3845/4087/3426 3842/4082/3421
f 2530/2874/2323 2531/2882/2331 3842/4082/3421 3839/4081/3420
f 3849/4096/3435 3858/4097/3436 3848/4098/3437 3850/4099/3438
f 3851/4100/3439 3850/4099/3438 3848/4098/3437 3852/4101/3440
f 3853/4102/3441 3852/4101/3440 3848/4098/3437 3854/4103/3442
f 3855/4104/3443 3854/4103/3442 3848/4098/3437 3856/4105/3444
f 3857/3895/3247 3856/4105/3444 3848/4098/3437 3858/4097/3436
f 2306/2893/2109 3427/4106/3226 3849/4096/3435 2541/2894/2342
f 2541/2894/2342 3849/4096/3435 3850/4099/3438 2540/2896/2343
f 3427/4106/3226 3438/4107/3235 3858/4097/3436 3849/4096/3435
f 2466/2898/2344 2539/2900/2346 3851/4100/3439 3692/4108/3445
f 3692/4108/3445 3851/4100/3439 3852/4101/3440 3691/4109/3446
f 2539/2900/2346 2540/2896/2343 3850/4099/3438 3851/4100/3439
f 3571/4110/3447 3690/4111/3448 3853/4102/3441 3698/4112/3449
f 3698/4112/3449 3853/4102/3441 3854/4103/3442 3699/4113/3450
f 3690/4111/3448 3691/4109/3446 3852/4101/3440 3853/4102/3441
f 3573/4018/3358 3700/4114/3451 3855/4104/3443 3659/4016/3356
f 3659/4016/3356 3855/4104/3443 3856/4105/3444 3660/4015/3352
f 3700/4114/3451 3699/4113/3450 3854/4103/3442 3855/4104/3443
f 3450/3893/3245 3857/3895/3247 3858/4097/3436 3438/4107/3235
f 3449/3894/3246 3660/4015/3352 3856/4105/3444 3857/3895/3247
f 3859/4115/3452 3862/4116/3453 3863/4117/3454 3860/4118/3455
f 3860/4118/3455 3863/4117/3454 3864/4119/3456 3861/4120/3457
f 3862/4116/3453 3865/4121/3458 3866/4122/3459 3863/4117/3454
f 3863/4117/3454 3866/4122/3459 3867/4123/3460 3864/4119/3456
f 3556/4075/3414 3605/4074/3413 3859/4115/3452 3604/4124/3461
f 3604/4124/3461 3859/4115/3452 3860/4118/3455 3603/4125/3462
f 3603/4125/3462 3860/4118/3455 3861/4120/3457 3602/4126/3463
f 3602/4126/3463 3861/4120/3457 2533/2920/2366 2448/2919/2365
f 3861/4120/3457 3864/4119/3456 2534/2921/2367 2533/2920/2366
f 3864/4119/3456 3867/4123/3460 2535/2922/2368 2534/2921/2367
f 3867/4123/3460 3619/4095/3434 2449/2881/2330 2535/2922/2368
f 3866/4122/3459 3618/4094/3433 3619/4095/3434 3867/4123/3460
f 3865/4121/3458 3617/4093/3432 3618/4094/3433 3866/4122/3459
f 3607/4077/3416 3557/4079/3418 3617/4093/3432 3865/4121/3458
f 3606/4076/3415 3607/4077/3416 3865/4121/3458 3862/4116/3453
f 3605/4074/3413 3606/4076/3415 3862/4116/3453 3859/4115/3452
f 3601/3867/3223 3869/4127/3464 3870/4128/3465 3600/4129/3363
f 3600/4129/3363 3870/4128/3465 3871/4130/3466 3868/4131/3467
f 3869/4127/3464 3872/4132/3468 3873/4133/3469 3870/4128/3465
f 3870/4128/3465 3873/4133/3469 3874/4134/3470 3871/4130/3466
f 3600/4024/3363 3868/4131/3467 3599/4021/3361
f 3599/4021/3361 3868/4131/3467 3701/4135/3471 3572/4022/3362
f 3868/4131/3467 3871/4130/3466 3702/4136/3472 3701/4135/3471
f 3871/4130/3466 3874/4134/3470 3703/4137/3473 3702/4136/3472
f 3874/4134/3470 2536/2935/2380 2473/2934/2379 3703/4137/3473
f 3873/4133/3469 2537/2936/2381 2536/2935/2380 3874/4134/3470
f 3872/4132/3468 2538/2937/2382 2537/2936/2381 3873/4133/3469
f 3426/4138/3220 2305/2939/2105 2538/2937/2382 3872/4132/3468
f 3436/3866/3222 3426/4138/3220 3872/4132/3468 3869/4127/3464
f 3436/3866/3222 3869/4127/3464 3601/3867/3223
f 3875/4139/3474 3878/4140/3475 3879/4141/3476 3876/4142/3477
f 3876/4142/3477 3879/4141/3476 3880/4143/3478 3877/4144/3479
f 3878/4140/3475 3881/4145/3480 3882/4146/3481 3879/4141/3476
f 3879/4141/3476 3882/4146/3481 3883/4147/3482 3880/4143/3478
f 2447/2949/2392 2548/2951/2394 3875/4139/3474 3616/4148/3483
f 3616/4148/3483 3875/4139/3474 3876/4142/3477 3615/4149/3484
f 3615/4149/3484 3876/4142/3477 3877/4144/3479 3614/4150/3485
f 3614/4150/3485 3877/4144/3479 3613/4037/3376 3554/4036/3375
f 3877/4144/3479 3880/4143/3478 3612/4040/3379 3613/4037/3376
f 3880/4143/3478 3883/4147/3482 3611/4055/3394 3612/4040/3379
f 3883/4147/3482 3626/4151/3486 3559/4053/3392 3611/4055/3394
f 3882/4146/3481 3627/4152/3487 3626/4151/3486 3883/4147/3482
f 3881/4145/3480 3628/4153/3488 3627/4152/3487 3882/4146/3481
f 2550/2957/2400 2452/2958/2401 3628/4153/3488 3881/4145/3480
f 2549/2959/2402 2550/2957/2400 3881/4145/3480 3878/4140/3475
f 2548/2951/2394 2549/2959/2402 3878/4140/3475 3875/4139/3474
f 3884/4154/3489 3887/4155/3490 3888/4156/3491 3885/4157/3492
f 3885/4157/3492 3888/4156/3491 3889/4158/3493 3886/4159/3494
f 3887/4155/3490 3890/4160/3495 3891/4161/3496 3888/4156/3491
f 3888/4156/3491 3891/4161/3496 3892/4162/3497 3889/4158/3493
f 3555/4163/3498 3622/4164/3499 3884/4165/3489 3596/4166/3500
f 3596/4167/3500 3884/4154/3489 3885/4157/3492 3597/4168/3501
f 3597/4168/3501 3885/4157/3492 3886/4159/3494 3598/4169/3502
f 3598/4169/3502 3886/4159/3494 3593/4170/3503 3565/4171/3504
f 3886/4159/3494 3889/4158/3493 3594/4172/3505 3593/4170/3503
f 3889/4158/3493 3892/4162/3497 3595/4173/3506 3594/4172/3505
f 3892/4162/3497 3590/4174/3507 3566/4175/3508 3595/4173/3506
f 3891/4161/3496 3591/4176/3509 3590/4174/3507 3892/4162/3497
f 3890/4160/3495 3592/4177/3510 3591/4176/3509 3891/4161/3496
f 3620/4178/3511 3567/4179/3512 3592/4180/3510 3890/4181/3495
f 3621/4182/3513 3620/4178/3511 3890/4181/3495 3887/4183/3490
f 3622/4164/3499 3621/4182/3513 3887/4183/3490 3884/4165/3489
f 3893/4184/3514 3896/4185/3515 3897/4186/3516 3894/4187/3517
f 3894/4187/3517 3897/4186/3516 3898/4188/3518 3895/4189/3519
f 3896/4185/3515 3899/4190/3520 3900/4191/3521 3897/4186/3516
f 3897/4186/3516 3900/4191/3521 3901/4192/3522 3898/4188/3518
f 3580/4193/3523 3760/4194/3524 3893/4184/3514 3766/4195/3525
f 3766/4195/3525 3893/4184/3514 3894/4187/3517 3765/4196/3526
f 3765/4196/3526 3894/4187/3517 3895/4189/3519 3764/4197/3527
f 3764/4197/3527 3895/4189/3519 2612/3005/2443 2483/3004/2442
f 3895/4189/3519 3898/4188/3518 2613/3006/2444 2612/3005/2443
f 3898/4188/3518 3901/4192/3522 2614/3007/2445 2613/3006/2444
f 3901/4192/3522 3677/4198/3528 2463/3008/2446 2614/3007/2445
f 3900/4191/3521 3676/4199/3529 3677/4198/3528 3901/4192/3522
f 3899/4190/3520 3675/4200/3530 3676/4199/3529 3900/4191/3521
f 3758/4201/3531 3568/4202/3532 3675/4200/3530 3899/4190/3520
f 3759/4203/3533 3758/4201/3531 3899/4190/3520 3896/4185/3515
f 3760/4194/3524 3759/4203/3533 3896/4185/3515 3893/4184/3514
f 3903/4204/3534 3912/4205/3535 3902/4206/3536 3904/4207/3537
f 3905/4208/3538 3904/4207/3537 3902/4206/3536 3906/4209/3539
f 3907/4210/3540 3906/4209/3539 3902/4206/3536 3908/4211/3541
f 3909/4212/3542 3908/4211/3541 3902/4206/3536 3910/4213/3543
f 3911/4214/3544 3910/4213/3543 3902/4206/3536 3912/4205/3535
f 3558/4049/3388 3743/4215/3545 3903/4204/3534 3638/4216/3546
f 3638/4216/3546 3903/4204/3534 3904/4207/3537 3639/4217/3547
f 3743/4215/3545 3744/4218/3548 3912/4205/3535 3903/4204/3534
f 3560/4219/3549 3640/4220/3550 3905/4208/3538 3634/4221/3551
f 3634/4221/3551 3905/4208/3538 3906/4209/3539 3633/4222/3552
f 3640/4220/3550 3639/4217/3547 3904/4207/3537 3905/4208/3538
f 2453/3034/2472 3632/4223/3553 3907/4210/3540 2704/3035/2473
f 2704/3035/2473 3907/4210/3540 3908/4211/3541 2705/3037/2475
f 3632/4223/3553 3633/4222/3552 3906/4209/3539 3907/4210/3540
f 2482/3038/2476 2706/3040/2478 3909/4212/3542 3757/4224/3554
f 3757/4224/3554 3909/4212/3542 3910/4213/3543 3756/4225/3555
f 2706/3040/2478 2705/3037/2475 3908/4211/3541 3909/4212/3542
f 3578/4071/3410 3755/4226/3556 3911/4214/3544 3745/4227/3557
f 3745/4227/3557 3911/4214/3544 3912/4205/3535 3744/4218/3548
f 3755/4226/3556 3756/4225/3555 3910/4213/3543 3911/4214/3544
f 3915/4228/3558 3914/4229/3559 3917/4230/3560 3918/4231/3561
f 3664/4232/3562 3915/4233/3558 3918/4234/3561 3665/4235/3563
f 3587/4236/3564 3798/4237/3565 3913/4238/3566 3814/4239/3567
f 3814/4239/3567 3913/4238/3566 3914/4229/3559 3813/4240/3568
f 3813/4240/3568 3914/4229/3559 3915/4228/3558 3812/4241/3569
f 3812/4242/3569 3915/4233/3558 3664/4232/3562 3586/4243/3570
f 3798/4237/3565 3797/4244/3571 3916/4245/3572 3913/4238/3566
f 3918/4234/3561 3592/4180/3510 3567/4179/3512 3665/4235/3563
f 3917/4230/3560 3591/4176/3509 3592/4177/3510 3918/4231/3561
f 3916/4245/3572 3590/4174/3507 3591/4176/3509 3917/4230/3560
f 3797/4244/3571 3566/4175/3508 3590/4174/3507 3916/4245/3572
f 3929/4246/3573 3928/4247/3574 3931/4248/3575 3932/4249/3576
f 3919/4250/3577 3922/4251/3578 3923/4252/3579 3920/4253/3580
f 3920/4253/3580 3923/4252/3579 3924/4254/3581 3921/4255/3582
f 3922/4251/3578 3925/4256/3583 3926/4257/3584 3923/4252/3579
f 3923/4252/3579 3926/4257/3584 3927/4258/3585 3924/4254/3581
f 3561/4045/3384 3655/4047/3386 3919/4250/3577 3709/4259/3586
f 3709/4259/3586 3919/4250/3577 3920/4253/3580 3708/4260/3587
f 3708/4260/3587 3920/4253/3580 3921/4255/3582 3707/4261/3588
f 3707/4261/3588 3921/4255/3582 3706/4262/3589 3570/4263/3590
f 3921/4255/3582 3924/4254/3581 3705/4264/3591 3706/4262/3589
f 3924/4254/3581 3927/4258/3585 3704/4265/3592 3705/4264/3591
f 3927/4258/3585 3640/4220/3550 3560/4219/3549 3704/4265/3592
f 3926/4257/3584 3639/4217/3547 3640/4220/3550 3927/4258/3585
f 3925/4256/3583 3638/4216/3546 3639/4217/3547 3926/4257/3584
f 3653/4050/3389 3558/4049/3388 3638/4216/3546 3925/4256/3583
f 3654/4048/3387 3653/4050/3389 3925/4256/3583 3922/4251/3578
f 3655/4047/3386 3654/4048/3387 3922/4251/3578 3919/4250/3577
f 3930/4266/3593 3929/4246/3573 3932/4249/3576 3933/4267/3594
f 3668/4268/3595 3930/4266/3593 3933/4267/3594 3669/4269/3596
f 3589/4270/3597 3802/4271/3598 3928/4272/3574 3811/4273/3599
f 3811/4274/3599 3928/4247/3574 3929/4246/3573 3810/4275/3600
f 3810/4275/3600 3929/4246/3573 3930/4266/3593 3809/4276/3601
f 3809/4276/3601 3930/4266/3593 3668/4268/3595 3588/4277/3602
f 3802/4271/3598 3801/4278/3603 3931/4279/3575 3928/4272/3574
f 3933/4267/3594 3598/4169/3502 3565/4171/3504 3669/4269/3596
f 3932/4249/3576 3597/4168/3501 3598/4169/3502 3933/4267/3594
f 3931/4248/3575 3596/4167/3500 3597/4168/3501 3932/4249/3576
f 3801/4278/3603 3555/4163/3498 3596/4166/3500 3931/4279/3575
f 3935/4280/3604 3934/4281/3605 3937/4282/3606 3938/4283/3607
f 3936/4284/3608 3935/4280/3604 3938/4283/3607 3939/4285/3609
f 3797/4244/3571 3798/4237/3565 3936/4284/3608 3939/4285/3609
f 3588/4277/3602 3668/4268/3595 3934/4281/3605 3808/4286/3610
f 3808/4286/3610 3934/4281/3605 3935/4280/3604 3807/4287/3611
f 3807/4287/3611 3935/4280/3604 3936/4284/3608 3806/4288/3612
f 3806/4288/3612 3936/4284/3608 3798/4237/3565 3587/4236/3564
f 3668/4268/3595 3669/4269/3596 3937/4282/3606 3934/4281/3605
f 3939/4285/3609 3595/4173/3506 3566/4175/3508 3797/4244/3571
f 3938/4283/3607 3594/4172/3505 3595/4173/3506 3939/4285/3609
f 3937/4282/3606 3593/4170/3503 3594/4172/3505 3938/4283/3607
f 3669/4269/3596 3565/4171/3504 3593/4170/3503 3937/4282/3606
f 3941/4289/3613 3940/4290/3614 3943/4291/3615 3944/4292/3616
f 3942/4293/3617 3941/4289/3613 3944/4292/3616 3945/4294/3618
f 3801/4278/3603 3802/4271/3598 3942/4293/3617 3945/4294/3618
f 3586/4243/3570 3664/4232/3562 3940/4290/3614 3805/4295/3619
f 3805/4295/3619 3940/4290/3614 3941/4289/3613 3804/4296/3620
f 3804/4296/3620 3941/4289/3613 3942/4293/3617 3803/4297/3621
f 3803/4297/3621 3942/4293/3617 3802/4271/3598 3589/4270/3597
f 3664/4232/3562 3665/4235/3563 3943/4291/3615 3940/4290/3614
f 3945/4294/3618 3622/4164/3499 3555/4163/3498 3801/4278/3603
f 3944/4292/3616 3621/4182/3513 3622/4164/3499 3945/4294/3618
f 3943/4291/3615 3620/4178/3511 3621/4182/3513 3944/4292/3616
f 3665/4235/3563 3567/4179/3512 3620/4178/3511 3943/4291/3615
f 3947/4298/3622 3952/4299/3623 3946/4300/3624 3948/4301/3625
f 3949/4302/3626 3948/4301/3625 3946/4300/3624 3950/4303/3627
f 3951/4304/3628 3950/4303/3627 3946/4300/3624 3952/4299/3623
f 2464/3121/2553 2605/3123/2555 3947/4298/3622 3672/4305/3629
f 3672/4305/3629 3947/4298/3622 3948/4301/3625 3673/4306/3630
f 2605/3123/2555 2604/3125/2557 3952/4299/3623 3947/4298/3622
f 3568/4202/3532 3674/4307/3631 3949/4302/3626 3675/4200/3530
f 3675/4200/3530 3949/4302/3626 3950/4303/3627 3676/4199/3529
f 3674/4307/3631 3673/4306/3630 3948/4301/3625 3949/4302/3626
f 2463/3008/2446 3677/4198/3528 3951/4304/3628 2603/3127/2559
f 2603/3127/2559 3951/4304/3628 3952/4299/3623 2604/3125/2557
f 3677/4198/3528 3676/4199/3529 3950/4303/3627 3951/4304/3628
f 3953/4308/3632 3956/4309/3633 3957/4310/3634 3954/4311/3635
f 3954/4311/3635 3957/4310/3634 3958/4312/3636 3955/4313/3637
f 3956/4309/3633 3959/4314/3638 3960/4315/3639 3957/4310/3634
f 3957/4310/3634 3960/4315/3639 3961/4316/3640 3958/4312/3636
f 2485/3137/2569 2717/3139/2571 3953/4308/3632 3763/4317/3641
f 3763/4317/3641 3953/4308/3632 3954/4311/3635 3762/4318/3642
f 3762/4318/3642 3954/4311/3635 3955/4313/3637 3761/4319/3643
f 3761/4319/3643 3955/4313/3637 3760/4194/3524 3580/4193/3523
f 3955/4313/3637 3958/4312/3636 3759/4203/3533 3760/4194/3524
f 3958/4312/3636 3961/4316/3640 3758/4201/3531 3759/4203/3533
f 3961/4316/3640 3674/4307/3631 3568/4202/3532 3758/4201/3531
f 3960/4315/3639 3673/4306/3630 3674/4307/3631 3961/4316/3640
f 3959/4314/3638 3672/4305/3629 3673/4306/3630 3960/4315/3639
f 2715/3142/2574 2464/3121/2553 3672/4305/3629 3959/4314/3638
f 2716/3143/2575 2715/3142/2574 3959/4314/3638 3956/4309/3633
f 2717/3139/2571 2716/3143/2575 3956/4309/3633 3953/4308/3632
f 3962/4320/3644 3965/4321/3645 3966/4322/3646 3963/4323/3647
f 3963/4323/3647 3966/4322/3646 3967/4324/3648 3964/4325/3649
f 3965/4321/3645 3968/4326/3650 3969/4327/3651 3966/4322/3646
f 3966/4322/3646 3969/4327/3651 3970/4328/3652 3967/4324/3648
f 3574/4329/3653 3728/4330/3654 3962/4320/3644 3722/4331/3655
f 3722/4331/3655 3962/4320/3644 3963/4323/3647 3723/4332/3656
f 3723/4332/3656 3963/4323/3647 3964/4325/3649 3724/4333/3657
f 3724/4333/3657 3964/4325/3649 3794/4334/3658 3575/4335/3659
f 3964/4325/3649 3967/4324/3648 3793/4336/3660 3794/4334/3658
f 3967/4324/3648 3970/4328/3652 3792/4337/3661 3793/4336/3660
f 3970/4328/3652 3788/4338/3662 3583/4339/3663 3792/4337/3661
f 3969/4327/3651 3787/4340/3664 3788/4338/3662 3970/4328/3652
f 3968/4326/3650 3786/4341/3665 3787/4340/3664 3969/4327/3651
f 3730/4342/3666 3585/4343/3667 3786/4341/3665 3968/4326/3650
f 3729/4344/3668 3730/4342/3666 3968/4326/3650 3965/4321/3645
f 3728/4330/3654 3729/4344/3668 3965/4321/3645 3962/4320/3644
f 3971/4345/3669 3974/4346/3670 3975/4347/3671 3972/4348/3672
f 3972/4348/3672 3975/4347/3671 3976/4349/3673 3973/4350/3674
f 3974/4346/3670 3977/4351/3675 3978/4352/3676 3975/4347/3671
f 3975/4347/3671 3978/4352/3676 3979/4353/3677 3976/4349/3673
f 3571/4354/3447 3656/4355/3678 3971/4345/3669 3690/4356/3448
f 3690/4356/3448 3971/4345/3669 3972/4348/3672 3691/4357/3446
f 3691/4357/3446 3972/4348/3672 3973/4350/3674 3692/4358/3445
f 3692/4358/3445 3973/4350/3674 2653/3184/2611 2466/3183/2344
f 3973/4350/3674 3976/4349/3673 2654/3185/2612 2653/3184/2611
f 3976/4349/3673 3979/4353/3677 2655/3186/2613 2654/3185/2612
f 3979/4353/3677 3779/4359/3679 2489/3187/2614 2655/3186/2613
f 3978/4352/3676 3778/4360/3680 3779/4359/3679 3979/4353/3677
f 3977/4351/3675 3777/4361/3681 3778/4360/3680 3978/4352/3676
f 3658/4362/3682 3584/4363/3683 3777/4361/3681 3977/4351/3675
f 3657/4364/3684 3658/4362/3682 3977/4351/3675 3974/4346/3670
f 3656/4355/3678 3657/4364/3684 3974/4346/3670 3971/4345/3669
f 3696/4019/3359 3981/4365/3685 3982/4366/3686 3695/4017/3357
f 3694/4367/3687 3573/4018/3358 3695/4017/3357 3982/4366/3686
f 3982/4366/3686 3981/4365/3685 3738/4368/3688 3737/4369/3689
f 3576/4370/3690 3694/4367/3687 3982/4366/3686 3737/4369/3689
f 3703/4137/3473 3992/4371/3691 3993/4372/3692 3702/4136/3472
f 3980/4373/3693 3697/4020/3360 3572/4022/3362 3693/4374/3694
f 3693/4374/3694 3577/4375/3695 3739/4376/3696 3980/4373/3693
f 3993/4372/3692 3992/4371/3691 3742/4377/3697 3741/4378/3698
f 3983/4379/3699 3986/4380/3700 3987/4381/3701 3984/4382/3702
f 3984/4382/3702 3987/4381/3701 3988/4383/3703 3985/4384/3704
f 3986/4380/3700 3989/4385/3705 3990/4386/3706 3987/4381/3701
f 3987/4381/3701 3990/4386/3706 3991/4387/3707 3988/4383/3703
f 3576/4370/3690 3727/4388/3708 3983/4379/3699 3733/4389/3709
f 3733/4389/3709 3983/4379/3699 3984/4382/3702 3732/4390/3710
f 3732/4390/3710 3984/4382/3702 3985/4384/3704 3731/4391/3711
f 3731/4391/3711 3985/4384/3704 3724/4392/3657 3575/4393/3659
f 3985/4384/3704 3988/4383/3703 3723/4394/3656 3724/4392/3657
f 3988/4383/3703 3991/4387/3707 3722/4395/3655 3723/4394/3656
f 3991/4387/3707 3715/4396/3712 3574/4397/3653 3722/4395/3655
f 3990/4386/3706 3714/4398/3713 3715/4396/3712 3991/4387/3707
f 3989/4385/3705 3713/4399/3714 3714/4398/3713 3990/4386/3706
f 3725/4400/3715 3563/4401/3716 3713/4399/3714 3989/4385/3705
f 3726/4402/3717 3725/4400/3715 3989/4385/3705 3986/4380/3700
f 3727/4388/3708 3726/4402/3717 3986/4380/3700 3983/4379/3699
f 3702/4136/3472 3993/4372/3692 3994/4403/3718 3701/4135/3471
f 3693/4374/3694 3572/4022/3362 3701/4135/3471 3994/4403/3718
f 3994/4403/3718 3993/4372/3692 3741/4378/3698 3740/4404/3719
f 3577/4375/3695 3693/4374/3694 3994/4403/3718 3740/4404/3719
f 4013/4405/3720 4014/4406/3721 3657/4364/3684 3656/4355/3678
f 3992/4371/3691 3703/4137/3473 2473/2934/2379 2640/3236/2658
f 2640/3236/2658 2478/3237/2659 3742/4377/3697 3992/4371/3691
f 3794/4334/3658 3793/4336/3660 4014/4406/3721 4013/4405/3720
f 3995/4407/3722 3998/4408/3723 3999/4409/3724 3996/4410/3725
f 3996/4410/3725 3999/4409/3724 4000/4411/3726 3997/4412/3727
f 3998/4408/3723 4001/4413/3728 4002/4414/3729 3999/4409/3724
f 3999/4409/3724 4002/4414/3729 4003/4415/3730 4000/4411/3726
f 3560/4219/3549 3635/4416/3731 3995/4407/3722 3704/4265/3592
f 3704/4265/3592 3995/4407/3722 3996/4410/3725 3705/4264/3591
f 3705/4264/3591 3996/4410/3725 3997/4412/3727 3706/4262/3589
f 3706/4262/3589 3997/4412/3727 3685/4417/3732 3570/4263/3590
f 3997/4412/3727 4000/4411/3726 3684/4418/3733 3685/4417/3732
f 4000/4411/3726 4003/4415/3730 3683/4419/3734 3684/4418/3733
f 4003/4415/3730 2569/3252/2674 2467/3251/2673 3683/4419/3734
f 4002/4414/3729 2570/3253/2675 2569/3252/2674 4003/4415/3730
f 4001/4413/3728 2571/3254/2676 2570/3253/2675 4002/4414/3729
f 3637/4420/3735 2455/3256/2678 2571/3254/2676 4001/4413/3728
f 3636/4421/3736 3637/4420/3735 4001/4413/3728 3998/4408/3723
f 3635/4416/3731 3636/4421/3736 3998/4408/3723 3995/4407/3722
f 4004/4422/3737 4007/4423/3738 4008/4424/3739 4005/4425/3740
f 4005/4425/3740 4008/4424/3739 4009/4426/3741 4006/4427/3742
f 4007/4423/3738 4010/4428/3743 4011/4429/3744 4008/4424/3739
f 4008/4424/3739 4011/4429/3744 4012/4430/3745 4009/4426/3741
f 3570/4263/3590 3686/4431/3746 4004/4422/3737 3707/4261/3588
f 3707/4261/3588 4004/4422/3737 4005/4425/3740 3708/4260/3587
f 3708/4260/3587 4005/4425/3740 4006/4427/3742 3709/4259/3586
f 3709/4259/3586 4006/4427/3742 3643/4432/3747 3561/4045/3384
f 4006/4427/3742 4009/4426/3741 3642/4433/3748 3643/4432/3747
f 4009/4426/3741 4012/4430/3745 3641/4434/3749 3642/4433/3748
f 4012/4430/3745 3680/4435/3750 3564/4436/3751 3641/4434/3749
f 4011/4429/3744 3681/4437/3752 3680/4435/3750 4012/4430/3745
f 4010/4428/3743 3682/4438/3753 3681/4437/3752 4011/4429/3744
f 3688/4439/3754 3569/4440/3755 3682/4438/3753 4010/4428/3743
f 3687/4441/3756 3688/4439/3754 4010/4428/3743 4007/4423/3738
f 3686/4431/3746 3687/4441/3756 4007/4423/3738 4004/4422/3737
f 3793/4336/3660 3792/4337/3661 4015/4442/3757 4014/4406/3721
f 4014/4406/3721 4015/4442/3757 3658/4362/3682 3657/4364/3684
f 3575/4335/3659 3794/4334/3658 4013/4405/3720 3689/4443/3758
f 3689/4443/3758 4013/4405/3720 3656/4355/3678 3571/4354/3447
f 3792/4337/3661 3583/4339/3663 3776/4444/3759 4015/4442/3757
f 4015/4442/3757 3776/4444/3759 3584/4363/3683 3658/4362/3682
f 3700/4114/3451 4034/4445/3760 4035/4446/3761 3699/4113/3450
f 4035/4446/3761 4034/4445/3760 3733/4389/3709 3732/4390/3710
f 4016/4447/3762 4019/4448/3763 4020/4449/3764 4017/4450/3765
f 4017/4450/3765 4020/4449/3764 4021/4451/3766 4018/4452/3767
f 4019/4448/3763 4022/4453/3768 4023/4454/3769 4020/4449/3764
f 4020/4449/3764 4023/4454/3769 4024/4455/3770 4021/4451/3766
f 3563/4401/3716 3650/4456/3771 4016/4447/3762 3713/4399/3714
f 3713/4399/3714 4016/4447/3762 4017/4450/3765 3714/4398/3713
f 3714/4398/3713 4017/4450/3765 4018/4452/3767 3715/4396/3712
f 3715/4396/3712 4018/4452/3767 3712/4457/3772 3574/4397/3653
f 4018/4452/3767 4021/4451/3766 3711/4458/3773 3712/4457/3772
f 4021/4451/3766 4024/4455/3770 3710/4459/3774 3711/4458/3773
f 4024/4455/3770 3682/4438/3753 3569/4440/3755 3710/4459/3774
f 4023/4454/3769 3681/4437/3752 3682/4438/3753 4024/4455/3770
f 4022/4453/3768 3680/4435/3750 3681/4437/3752 4023/4454/3769
f 3652/4460/3775 3564/4436/3751 3680/4435/3750 4022/4453/3768
f 3651/4461/3776 3652/4460/3775 4022/4453/3768 4019/4448/3763
f 3650/4456/3771 3651/4461/3776 4019/4448/3763 4016/4447/3762
f 4025/4462/3777 4028/4463/3778 4029/4464/3779 4026/4465/3780
f 4026/4465/3780 4029/4464/3779 4030/4466/3781 4027/4467/3782
f 4028/4463/3778 4031/4468/3783 4032/4469/3784 4029/4464/3779
f 4029/4464/3779 4032/4469/3784 4033/4470/3785 4030/4466/3781
f 3569/4471/3755 3718/4472/3786 4025/4462/3777 3710/4473/3774
f 3710/4473/3774 4025/4462/3777 4026/4465/3780 3711/4474/3773
f 3711/4474/3773 4026/4465/3780 4027/4467/3782 3712/4475/3772
f 3712/4475/3772 4027/4467/3782 3728/4330/3654 3574/4329/3653
f 4027/4467/3782 4030/4466/3781 3729/4344/3668 3728/4330/3654
f 4030/4466/3781 4033/4470/3785 3730/4342/3666 3729/4344/3668
f 4033/4470/3785 3782/4476/3787 3585/4343/3667 3730/4342/3666
f 4032/4469/3784 3781/4477/3788 3782/4476/3787 4033/4470/3785
f 4031/4468/3783 3780/4478/3789 3781/4477/3788 4032/4469/3784
f 3716/4479/3790 3581/4480/3791 3780/4478/3789 4031/4468/3783
f 3717/4481/3792 3716/4479/3790 4031/4468/3783 4028/4463/3778
f 3718/4472/3786 3717/4481/3792 4028/4463/3778 4025/4462/3777
f 3699/4113/3450 4035/4446/3761 4036/4482/3793 3698/4112/3449
f 3689/4483/3758 3571/4110/3447 3698/4112/3449 4036/4482/3793
f 4036/4482/3793 4035/4446/3761 3732/4390/3710 3731/4391/3711
f 3575/4393/3659 3689/4483/3758 4036/4482/3793 3731/4391/3711
f 4124/4484/3794 4123/4485/3795 3779/4359/3679 3778/4360/3680
f 4034/4445/3760 3700/4114/3451 3573/4018/3358 3694/4367/3687
f 3694/4367/3687 3576/4370/3690 3733/4389/3709 4034/4445/3760
f 3791/4486/3796 4123/4485/3795 4124/4484/3794 3790/4487/3797
f 4038/4488/3798 4047/4489/3799 4037/4490/3800 4039/4491/3801
f 4040/4492/3802 4039/4491/3801 4037/4490/3800 4041/4493/3803
f 4042/4494/3804 4041/4493/3803 4037/4490/3800 4043/4495/3805
f 4044/4496/3806 4043/4495/3805 4037/4490/3800 4045/4497/3807
f 4046/4498/3808 4045/4497/3807 4037/4490/3800 4047/4489/3799
f 3577/4375/3695 3736/4499/3809 4038/4488/3798 3739/4376/3696
f 3739/4376/3696 4038/4488/3798 4039/4491/3801 3738/4368/3688
f 3736/4499/3809 3735/4500/3810 4047/4489/3799 4038/4488/3798
f 3576/4370/3690 3737/4369/3689 4040/4492/3802 3727/4388/3708
f 3727/4388/3708 4040/4492/3802 4041/4493/3803 3726/4402/3717
f 3737/4369/3689 3738/4368/3688 4039/4491/3801 4040/4492/3802
f 3563/4401/3716 3725/4400/3715 4042/4494/3804 3649/4501/3811
f 3649/4501/3811 4042/4494/3804 4043/4495/3805 3648/4502/3812
f 3725/4400/3715 3726/4402/3717 4041/4493/3803 4042/4494/3804
f 3562/4041/3380 3647/4503/3813 4044/4496/3806 3661/4042/3381
f 3661/4042/3381 4044/4496/3806 4045/4497/3807 3662/4039/3378
f 3647/4503/3813 3648/4502/3812 4043/4495/3805 4044/4496/3806
f 3554/4036/3375 3663/4038/3377 4046/4498/3808 3734/4504/3814
f 3734/4504/3814 4046/4498/3808 4047/4489/3799 3735/4500/3810
f 3663/4038/3377 3662/4039/3378 4045/4497/3807 4046/4498/3808
f 4048/4505/3815 4051/4506/3816 4052/4507/3817 4049/4508/3818
f 4049/4508/3818 4052/4507/3817 4053/4509/3819 4050/4510/3820
f 4051/4506/3816 4054/4511/3821 4055/4512/3822 4052/4507/3817
f 4052/4507/3817 4055/4512/3822 4056/4513/3823 4053/4509/3819
f 2478/3237/2659 2685/3350/2767 4048/4505/3815 3742/4377/3697
f 3742/4377/3697 4048/4505/3815 4049/4508/3818 3741/4378/3698
f 3741/4378/3698 4049/4508/3818 4050/4510/3820 3740/4404/3719
f 3740/4404/3719 4050/4510/3820 3736/4499/3809 3577/4375/3695
f 4050/4510/3820 4053/4509/3819 3735/4500/3810 3736/4499/3809
f 4053/4509/3819 4056/4513/3823 3734/4504/3814 3735/4500/3810
f 4056/4513/3823 3614/4150/3485 3554/4036/3375 3734/4504/3814
f 4055/4512/3822 3615/4149/3484 3614/4150/3485 4056/4513/3823
f 4054/4511/3821 3616/4148/3483 3615/4149/3484 4055/4512/3822
f 2683/3351/2768 2447/2949/2392 3616/4148/3483 4054/4511/3821
f 2684/3352/2769 2683/3351/2768 4054/4511/3821 4051/4506/3816
f 2685/3350/2767 2684/3352/2769 4051/4506/3816 4048/4505/3815
f 4057/4514/3824 4060/4515/3825 4061/4516/3826 4058/4517/3827
f 4058/4517/3827 4061/4516/3826 4062/4518/3828 4059/4519/3829
f 4060/4515/3825 4063/4520/3830 4064/4521/3831 4061/4516/3826
f 4061/4516/3826 4064/4521/3831 4065/4522/3832 4062/4518/3828
f 2452/2958/2401 2692/3362/2779 4057/4514/3824 3628/4153/3488
f 3628/4153/3488 4057/4514/3824 4058/4517/3827 3627/4152/3487
f 3627/4152/3487 4058/4517/3827 4059/4519/3829 3626/4151/3486
f 3626/4151/3486 4059/4519/3829 3625/4523/3833 3559/4053/3392
f 4059/4519/3829 4062/4518/3828 3624/4524/3834 3625/4523/3833
f 4062/4518/3828 4065/4522/3832 3623/4525/3835 3624/4524/3834
f 4065/4522/3832 3749/4092/3431 3579/4065/3404 3623/4525/3835
f 4064/4521/3831 3750/4091/3430 3749/4092/3431 4065/4522/3832
f 4063/4520/3830 3751/4090/3429 3750/4091/3430 4064/4521/3831
f 2694/3366/2783 2480/2872/2321 3751/4090/3429 4063/4520/3830
f 2693/3367/2784 2694/3366/2783 4063/4520/3830 4060/4515/3825
f 2692/3362/2779 2693/3367/2784 4060/4515/3825 4057/4514/3824
f 4066/4526/3836 4069/4527/3837 4070/4528/3838 4067/4529/3839
f 4067/4529/3839 4070/4528/3838 4071/4530/3840 4068/4531/3841
f 4069/4527/3837 4072/4532/3842 4073/4533/3843 4070/4528/3838
f 4070/4528/3838 4073/4533/3843 4074/4534/3844 4071/4530/3840
f 3559/4053/3392 3625/4523/3833 4066/4526/3836 3631/4054/3393
f 3631/4054/3393 4066/4526/3836 4067/4529/3839 3630/4052/3391
f 3630/4052/3391 4067/4529/3839 4068/4531/3841 3629/4051/3390
f 3629/4051/3390 4068/4531/3841 3743/4215/3545 3558/4049/3388
f 4068/4531/3841 4071/4530/3840 3744/4218/3548 3743/4215/3545
f 4071/4530/3840 4074/4534/3844 3745/4227/3557 3744/4218/3548
f 4074/4534/3844 3752/4069/3408 3578/4071/3410 3745/4227/3557
f 4073/4533/3843 3753/4068/3407 3752/4069/3408 4074/4534/3844
f 4072/4532/3842 3754/4067/3406 3753/4068/3407 4073/4533/3843
f 3623/4525/3835 3579/4065/3404 3754/4067/3406 4072/4532/3842
f 3624/4524/3834 3623/4525/3835 4072/4532/3842 4069/4527/3837
f 3625/4523/3833 3624/4524/3834 4069/4527/3837 4066/4526/3836
f 4075/4535/3845 4078/4536/3846 4079/4537/3847 4076/4538/3848
f 4076/4538/3848 4079/4537/3847 4080/4539/3849 4077/4540/3850
f 4078/4536/3846 4081/4541/3851 4082/4542/3852 4079/4537/3847
f 4079/4537/3847 4082/4542/3852 4083/4543/3853 4080/4539/3849
f 3578/4071/3410 3608/4070/3409 4075/4535/3845 3755/4226/3556
f 3755/4226/3556 4075/4535/3845 4076/4538/3848 3756/4225/3555
f 3756/4225/3555 4076/4538/3848 4077/4540/3850 3757/4224/3554
f 3757/4224/3554 4077/4540/3850 2566/3386/2803 2482/3038/2476
f 4077/4540/3850 4080/4539/3849 2567/3387/2804 2566/3386/2803
f 4080/4539/3849 4083/4543/3853 2568/3388/2805 2567/3387/2804
f 4083/4543/3853 3602/4126/3463 2448/2919/2365 2568/3388/2805
f 4082/4542/3852 3603/4125/3462 3602/4126/3463 4083/4543/3853
f 4081/4541/3851 3604/4124/3461 3603/4125/3462 4082/4542/3852
f 3610/4073/3412 3556/4075/3414 3604/4124/3461 4081/4541/3851
f 3609/4072/3411 3610/4073/3412 4081/4541/3851 4078/4536/3846
f 3608/4070/3409 3609/4072/3411 4078/4536/3846 4075/4535/3845
f 4084/4544/3854 4087/4545/3855 4088/4546/3856 4085/4547/3857
f 4085/4547/3857 4088/4546/3856 4089/4548/3858 4086/4549/3859
f 4089/4548/3858 4088/4546/3856 3762/4318/3642 3761/4319/3643
f 3580/4193/3523 3678/4550/3860 4089/4548/3858 3761/4319/3643
f 2453/3396/2472 2618/3398/2813 4084/4544/3854 3632/4551/3553
f 3632/4551/3553 4084/4544/3854 4085/4547/3857 3633/4552/3552
f 3633/4552/3552 4085/4547/3857 4086/4549/3859 3634/4553/3551
f 3634/4553/3551 4086/4549/3859 3679/4554/3861 3560/4555/3549
f 4086/4549/3859 4089/4548/3858 3678/4550/3860 3679/4554/3861
f 2617/3403/2815 2485/3137/2569 3763/4317/3641 4087/4545/3855
f 4094/4556/3862 4093/4557/3863 3766/4195/3525 3765/4196/3526
f 2618/3398/2813 2617/3403/2815 4087/4545/3855 4084/4544/3854
f 4090/4558/3864 4093/4557/3863 4094/4556/3862 4091/4559/3865
f 4091/4559/3865 4094/4556/3862 4095/4560/3866 4092/4561/3867
f 4095/4560/3866 4094/4556/3862 3765/4196/3526 3764/4197/3527
f 2711/3410/2822 4095/4560/3866 3764/4197/3527 2483/3004/2442
f 3560/4555/3549 3679/4554/3861 4090/4558/3864 3635/4562/3731
f 3635/4562/3731 4090/4558/3864 4091/4559/3865 3636/4563/3736
f 3636/4563/3736 4091/4559/3865 4092/4561/3867 3637/4564/3735
f 3637/4564/3735 4092/4561/3867 2710/3415/2823 2455/3414/2678
f 4092/4561/3867 4095/4560/3866 2711/3410/2822 2710/3415/2823
f 3678/4550/3860 3580/4193/3523 3766/4195/3525 4093/4557/3863
f 3679/4554/3861 3678/4550/3860 4093/4557/3863 4090/4558/3864
f 4096/4565/3868 4099/4566/3869 4100/4567/3870 4097/4568/3871
f 4097/4568/3871 4100/4567/3870 4101/4569/3872 4098/4570/3873
f 4099/4566/3869 4102/4571/3874 4103/4572/3875 4100/4567/3870
f 4100/4567/3870 4103/4572/3875 4104/4573/3876 4101/4569/3872
f 2490/3425/2833 2730/3427/2835 4096/4565/3868 3770/4574/3877
f 3770/4574/3877 4096/4565/3868 4097/4568/3871 3771/4575/3878
f 3771/4575/3878 4097/4568/3871 4098/4570/3873 3772/4576/3879
f 3772/4576/3879 4098/4570/3873 3773/4577/3880 3582/4578/3881
f 4098/4570/3873 4101/4569/3872 3774/4579/3882 3773/4577/3880
f 4101/4569/3872 4104/4573/3876 3775/4580/3883 3774/4579/3882
f 4104/4573/3876 3767/4581/3884 3581/4480/3791 3775/4580/3883
f 4103/4572/3875 3768/4582/3885 3767/4581/3884 4104/4573/3876
f 4102/4571/3874 3769/4583/3886 3768/4582/3885 4103/4572/3875
f 2728/3437/2845 2487/3438/2846 3769/4583/3886 4102/4571/3874
f 2729/3439/2847 2728/3437/2845 4102/4571/3874 4099/4566/3869
f 2730/3427/2835 2729/3439/2847 4099/4566/3869 4096/4565/3868
f 4105/4584/3887 4108/4585/3888 4109/4586/3889 4106/4587/3890
f 4106/4587/3890 4109/4586/3889 4110/4588/3891 4107/4589/3892
f 4108/4585/3888 4111/4590/3893 4112/4591/3894 4109/4586/3889
f 4109/4586/3889 4112/4591/3894 4113/4592/3895 4110/4588/3891
f 3581/4480/3791 3767/4581/3884 4105/4584/3887 3780/4478/3789
f 3780/4478/3789 4105/4584/3887 4106/4587/3890 3781/4477/3788
f 3781/4477/3788 4106/4587/3890 4107/4589/3892 3782/4476/3787
f 3782/4476/3787 4107/4589/3892 3783/4593/3896 3585/4343/3667
f 4107/4589/3892 4110/4588/3891 3784/4594/3897 3783/4593/3896
f 4110/4588/3891 4113/4592/3895 3785/4595/3898 3784/4594/3897
f 4113/4592/3895 2746/3453/2861 2495/3452/2860 3785/4595/3898
f 4112/4591/3894 2745/3454/2862 2746/3453/2861 4113/4592/3895
f 4111/4590/3893 2744/3455/2863 2745/3454/2862 4112/4591/3894
f 3769/4583/3886 2487/3438/2846 2744/3455/2863 4111/4590/3893
f 3768/4582/3885 3769/4583/3886 4111/4590/3893 4108/4585/3888
f 3767/4581/3884 3768/4582/3885 4108/4585/3888 4105/4584/3887
f 4114/4596/3899 4117/4597/3900 4118/4598/3901 4115/4599/3902
f 4115/4599/3902 4118/4598/3901 4119/4600/3903 4116/4601/3904
f 4117/4597/3900 4120/4602/3905 4121/4603/3906 4118/4598/3901
f 4118/4598/3901 4121/4603/3906 4122/4604/3907 4119/4600/3903
f 2495/3452/2860 2750/3465/2873 4114/4596/3899 3785/4595/3898
f 3785/4595/3898 4114/4596/3899 4115/4599/3902 3784/4594/3897
f 3784/4594/3897 4115/4599/3902 4116/4601/3904 3783/4593/3896
f 3783/4593/3896 4116/4601/3904 3786/4341/3665 3585/4343/3667
f 4116/4601/3904 4119/4600/3903 3787/4340/3664 3786/4341/3665
f 4119/4600/3903 4122/4604/3907 3788/4338/3662 3787/4340/3664
f 4122/4604/3907 3789/4605/3908 3583/4339/3663 3788/4338/3662
f 4121/4603/3906 3790/4487/3797 3789/4605/3908 4122/4604/3907
f 4120/4602/3905 3791/4486/3796 3790/4487/3797 4121/4603/3906
f 2752/3467/2875 2488/3468/2876 3791/4486/3796 4120/4602/3905
f 2751/3469/2877 2752/3467/2875 4120/4602/3905 4117/4597/3900
f 2750/3465/2873 2751/3469/2877 4117/4597/3900 4114/4596/3899
f 3790/4487/3797 4124/4484/3794 4125/4606/3909 3789/4605/3908
f 3583/4339/3663 3789/4605/3908 4125/4606/3909 3776/4444/3759
f 4125/4606/3909 4124/4484/3794 3778/4360/3680 3777/4361/3681
f 3776/4444/3759 4125/4606/3909 3777/4361/3681 3584/4363/3683
f 4088/4546/3856 4087/4545/3855 3763/4317/3641 3762/4318/3642
f 4123/4485/3795 3791/4486/3796 2488/3468/2876 2727/3471/2879
f 2727/3471/2879 2489/3187/2614 3779/4359/3679 4123/4485/3795
f 3981/4365/3685 3980/4373/3693 3739/4376/3696 3738/4368/3688
f 4126/4607/3910 4129/4608/3911 4130/4609/3912 4127/4610/3913
f 4127/4610/3913 4130/4609/3912 4131/4611/3914 4128/4612/3915
f 4129/4608/3911 4132/4613/3916 4133/4614/3917 4130/4609/3912
f 4130/4609/3912 4133/4614/3917 4134/4615/3918 4131/4611/3914
f 2467/3481/2673 2764/3483/2889 4126/4607/3910 3683/4616/3734
f 3683/4616/3734 4126/4607/3910 4127/4610/3913 3684/4617/3733
f 3684/4617/3733 4127/4610/3913 4128/4612/3915 3685/4618/3732
f 3685/4618/3732 4128/4612/3915 3719/4619/3919 3570/4620/3590
f 4128/4612/3915 4131/4611/3914 3720/4621/3920 3719/4619/3919
f 4131/4611/3914 4134/4615/3918 3721/4622/3921 3720/4621/3920
f 4134/4615/3918 3772/4576/3879 3582/4578/3881 3721/4622/3921
f 4133/4614/3917 3771/4575/3878 3772/4576/3879 4134/4615/3918
f 4132/4613/3916 3770/4574/3877 3771/4575/3878 4133/4614/3917
f 2762/3490/2893 2490/3425/2833 3770/4574/3877 4132/4613/3916
f 2763/3491/2894 2762/3490/2893 4132/4613/3916 4129/4608/3911
f 2764/3483/2889 2763/3491/2894 4129/4608/3911 4126/4607/3910
f 4135/4623/3922 4138/4624/3923 4139/4625/3924 4136/4626/3925
f 4136/4626/3925 4139/4625/3924 4140/4627/3926 4137/4628/3927
f 4138/4624/3923 4141/4629/3928 4142/4630/3929 4139/4625/3924
f 4139/4625/3924 4142/4630/3929 4143/4631/3930 4140/4627/3926
f 3570/4620/3590 3719/4619/3919 4135/4623/3922 3686/4632/3746
f 3686/4632/3746 4135/4623/3922 4136/4626/3925 3687/4633/3756
f 3687/4633/3756 4136/4626/3925 4137/4628/3927 3688/4634/3754
f 3688/4634/3754 4137/4628/3927 3718/4472/3786 3569/4471/3755
f 4137/4628/3927 4140/4627/3926 3717/4481/3792 3718/4472/3786
f 4140/4627/3926 4143/4631/3930 3716/4479/3790 3717/4481/3792
f 4143/4631/3930 3775/4580/3883 3581/4480/3791 3716/4479/3790
f 4142/4630/3929 3774/4579/3882 3775/4580/3883 4143/4631/3930
f 4141/4629/3928 3773/4577/3880 3774/4579/3882 4142/4630/3929
f 3721/4622/3921 3582/4578/3881 3773/4577/3880 4141/4629/3928
f 3720/4621/3920 3721/4622/3921 4141/4629/3928 4138/4624/3923
f 3719/4619/3919 3720/4621/3920 4138/4624/3923 4135/4623/3922
f 4144/4635/3931 4147/4636/3932 4148/4637/3933 4145/4638/3934
f 4145/4638/3934 4148/4637/3933 4149/4639/3935 4146/4640/3936
f 4149/4639/3935 4148/4637/3933 3804/4296/3620 3803/4297/3621
f 3589/4270/3597 3670/4641/3937 4149/4639/3935 3803/4297/3621
f 3564/4436/3751 3795/4642/3938 4144/4643/3931 3641/4434/3749
f 3641/4434/3749 4144/4643/3931 4145/4644/3934 3642/4433/3748
f 3642/4433/3748 4145/4644/3934 4146/4645/3936 3643/4432/3747
f 3643/4432/3747 4146/4645/3936 3671/4646/3939 3561/4045/3384
f 4146/4640/3936 4149/4639/3935 3670/4641/3937 3671/4647/3939
f 3796/4648/3940 3586/4243/3570 3805/4295/3619 4147/4636/3932
f 4154/4649/3941 4153/4650/3942 3808/4286/3610 3807/4287/3611
f 3795/4651/3938 3796/4648/3940 4147/4636/3932 4144/4635/3931
f 4150/4652/3943 4153/4650/3942 4154/4649/3941 4151/4653/3944
f 4151/4653/3944 4154/4649/3941 4155/4654/3945 4152/4655/3946
f 4155/4654/3945 4154/4649/3941 3807/4287/3611 3806/4288/3612
f 3587/4236/3564 3666/4656/3947 4155/4654/3945 3806/4288/3612
f 3562/4041/3380 3799/4657/3948 4150/4658/3943 3647/4503/3813
f 3647/4503/3813 4150/4658/3943 4151/4659/3944 3648/4502/3812
f 3648/4502/3812 4151/4659/3944 4152/4660/3946 3649/4501/3811
f 3649/4501/3811 4152/4660/3946 3667/4661/3949 3563/4401/3716
f 4152/4655/3946 4155/4654/3945 3666/4656/3947 3667/4662/3949
f 3800/4663/3950 3588/4277/3602 3808/4286/3610 4153/4650/3942
f 4160/4664/3951 4159/4665/3952 3811/4274/3599 3810/4275/3600
f 3799/4666/3948 3800/4663/3950 4153/4650/3942 4150/4652/3943
f 4156/4667/3953 4159/4665/3952 4160/4664/3951 4157/4668/3954
f 4157/4668/3954 4160/4664/3951 4161/4669/3955 4158/4670/3956
f 4161/4669/3955 4160/4664/3951 3810/4275/3600 3809/4276/3601
f 3800/4663/3950 4161/4669/3955 3809/4276/3601 3588/4277/3602
f 3561/4045/3384 3671/4646/3939 4156/4671/3953 3644/4046/3385
f 3644/4046/3385 4156/4671/3953 4157/4672/3954 3645/4044/3383
f 3645/4044/3383 4157/4672/3954 4158/4673/3956 3646/4043/3382
f 3646/4043/3382 4158/4673/3956 3799/4657/3948 3562/4041/3380
f 4158/4670/3956 4161/4669/3955 3800/4663/3950 3799/4666/3948
f 3670/4641/3937 3589/4270/3597 3811/4273/3599 4159/4674/3952
f 4166/4675/3957 4165/4676/3958 3814/4239/3567 3813/4240/3568
f 3671/4647/3939 3670/4641/3937 4159/4674/3952 4156/4677/3953
f 4162/4678/3959 4165/4676/3958 4166/4675/3957 4163/4679/3960
f 4163/4679/3960 4166/4675/3957 4167/4680/3961 4164/4681/3962
f 4167/4680/3961 4166/4675/3957 3813/4240/3568 3812/4241/3569
f 3796/4648/3940 4167/4682/3961 3812/4242/3569 3586/4243/3570
f 3563/4401/3716 3667/4661/3949 4162/4683/3959 3650/4456/3771
f 3650/4456/3771 4162/4683/3959 4163/4684/3960 3651/4461/3776
f 3651/4461/3776 4163/4684/3960 4164/4685/3962 3652/4460/3775
f 3652/4460/3775 4164/4685/3962 3795/4642/3938 3564/4436/3751
f 4164/4686/3962 4167/4682/3961 3796/4648/3940 3795/4651/3938
f 3666/4656/3947 3587/4236/3564 3814/4239/3567 4165/4676/3958
f 3914/4229/3559 3913/4238/3566 3916/4245/3572 3917/4230/3560
f 3667/4662/3949 3666/4656/3947 4165/4676/3958 4162/4678/3959
f 3198/3556/2936 4220/4687/3963 4221/4688/3964 3199/3557/2937
f 3199/3557/2937 4221/4688/3964 4222/4689/3965 3200/3560/2940
f 3200/3560/2940 4222/4689/3965 4176/4690/3966 3146/3562/2942
f 4222/4689/3965 4177/4691/3967 4169/4692/3968 4176/4690/3966
f 4221/4688/3964 4178/4693/3969 4177/4691/3967 4222/4689/3965
f 4220/4687/3963 4179/4694/3970 4178/4693/3969 4221/4688/3964
f 3414/3863/3219 3402/3838/3196 4179/4695/3970 4220/4696/3963
f 3414/3863/3219 4220/4696/3963 3198/3570/2936 2293/2634/2101
f 4223/4697/3971 4225/4698/3197 4226/4699/3972 4224/4700/3973
f 3404/3841/3199 3405/3840/3198 4185/3852/3209
f 4225/4698/3197 3404/4701/3199 4227/4702/3974 4226/4699/3972
f 3402/3838/3196 3403/3837/3195 4223/4703/3971 4179/4695/3970
f 4178/4693/3969 4223/4697/3971 4224/4700/3973 4177/4691/3967
f 4177/4691/3967 4224/4700/3973 4180/4704/3975 4169/4692/3968
f 4224/4700/3973 4226/4699/3972 4181/4705/3976 4180/4704/3975
f 4226/4699/3972 4227/4702/3974 4182/4706/3977 4181/4705/3976
f 4227/4702/3974 4183/4707/3978 4168/4708/3979 4182/4706/3977
f 3404/4701/3199 4184/4709/3980 4183/4707/3978 4227/4702/3974
f 4185/4710/3209 4184/4709/3980 3404/4701/3199
f 3415/4711/3208 2294/3588/2091 3211/3587/2959 4228/4712/3981
f 4228/4712/3981 3211/3587/2959 3212/3590/2961 4229/4713/3982
f 4185/4710/3209 3415/4711/3208 4228/4712/3981 4184/4709/3980
f 4184/4709/3980 4228/4712/3981 4229/4713/3982 4183/4707/3978
f 4183/4707/3978 4229/4713/3982 4186/4714/3983 4168/4708/3979
f 4229/4713/3982 3212/3590/2961 3158/3592/2963 4186/4714/3983
f 4230/4715/3984 4231/4716/3985 3216/3595/2779 3214/3594/2965
f 4231/4716/3985 4232/4717/3986 3218/3597/2967 3216/3595/2779
f 4169/4692/3968 4194/4718/3987 4230/4715/3984 4176/4690/3966
f 4176/4690/3966 4230/4715/3984 3214/3594/2965 3146/3562/2942
f 4232/4717/3986 4187/4719/3988 3159/3600/2970 3218/3597/2967
f 4192/4720/3989 4170/4721/3990 4187/4719/3988 4232/4717/3986
f 4193/4722/3991 4192/4720/3989 4232/4717/3986 4231/4716/3985
f 4194/4718/3987 4193/4722/3991 4231/4716/3985 4230/4715/3984
f 4233/4723/3992 4236/4724/3993 4237/4725/3994 4234/4726/3995
f 4234/4726/3995 4237/4725/3994 4238/4727/3996 4235/4728/3997
f 4236/4724/3993 4239/4729/3998 4240/4730/3999 4237/4725/3994
f 4237/4725/3994 4240/4730/3999 4241/4731/4000 4238/4727/3996
f 4171/4732/4001 4208/4733/4002 4233/4723/3992 4190/4734/4003
f 4190/4734/4003 4233/4723/3992 4234/4726/3995 4189/4735/4004
f 4189/4735/4004 4234/4726/3995 4235/4728/3997 4188/4736/4005
f 4188/4736/4005 4235/4728/3997 4203/4737/4006 4170/4721/3990
f 4235/4728/3997 4238/4727/3996 4204/4738/4007 4203/4737/4006
f 4238/4727/3996 4241/4731/4000 4205/4739/4008 4204/4738/4007
f 4241/4731/4000 4199/4740/4009 4172/4741/4010 4205/4739/4008
f 4240/4730/3999 4200/4742/4011 4199/4740/4009 4241/4731/4000
f 4239/4729/3998 4201/4743/4012 4200/4742/4011 4240/4730/3999
f 4206/4744/4013 4173/4745/4014 4201/4743/4012 4239/4729/3998
f 4207/4746/4015 4206/4744/4013 4239/4729/3998 4236/4724/3993
f 4208/4733/4002 4207/4746/4015 4236/4724/3993 4233/4723/3992
f 4242/4747/4016 4245/4748/4017 4246/4749/4018 4243/4750/4019
f 4243/4750/4019 4246/4749/4018 4247/4751/4020 4244/4752/4021
f 4245/4748/4017 4248/4753/4022 4249/4754/4023 4246/4749/4018
f 4246/4749/4018 4249/4754/4023 4250/4755/4024 4247/4751/4020
f 4168/4708/3979 4197/4756/4025 4242/4747/4016 4182/4706/3977
f 4182/4706/3977 4242/4747/4016 4243/4750/4019 4181/4705/3976
f 4181/4705/3976 4243/4750/4019 4244/4752/4021 4180/4704/3975
f 4180/4704/3975 4244/4752/4021 4194/4718/3987 4169/4692/3968
f 4244/4752/4021 4247/4751/4020 4193/4722/3991 4194/4718/3987
f 4247/4751/4020 4250/4755/4024 4192/4720/3989 4193/4722/3991
f 4250/4755/4024 4188/4736/4005 4170/4721/3990 4192/4720/3989
f 4249/4754/4023 4189/4735/4004 4188/4736/4005 4250/4755/4024
f 4248/4753/4022 4190/4734/4003 4189/4735/4004 4249/4754/4023
f 4195/4757/4026 4171/4732/4001 4190/4734/4003 4248/4753/4022
f 4196/4758/4027 4195/4757/4026 4248/4753/4022 4245/4748/4017
f 4197/4756/4025 4196/4758/4027 4245/4748/4017 4242/4747/4016
f 3237/3641/3011 3239/3644/3014 4252/4759/4028 4251/4760/4029
f 3239/3644/3014 3241/3646/3016 4253/4761/4030 4252/4759/4028
f 3158/3592/2963 3237/3641/3011 4251/4760/4029 4186/4714/3983
f 4186/4714/3983 4251/4760/4029 4197/4756/4025 4168/4708/3979
f 4251/4760/4029 4252/4759/4028 4196/4758/4027 4197/4756/4025
f 4252/4759/4028 4253/4761/4030 4195/4757/4026 4196/4758/4027
f 4253/4761/4030 4191/4762/4031 4171/4732/4001 4195/4757/4026
f 3241/3646/3016 3165/3648/3018 4191/4762/4031 4253/4761/4030
f 3243/3649/3019 3245/3652/3022 4255/4763/4032 4254/4764/4033
f 3245/3652/3022 3247/3654/3024 4256/4765/4034 4255/4763/4032
f 3178/3655/3025 3243/3649/3019 4254/4764/4033 4202/4766/4035
f 4202/4766/4035 4254/4764/4033 4214/4767/4036 4173/4745/4014
f 4254/4764/4033 4255/4763/4032 4215/4768/4037 4214/4767/4036
f 4255/4763/4032 4256/4765/4034 4216/4769/4038 4215/4768/4037
f 4256/4765/4034 4213/4770/4039 4175/4771/4040 4216/4769/4038
f 3247/3654/3024 3191/3662/3032 4213/4770/4039 4256/4765/4034
f 3249/3663/3033 3251/3666/3036 4258/4772/4041 4257/4773/4042
f 3251/3666/3036 3253/3668/3038 4259/4774/4043 4258/4772/4041
f 3165/3648/3018 3249/3663/3033 4257/4773/4042 4191/4762/4031
f 4191/4762/4031 4257/4773/4042 4208/4733/4002 4171/4732/4001
f 4257/4773/4042 4258/4772/4041 4207/4746/4015 4208/4733/4002
f 4258/4772/4041 4259/4774/4043 4206/4744/4013 4207/4746/4015
f 4259/4774/4043 4202/4766/4035 4173/4745/4014 4206/4744/4013
f 3253/3668/3038 3178/3655/3025 4202/4766/4035 4259/4774/4043
f 4260/4775/4044 4261/4776/4045 3258/3671/3041 3256/3670/3040
f 4261/4776/4045 4262/4777/4046 3260/3673/3043 3258/3671/3041
f 4170/4721/3990 4203/4737/4006 4260/4775/4044 4187/4719/3988
f 4187/4719/3988 4260/4775/4044 3256/3670/3040 3159/3600/2970
f 4262/4777/4046 4198/4778/4047 3172/3675/3045 3260/3673/3043
f 4205/4739/4008 4172/4741/4010 4198/4778/4047 4262/4777/4046
f 4204/4738/4007 4205/4739/4008 4262/4777/4046 4261/4776/4045
f 4203/4737/4006 4204/4738/4007 4261/4776/4045 4260/4775/4044
f 4263/4779/4048 4264/4780/4049 3264/3679/3049 3262/3678/3048
f 4264/4780/4049 4265/4781/4050 3266/3681/3051 3264/3679/3049
f 4174/4782/4051 4210/4783/4052 4263/4779/4048 4209/4784/4053
f 4209/4784/4053 4263/4779/4048 3262/3678/3048 3185/3686/3056
f 4265/4781/4050 4213/4770/4039 3191/3662/3032 3266/3681/3051
f 4212/4785/4054 4175/4771/4040 4213/4770/4039 4265/4781/4050
f 4211/4786/4055 4212/4785/4054 4265/4781/4050 4264/4780/4049
f 4210/4783/4052 4211/4786/4055 4264/4780/4049 4263/4779/4048
f 4266/4787/4056 4267/4788/4057 3270/3691/3061 3268/3690/3060
f 4267/4788/4057 4268/4789/4058 3272/3693/3063 3270/3691/3061
f 4172/4741/4010 4219/4790/4059 4266/4787/4056 4198/4778/4047
f 4198/4778/4047 4266/4787/4056 3268/3690/3060 3172/3675/3045
f 4268/4789/4058 4209/4784/4053 3185/3686/3056 3272/3693/3063
f 4217/4791/4060 4174/4782/4051 4209/4784/4053 4268/4789/4058
f 4218/4792/4061 4217/4791/4060 4268/4789/4058 4267/4788/4057
f 4219/4790/4059 4218/4792/4061 4267/4788/4057 4266/4787/4056
f 4269/4793/4062 4272/4794/4063 4273/4795/4064 4270/4796/4065
f 4270/4796/4065 4273/4795/4064 4274/4797/4066 4271/4798/4067
f 4272/4794/4063 4275/4799/4068 4276/4800/4069 4273/4795/4064
f 4273/4795/4064 4276/4800/4069 4277/4801/4070 4274/4797/4066
f 4173/4745/4014 4214/4767/4036 4269/4793/4062 4201/4743/4012
f 4201/4743/4012 4269/4793/4062 4270/4796/4065 4200/4742/4011
f 4200/4742/4011 4270/4796/4065 4271/4798/4067 4199/4740/4009
f 4199/4740/4009 4271/4798/4067 4219/4790/4059 4172/4741/4010
f 4271/4798/4067 4274/4797/4066 4218/4792/4061 4219/4790/4059
f 4274/4797/4066 4277/4801/4070 4217/4791/4060 4218/4792/4061
f 4277/4801/4070 4210/4783/4052 4174/4782/4051 4217/4791/4060
f 4276/4800/4069 4211/4786/4055 4210/4783/4052 4277/4801/4070
f 4275/4799/4068 4212/4785/4054 4211/4786/4055 4276/4800/4069
f 4216/4769/4038 4175/4771/4040 4212/4785/4054 4275/4799/4068
f 4215/4768/4037 4216/4769/4038 4275/4799/4068 4272/4794/4063
f 4214/4767/4036 4215/4768/4037 4272/4794/4063 4269/4793/4062
f 4225/3839/3197 4223/4703/3971 3403/3837/3195
f 4225/3839/3197 3391/3824/3183 3392/3826/3185 3404/3841/3199
f 4223/4697/3971 4178/4693/3969 4179/4694/3970
f 4148/4637/3933 4147/4636/3932 3805/4295/3619 3804/4296/3620
f 3697/4020/3360 3980/4373/3693 3981/4365/3685 3696/4019/3359
o Cube
v 3.623785 0.315373 -0.789950
v 3.445737 0.373344 -1.574380
v 3.623264 0.176395 -0.788208
v 3.444432 0.106092 -1.583972
v 5.015707 0.538817 -1.043027
v 4.811369 0.507549 -2.808610
v 5.032526 0.228310 -1.167696
v 4.817168 0.054733 -2.853148
v 4.463484 0.261311 -1.037268
v 4.291212 0.059439 -2.159679
v 4.457006 0.541805 -0.971283
v 4.288318 0.492589 -2.125216
v 3.979749 0.246747 -0.929376
v 3.858516 0.451968 -1.989015
v 3.855059 0.055601 -2.006311
v 3.979407 0.485344 -0.903907
v 6.050127 0.057739 -2.594350
v 5.804233 0.222544 -1.162811
v 5.788504 0.555973 -1.074405
v 6.047211 0.524450 -2.582364
v 6.790409 0.055132 -2.660312
v 6.212151 0.228669 -1.134325
v 6.185256 0.537443 -1.024194
v 6.782881 0.508393 -2.641463
v 7.114456 0.063982 -2.004158
v 6.611537 0.259509 -0.971267
v 6.602293 0.550237 -0.911357
v 7.110280 0.507878 -1.974246
v 7.718384 0.097385 -1.076208
v 7.133583 0.174948 -0.268099
v 7.134805 0.304587 -0.267040
v 7.710863 0.379916 -1.048708
v 7.602954 0.460013 -1.563841
v 7.618662 0.053551 -1.610754
v 7.037870 0.221518 -0.571921
v 7.027589 0.437933 -0.544667
v 3.460143 0.417844 -1.112820
v 3.456554 0.096497 -1.123446
v 4.965692 0.014961 -2.125802
v 4.933939 1.045610 -1.807321
v 4.415189 0.927807 -1.463777
v 4.433419 0.025960 -1.657564
v 3.907001 0.047088 -1.415872
v 3.912118 0.802100 -1.330422
v 5.924863 0.013723 -1.893594
v 5.900507 1.097639 -1.715980
v 6.516444 0.015902 -1.916823
v 6.473591 1.056578 -1.701637
v 6.903799 0.029156 -1.525049
v 6.880771 0.948376 -1.371137
v 7.509247 0.084615 -0.629501
v 7.494709 0.435451 -0.594467
v 7.308249 0.801853 -0.993584
v 7.365042 0.023552 -1.147659
v 5.621306 0.526129 -2.637729
v 5.625155 0.058117 -2.660050
v 5.490884 0.219784 -1.180766
v 5.474911 0.550837 -1.082095
v 5.502951 1.088358 -1.793003
v 5.529352 0.013537 -2.005570
v 7.272287 0.060797 -1.801354
v 6.845272 0.267079 -0.821864
v 7.264381 0.497687 -1.764413
v 6.836292 0.540762 -0.782633
v 7.080567 0.033508 -1.371762
v 7.051692 0.903547 -1.236519
v 3.615254 0.197808 -0.743880
v 3.613700 0.231318 -0.703987
v 3.615618 0.275675 -0.745062
v 3.433699 0.425762 -1.233834
v 3.422053 0.419003 -1.360924
v 3.428630 0.398102 -1.483403
v 3.421563 0.313221 -1.575194
v 3.409227 0.232558 -1.576731
v 3.420928 0.156514 -1.580310
v 3.491856 0.115395 -1.013976
v 3.534389 0.137269 -0.920495
v 3.583184 0.158982 -0.835925
v 3.867095 0.220340 -0.896848
v 3.762528 0.195657 -0.862808
v 3.677732 0.179845 -0.816855
v 4.395908 0.059945 -2.323783
v 4.511766 0.058486 -2.528430
v 4.648836 0.056170 -2.722067
v 4.993968 0.050641 -1.863958
v 5.012382 0.120756 -1.597307
v 5.023364 0.187197 -1.349991
v 5.032681 0.396244 -1.012769
v 5.039354 0.310130 -1.011758
v 5.038620 0.260243 -1.058790
v 4.796949 0.132936 -2.925431
v 4.789328 0.237872 -2.944900
v 4.794177 0.364281 -2.907977
v 4.946422 1.010338 -1.475416
v 4.963737 0.897855 -1.236400
v 4.989511 0.729258 -1.103919
v 4.594224 0.544685 -0.987599
v 4.735612 0.544161 -1.005540
v 4.877343 0.540316 -1.024323
v 3.730994 0.441549 -1.905970
v 3.608054 0.426160 -1.788450
v 3.507137 0.400135 -1.665749
v 4.892379 0.236220 -1.141276
v 4.747731 0.245152 -1.107358
v 4.602854 0.253747 -1.070111
v 3.973975 0.055067 -2.038898
v 4.084107 0.055977 -2.048533
v 4.188753 0.057689 -2.075641
v 4.092241 0.517356 -0.921492
v 4.207563 0.533063 -0.936044
v 4.328483 0.537559 -0.952462
v 4.643166 0.502465 -2.677849
v 4.506592 0.497895 -2.485389
v 4.391645 0.496145 -2.283481
v 4.270671 0.138285 -2.209139
v 4.263292 0.240776 -2.221021
v 4.269150 0.360499 -2.193513
v 4.463342 0.298019 -0.969008
v 4.462568 0.346782 -0.937847
v 4.460505 0.424383 -0.941188
v 4.432248 0.906370 -1.278021
v 4.443479 0.824233 -1.131057
v 4.451676 0.692881 -1.031093
v 4.452319 0.088093 -1.480536
v 4.460780 0.158793 -1.302732
v 4.463305 0.217872 -1.150076
v 4.333356 0.265841 -1.007123
v 4.210838 0.270330 -0.980760
v 4.093884 0.264916 -0.956690
v 4.187660 0.484597 -2.047392
v 4.084932 0.474527 -2.025328
v 3.976447 0.463048 -2.019220
v 3.505235 0.085392 -1.678137
v 3.605250 0.067388 -1.803489
v 3.727506 0.058470 -1.922238
v 3.678389 0.342252 -0.815073
v 3.763419 0.386795 -0.851968
v 3.867667 0.437757 -0.878567
v 3.926104 0.103275 -1.258566
v 3.946087 0.158385 -1.121816
v 3.964685 0.206210 -1.010950
v 3.989064 0.284315 -0.879287
v 3.992045 0.330136 -0.859622
v 3.988730 0.394426 -0.868510
v 3.849831 0.131673 -2.074239
v 3.848401 0.229383 -2.094276
v 3.851166 0.338842 -2.065992
v 3.929480 0.781632 -1.176889
v 3.947740 0.708573 -1.055439
v 3.965038 0.600111 -0.965416
v 5.888816 0.060660 -1.679812
v 5.854699 0.124056 -1.475255
v 5.825668 0.180028 -1.296737
v 5.786601 0.409238 -1.052904
v 5.785952 0.316259 -1.047927
v 5.791224 0.261000 -1.080981
v 6.064349 0.136897 -2.672312
v 6.068749 0.244204 -2.698031
v 6.063110 0.374897 -2.669835
v 5.854388 1.062219 -1.448523
v 5.816111 0.935393 -1.240572
v 5.794502 0.752363 -1.120763
v 5.745378 0.527813 -2.579882
v 5.838181 0.527587 -2.552923
v 5.929022 0.526071 -2.554641
v 5.450365 0.056901 -2.750378
v 5.240451 0.055602 -2.837514
v 5.020892 0.054762 -2.884192
v 5.394593 0.219295 -1.185576
v 5.285398 0.219418 -1.188092
v 5.164258 0.222278 -1.183115
v 5.559144 0.552802 -1.082929
v 5.635662 0.554647 -1.082547
v 5.710118 0.556633 -1.079595
v 6.429315 0.060596 -1.688646
v 6.344088 0.129337 -1.467989
v 6.269156 0.187871 -1.275705
v 6.166978 0.401197 -1.007391
v 6.163148 0.315065 -1.010126
v 6.177125 0.263747 -1.048077
v 6.820161 0.133251 -2.742574
v 6.829338 0.238246 -2.768528
v 6.817168 0.364814 -2.736300
v 6.378479 1.025576 -1.426618
v 6.288993 0.898846 -1.206327
v 6.222294 0.721129 -1.073791
v 6.212730 0.521883 -2.630963
v 6.408270 0.518242 -2.676124
v 6.607198 0.513372 -2.689282
v 6.614059 0.055150 -2.706544
v 6.413816 0.055856 -2.691451
v 6.216799 0.056811 -2.644297
v 6.102356 0.224421 -1.154270
v 5.995625 0.223362 -1.161313
v 5.895203 0.223010 -1.162499
v 5.875913 0.553365 -1.066818
v 5.971846 0.548035 -1.055937
v 6.075860 0.542141 -1.043573
v 6.823995 0.092119 -1.363898
v 6.742481 0.162528 -1.206544
v 6.668883 0.218966 -1.071314
v 6.572862 0.427964 -0.886417
v 6.563807 0.347085 -0.883800
v 6.576392 0.296217 -0.910153
v 7.134779 0.144132 -2.052796
v 7.140924 0.248748 -2.064869
v 7.132791 0.371768 -2.039037
v 6.799198 0.930264 -1.198406
v 6.720405 0.844180 -1.059803
v 6.652329 0.705802 -0.963941
v 6.297034 0.539530 -0.993692
v 6.408032 0.544255 -0.964604
v 6.511872 0.548579 -0.937919
v 7.068569 0.503855 -2.140917
v 7.006703 0.501355 -2.334797
v 6.914777 0.503848 -2.514505
v 6.321909 0.236364 -1.100232
v 6.427880 0.245008 -1.058348
v 6.525732 0.253188 -1.013742
v 7.073641 0.062413 -2.168441
v 7.012947 0.059563 -2.358114
v 6.921995 0.056708 -2.534899
v 7.413911 0.108821 -0.512038
v 7.304729 0.134053 -0.393936
v 7.205281 0.157080 -0.306561
v 7.105903 0.270315 -0.230135
v 7.090839 0.231357 -0.213014
v 7.105227 0.197366 -0.230378
v 7.729300 0.150144 -1.063071
v 7.733565 0.229869 -1.051914
v 7.725302 0.315391 -1.047774
v 7.400576 0.407635 -0.483721
v 7.297072 0.367554 -0.378006
v 7.203268 0.329038 -0.301248
v 7.660292 0.449817 -1.434440
v 7.694946 0.433192 -1.287161
v 7.709691 0.406684 -1.147314
v 7.215417 0.062501 -1.813376
v 7.176187 0.063583 -1.839224
v 7.145549 0.064127 -1.896894
v 6.795313 0.266572 -0.863282
v 6.742636 0.265173 -0.899561
v 6.682819 0.263245 -0.934259
v 7.065041 0.392240 -0.458350
v 7.091275 0.351227 -0.371205
v 7.109721 0.321322 -0.300886
v 7.341710 0.488446 -1.746893
v 7.432281 0.478538 -1.713985
v 7.523550 0.469137 -1.655933
v 7.719273 0.077576 -1.181380
v 7.707230 0.061362 -1.328299
v 7.674847 0.054480 -1.479970
v 7.107311 0.174930 -0.302562
v 7.090750 0.182380 -0.377757
v 7.070010 0.199481 -0.474880
v 6.885156 0.531949 -0.735622
v 6.935496 0.512024 -0.681568
v 6.984238 0.480134 -0.619157
v 6.999542 0.250366 -0.503516
v 6.987498 0.289556 -0.479873
v 6.997490 0.348606 -0.495243
v 7.396002 0.763971 -1.154050
v 7.478648 0.677715 -1.314822
v 7.549527 0.572261 -1.456698
v 7.274786 0.083585 -0.983508
v 7.185058 0.144393 -0.824337
v 7.104300 0.190039 -0.685439
v 7.636143 0.343381 -1.631788
v 7.649402 0.230885 -1.661356
v 7.643365 0.131411 -1.653823
v 3.584298 0.337262 -0.836591
v 3.536685 0.367838 -0.916411
v 3.495157 0.396676 -1.005579
v 3.426866 0.089652 -1.494498
v 3.419503 0.079922 -1.373010
v 3.430389 0.083344 -1.245773
v 4.849160 0.007597 -2.731969
v 4.888297 -0.011157 -2.567161
v 4.929001 -0.006600 -2.363872
v 4.839991 0.662452 -2.638380
v 4.875977 0.828054 -2.411369
v 4.912406 0.971559 -2.144150
v 4.319270 0.629478 -2.015379
v 4.354838 0.761832 -1.858773
v 4.388763 0.871709 -1.667845
v 4.323752 0.011078 -2.074689
v 4.362772 -0.009848 -1.958861
v 4.401664 -0.007615 -1.818245
v 3.863729 0.009945 -1.893077
v 3.875531 -0.007460 -1.747224
v 3.890214 0.004420 -1.584019
v 3.869807 0.562758 -1.862746
v 3.882640 0.669745 -1.696745
v 3.896559 0.759597 -1.510437
v 6.026700 0.010218 -2.466668
v 5.996276 -0.009137 -2.299527
v 5.961462 -0.006124 -2.104477
v 6.021421 0.695222 -2.434331
v 5.988344 0.871121 -2.239747
v 5.947188 1.019767 -1.996307
v 6.741405 0.008329 -2.525416
v 6.676682 -0.009893 -2.348776
v 6.600333 -0.005128 -2.141857
v 6.726893 0.664420 -2.477137
v 6.654364 0.831595 -2.259033
v 6.569448 0.977506 -2.002579
v 7.080224 0.014866 -1.921148
v 7.033024 -0.006293 -1.809455
v 6.973971 -0.004151 -1.675641
v 7.073154 0.648772 -1.870279
v 7.021168 0.782464 -1.728622
v 6.956272 0.890945 -1.556523
v 7.695098 0.078150 -0.990038
v 7.651205 0.065560 -0.873705
v 7.588475 0.068487 -0.750630
v 7.685447 0.408914 -0.957167
v 7.638804 0.435544 -0.835963
v 7.574144 0.445321 -0.711920
v 7.078744 0.562006 -0.623851
v 7.143909 0.686396 -0.722990
v 7.222103 0.773703 -0.847223
v 7.576237 0.005284 -1.534107
v 7.518269 -0.015445 -1.428293
v 7.447247 -0.012086 -1.298373
v 7.145286 0.030557 -1.345105
v 7.220087 0.027134 -1.304145
v 7.296225 0.024656 -1.240893
v 7.107345 0.891690 -1.201691
v 7.172620 0.874054 -1.151458
v 7.241561 0.846235 -1.082348
v 7.368486 0.733340 -0.889005
v 7.420682 0.642549 -0.780144
v 7.463328 0.540051 -0.678114
v 7.419769 0.023694 -1.022011
v 7.460756 0.028880 -0.880393
v 7.489954 0.046096 -0.742865
v 7.520143 0.149885 -0.557764
v 7.522097 0.235177 -0.529906
v 7.514073 0.332579 -0.543336
v 6.644430 0.016845 -1.843228
v 6.751214 0.018228 -1.738397
v 6.837453 0.022692 -1.624640
v 6.030396 1.095278 -1.722798
v 6.176542 1.088214 -1.733399
v 6.327970 1.075203 -1.731678
v 6.059948 0.013433 -1.912920
v 6.212286 0.013883 -1.935931
v 6.368807 0.014736 -1.943626
v 6.603775 1.031739 -1.633078
v 6.715798 1.002894 -1.541879
v 6.808545 0.973500 -1.448960
v 5.607547 1.092297 -1.762225
v 5.699751 1.095397 -1.736171
v 5.793013 1.097246 -1.719792
v 5.631858 0.013450 -1.952434
v 5.722591 0.013668 -1.914244
v 5.815582 0.013832 -1.893718
v 4.292986 0.901828 -1.416496
v 4.168276 0.877493 -1.384880
v 4.041454 0.849245 -1.360348
v 3.540437 0.059097 -1.189903
v 3.649374 0.043541 -1.269270
v 3.774455 0.042684 -1.348294
v 4.040124 0.047960 -1.466566
v 4.172427 0.042251 -1.513342
v 4.303601 0.034593 -1.571916
v 4.793283 1.018862 -1.731414
v 4.661490 0.988284 -1.634551
v 4.536655 0.956931 -1.540223
v 3.780960 0.728908 -1.282583
v 3.656009 0.629823 -1.223528
v 3.546114 0.520516 -1.164752
v 4.562040 0.017165 -1.779503
v 4.691556 0.014567 -1.916846
v 4.825138 0.015291 -2.041828
v 3.406226 0.322785 -1.077930
v 3.386777 0.234851 -1.066240
v 3.404757 0.157368 -1.081371
v 5.015282 0.513417 -2.842480
v 5.235278 0.518784 -2.801704
v 5.445804 0.523122 -2.721525
v 5.931479 0.058232 -2.566315
v 5.840779 0.058752 -2.566654
v 5.748510 0.058779 -2.597266
v 5.724129 0.222165 -1.165515
v 5.649747 0.221450 -1.170283
v 5.574194 0.220642 -1.175477
v 5.146955 0.540721 -1.061423
v 5.268182 0.543488 -1.074271
v 5.377842 0.548175 -1.079167
v 5.083324 1.064608 -1.843141
v 5.233453 1.076347 -1.842639
v 5.376261 1.083500 -1.822141
v 5.114123 0.014068 -2.148555
v 5.263485 0.013698 -2.122490
v 5.404865 0.013590 -2.068041
v 5.512868 0.055126 -1.777412
v 5.501173 0.121152 -1.547834
v 5.493817 0.179313 -1.339056
v 5.539327 1.017186 -2.086872
v 5.570767 0.871028 -2.316409
v 5.598376 0.696969 -2.499770
v 5.489515 0.257345 -1.084300
v 5.487973 0.312871 -1.045120
v 5.484321 0.405173 -1.051421
v 5.461311 0.743540 -1.138755
v 5.457010 0.922519 -1.265373
v 5.471710 1.046694 -1.491551
v 5.604327 0.010262 -2.548999
v 5.578675 -0.009374 -2.399132
v 5.552313 -0.006238 -2.216076
v 5.635855 0.376410 -2.719830
v 5.641311 0.245363 -2.747702
v 5.637727 0.137646 -2.726931
v 7.538612 0.054519 -1.701444
v 7.445329 0.056302 -1.756550
v 7.352118 0.058566 -1.786346
v 6.996749 0.240943 -0.653257
v 6.947980 0.255875 -0.718491
v 6.896132 0.264564 -0.773357
v 7.141549 0.509666 -1.865637
v 7.171473 0.509066 -1.805954
v 7.209406 0.504871 -1.778343
v 6.675527 0.549284 -0.883660
v 6.735606 0.546889 -0.854442
v 6.787696 0.544311 -0.821459
v 6.952681 0.033784 -1.457695
v 6.992158 0.035748 -1.417171
v 7.031655 0.035486 -1.392247
v 6.932935 0.930836 -1.319114
v 6.972580 0.919870 -1.286032
v 7.009052 0.911819 -1.261713
v 7.116544 0.854412 -1.396023
v 7.176094 0.755426 -1.545071
v 7.226513 0.630445 -1.670053
v 7.014005 0.098001 -1.214171
v 6.948243 0.167333 -1.058619
v 6.890070 0.224498 -0.923785
v 7.287458 0.367259 -1.822795
v 7.296371 0.245564 -1.847937
v 7.291308 0.140885 -1.840627
v 7.239704 0.011563 -1.731241
v 7.195478 -0.009628 -1.633932
v 7.141892 -0.004629 -1.513473
v 6.873936 0.680828 -0.850821
v 6.924899 0.805584 -0.951594
v 6.985885 0.884912 -1.083138
v 6.817890 0.305002 -0.759550
v 6.807892 0.354541 -0.734903
v 6.814099 0.429899 -0.743785
v 3.378308 0.329025 -1.192545
v 3.367649 0.327764 -1.315803
v 3.380443 0.319336 -1.443632
v 3.358316 0.234861 -1.179225
v 3.348922 0.234206 -1.302775
v 3.363591 0.233304 -1.434636
v 3.376977 0.150338 -1.196792
v 3.366651 0.148492 -1.320571
v 3.379722 0.153042 -1.448550
v 4.524171 -0.006406 -1.956498
v 4.478822 -0.008237 -2.109546
v 4.433557 0.012019 -2.233394
v 4.649517 -0.005152 -2.117507
v 4.600378 -0.008176 -2.289463
v 4.551881 0.011178 -2.427580
v 4.782770 -0.005470 -2.265131
v 4.734513 -0.009591 -2.455745
v 4.687492 0.009176 -2.609298
v 5.763550 0.138440 -2.664647
v 5.768069 0.246369 -2.686295
v 5.762025 0.377653 -2.659510
v 5.855559 0.138342 -2.636569
v 5.860089 0.246208 -2.659507
v 5.854314 0.377454 -2.633055
v 5.945307 0.137676 -2.640018
v 5.949579 0.245317 -2.664396
v 5.944188 0.376305 -2.637488
v 3.763574 0.702386 -1.448259
v 3.750238 0.632218 -1.622262
v 3.739715 0.541237 -1.782251
v 3.635433 0.621255 -1.372537
v 3.621799 0.576819 -1.529335
v 3.614067 0.509233 -1.675031
v 3.522275 0.524167 -1.297818
v 3.509354 0.502994 -1.436947
v 3.507640 0.461102 -1.567121
v 4.603591 0.288773 -0.989695
v 4.750408 0.278157 -1.015095
v 4.897259 0.267699 -1.039022
v 4.603027 0.338010 -0.954231
v 4.750336 0.327155 -0.974604
v 4.897687 0.316283 -0.994284
v 4.600291 0.418834 -0.956764
v 4.746056 0.410397 -0.975683
v 4.891843 0.401552 -0.994472
v 3.723450 0.133455 -1.988842
v 3.600189 0.139160 -1.862458
v 3.495899 0.149243 -1.720424
v 3.722299 0.229478 -2.008375
v 3.597712 0.230803 -1.878478
v 3.489697 0.231885 -1.728859
v 3.724858 0.335224 -1.981080
v 3.601396 0.329906 -1.855412
v 3.496758 0.320004 -1.714413
v 4.624462 0.134290 -2.789292
v 4.486471 0.136859 -2.588568
v 4.372149 0.138692 -2.376831
v 4.615467 0.238736 -2.807433
v 4.477225 0.240844 -2.604718
v 4.363526 0.242009 -2.389840
v 4.621738 0.363381 -2.772990
v 4.483956 0.363144 -2.572097
v 4.370028 0.361772 -2.359757
v 4.100021 0.301763 -0.902962
v 4.213920 0.307435 -0.922902
v 4.334112 0.302756 -0.943907
v 4.101790 0.348801 -0.880909
v 4.214511 0.355288 -0.898436
v 4.333764 0.351322 -0.916414
v 4.099119 0.417686 -0.887731
v 4.212349 0.426978 -0.903588
v 4.331892 0.425942 -0.920439
v 4.765345 0.949252 -2.050789
v 4.722587 0.814259 -2.305954
v 4.678583 0.654889 -2.517446
v 4.631662 0.921727 -1.918390
v 4.589489 0.798019 -2.155829
v 4.543876 0.648572 -2.342850
v 4.507595 0.894840 -1.780270
v 4.468976 0.779998 -1.994265
v 4.427165 0.640024 -2.161110
v 4.022269 0.001700 -1.633617
v 4.003736 -0.010621 -1.791975
v 3.987038 0.008152 -1.931516
v 4.151288 -0.001818 -1.674093
v 4.126842 -0.011881 -1.822694
v 4.103298 0.008110 -1.951062
v 4.277708 -0.005125 -1.728439
v 4.246149 -0.011436 -1.868800
v 4.214781 0.009321 -1.987240
v 3.516862 0.039948 -1.323770
v 3.504885 0.035165 -1.460170
v 3.504406 0.048819 -1.585332
v 3.628671 0.017233 -1.416741
v 3.615685 0.010029 -1.565178
v 3.609313 0.025297 -1.699739
v 3.756377 0.007939 -1.508680
v 3.742999 -0.002104 -1.667553
v 3.733760 0.014153 -1.810700
v 3.687513 0.210546 -0.773523
v 3.775200 0.231819 -0.820140
v 3.878980 0.258616 -0.850643
v 3.688536 0.246371 -0.756694
v 3.778667 0.272351 -0.804258
v 3.882839 0.302541 -0.832915
v 3.687911 0.290748 -0.772417
v 3.775500 0.322990 -0.815353
v 3.879074 0.359999 -0.842619
v 4.172354 0.136243 -2.127269
v 4.072087 0.134004 -2.106028
v 3.965902 0.132240 -2.102893
v 4.166586 0.238211 -2.140226
v 4.068028 0.234864 -2.121619
v 3.963380 0.231486 -2.121236
v 4.171628 0.356781 -2.113767
v 4.072216 0.350915 -2.094807
v 3.966774 0.344221 -2.093464
v 4.270026 0.849273 -1.602463
v 4.242007 0.743459 -1.784770
v 4.212968 0.615572 -1.938650
v 4.149385 0.825732 -1.569292
v 4.127367 0.722805 -1.754012
v 4.104786 0.599796 -1.911623
v 4.025294 0.798886 -1.545177
v 4.008338 0.698923 -1.734369
v 3.991462 0.581944 -1.897711
v 6.234170 0.135583 -2.726182
v 6.239542 0.242365 -2.752918
v 6.232524 0.372543 -2.723214
v 6.435984 0.134277 -2.775997
v 6.442831 0.240476 -2.803232
v 6.433784 0.369827 -2.771767
v 6.640933 0.133347 -2.791534
v 6.649226 0.238888 -2.818570
v 6.638222 0.366932 -2.785919
v 5.660879 -0.006018 -2.156498
v 5.693016 -0.008866 -2.336725
v 5.723737 0.010862 -2.485880
v 5.753346 -0.005981 -2.116744
v 5.785979 -0.008790 -2.298826
v 5.816464 0.010904 -2.451561
v 5.847585 -0.006053 -2.098763
v 5.879690 -0.009035 -2.286183
v 5.908716 0.010527 -2.445379
v 5.571517 1.052448 -1.475036
v 5.551730 0.928750 -1.259182
v 5.550386 0.749033 -1.136955
v 5.661597 1.057254 -1.459518
v 5.638069 0.933187 -1.252565
v 5.631508 0.752505 -1.134214
v 5.752433 1.060684 -1.449376
v 5.723608 0.936166 -1.245648
v 5.710469 0.754118 -1.127803
v 5.565643 0.405788 -1.054382
v 5.568278 0.312996 -1.048528
v 5.570465 0.257711 -1.084952
v 5.639178 0.406622 -1.055500
v 5.640777 0.313739 -1.050104
v 5.643661 0.258871 -1.084537
v 5.710937 0.408436 -1.055087
v 5.711319 0.315371 -1.049723
v 5.715133 0.260317 -1.082913
v 6.505867 1.005756 -1.377144
v 6.412817 0.889877 -1.169918
v 6.340641 0.719568 -1.043214
v 6.620942 0.981812 -1.314336
v 6.530108 0.877366 -1.131088
v 6.456475 0.717592 -1.014796
v 6.719796 0.954955 -1.251760
v 6.634554 0.861313 -1.094258
v 6.562498 0.712935 -0.989196
v 6.107059 -0.006060 -2.131753
v 6.150718 -0.009406 -2.335245
v 6.188204 0.009624 -2.510265
v 6.273308 -0.005910 -2.162137
v 6.329424 -0.009745 -2.372294
v 6.377353 0.008926 -2.553021
v 6.443351 -0.005665 -2.173061
v 6.511658 -0.010029 -2.385272
v 6.569852 0.008349 -2.567287
v 5.973894 1.060821 -1.455377
v 5.922207 0.933646 -1.238147
v 5.889212 0.749300 -1.113061
v 6.105543 1.054350 -1.458208
v 6.039461 0.927126 -1.235224
v 5.993580 0.741944 -1.104082
v 6.242874 1.041989 -1.451805
v 6.163328 0.915099 -1.226161
v 6.105596 0.731909 -1.092241
v 5.870285 0.407954 -1.046775
v 5.869380 0.316112 -1.044714
v 5.876781 0.261210 -1.079193
v 5.962378 0.404957 -1.037704
v 5.960953 0.314816 -1.038397
v 5.971026 0.260965 -1.075289
v 6.061996 0.401940 -1.026616
v 6.059498 0.313719 -1.028399
v 6.071887 0.261053 -1.066457
v 7.699255 0.131699 -1.523399
v 7.705355 0.229943 -1.530828
v 7.692545 0.339601 -1.501615
v 7.730137 0.135873 -1.368865
v 7.736144 0.230085 -1.374458
v 7.724485 0.333171 -1.348811
v 7.738935 0.144425 -1.210845
v 7.744518 0.230240 -1.210804
v 7.734420 0.322374 -1.193658
v 6.274619 0.406233 -0.978045
v 6.269500 0.321596 -0.982134
v 6.284296 0.270901 -1.018829
v 6.381890 0.413783 -0.947368
v 6.375200 0.330687 -0.950673
v 6.389782 0.280122 -0.984275
v 6.483234 0.422024 -0.917160
v 6.475061 0.339917 -0.917769
v 6.488626 0.289068 -0.947102
v 6.951563 0.134841 -2.610772
v 6.960676 0.239455 -2.634688
v 6.948645 0.364364 -2.604736
v 7.040035 0.138194 -2.425293
v 7.048368 0.242714 -2.446358
v 7.037428 0.365826 -2.417672
v 7.097225 0.141864 -2.225911
v 7.104440 0.246320 -2.242104
v 7.094989 0.367703 -2.214608
v 6.730733 -0.003974 -2.053941
v 6.808187 -0.008371 -2.246929
v 6.873154 0.009968 -2.410399
v 6.834369 -0.003412 -1.928334
v 6.907546 -0.006790 -2.101614
v 6.967989 0.012297 -2.247762
v 6.914397 -0.003749 -1.792848
v 6.980558 -0.006018 -1.944875
v 7.034237 0.014185 -2.072556
v 7.598110 0.141211 -0.674725
v 7.659661 0.139282 -0.799462
v 7.703202 0.144842 -0.928452
v 7.599674 0.234397 -0.644804
v 7.661308 0.232549 -0.770469
v 7.705829 0.230587 -0.905462
v 7.591957 0.338448 -0.657944
v 7.654123 0.334860 -0.782130
v 7.698628 0.323561 -0.912271
v 7.503730 -0.009849 -1.167076
v 7.575294 -0.013975 -1.295435
v 7.632968 0.006599 -1.402008
v 7.544068 -0.000135 -1.017001
v 7.613705 -0.004908 -1.142729
v 7.668278 0.015080 -1.250026
v 7.571272 0.023248 -0.870805
v 7.637273 0.019050 -0.994287
v 7.686227 0.036929 -1.103769
v 7.279886 0.696460 -0.754328
v 7.197572 0.610468 -0.640069
v 7.122409 0.497425 -0.539427
v 7.331292 0.601561 -0.657975
v 7.242254 0.525361 -0.549085
v 7.158461 0.433752 -0.448236
v 7.373426 0.502535 -0.565767
v 7.275419 0.443431 -0.456867
v 7.186782 0.378258 -0.365122
v 7.033002 0.317863 -0.414072
v 7.013505 0.265288 -0.393695
v 7.027112 0.228568 -0.412716
v 7.041022 0.290633 -0.325372
v 7.010029 0.245933 -0.300966
v 7.032099 0.212246 -0.320114
v 7.037384 0.274051 -0.248505
v 6.990433 0.235358 -0.224502
v 7.035552 0.203410 -0.248558
v 6.863759 0.421755 -0.694354
v 6.857972 0.347978 -0.684555
v 6.868109 0.300126 -0.709514
v 6.912884 0.404849 -0.638316
v 6.906262 0.334021 -0.627127
v 6.917478 0.288835 -0.652841
v 6.957554 0.379091 -0.572107
v 6.949501 0.313568 -0.558946
v 6.961645 0.271453 -0.584578
v 7.038115 0.873204 -1.045490
v 6.975183 0.795193 -0.911026
v 6.923174 0.671012 -0.807531
v 7.097665 0.855890 -0.994273
v 7.030108 0.776982 -0.859770
v 6.974722 0.650774 -0.755132
v 7.160217 0.825841 -0.928442
v 7.087175 0.742627 -0.797059
v 7.027375 0.614250 -0.693809
v 7.210939 -0.007154 -1.491408
v 7.268748 -0.011355 -1.615313
v 7.316692 0.009644 -1.714861
v 7.291682 -0.009667 -1.454207
v 7.354679 -0.013174 -1.581284
v 7.406831 0.007660 -1.683322
v 7.373872 -0.011507 -1.392899
v 7.441707 -0.014689 -1.522254
v 7.497540 0.006079 -1.626482
v 7.372777 0.137999 -1.826397
v 7.378066 0.241206 -1.833717
v 7.367788 0.360795 -1.807447
v 7.467763 0.135078 -1.797636
v 7.473332 0.236800 -1.805061
v 7.461638 0.353936 -1.777461
v 7.562535 0.132768 -1.743516
v 7.568377 0.233284 -1.750948
v 7.555570 0.348042 -1.722195
v 6.943212 0.224006 -0.879141
v 7.004754 0.166308 -1.019761
v 7.074475 0.095597 -1.181724
v 6.998858 0.218867 -0.826007
v 7.066163 0.164233 -0.969719
v 7.142645 0.092323 -1.136357
v 7.053966 0.207164 -0.762851
v 7.127897 0.157056 -0.905921
v 7.211621 0.089269 -1.072025
v 7.299211 0.618194 -1.648948
v 7.242941 0.741136 -1.518456
v 7.177324 0.841043 -1.365168
v 7.384866 0.603958 -1.612266
v 7.322147 0.723445 -1.475857
v 7.249395 0.822591 -1.317583
v 7.472084 0.589001 -1.550746
v 7.403958 0.703279 -1.409747
v 7.324901 0.798967 -1.247434
v 7.608015 0.551422 -1.328159
v 7.538477 0.643647 -1.190475
v 7.456695 0.711756 -1.038309
v 7.647477 0.520378 -1.185904
v 7.583677 0.592540 -1.056338
v 7.506565 0.637744 -0.916192
v 7.670898 0.473852 -1.054215
v 7.616142 0.522457 -0.932340
v 7.545763 0.546565 -0.802828
v 7.142251 0.169853 -0.585662
v 7.233635 0.128896 -0.723312
v 7.326746 0.076124 -0.869033
v 7.170607 0.152031 -0.477196
v 7.269053 0.116499 -0.608003
v 7.367378 0.072174 -0.742164
v 7.192525 0.145815 -0.379568
v 7.291430 0.115154 -0.491481
v 7.397334 0.080053 -0.619073
v 7.202861 0.187283 -0.256699
v 7.309947 0.175125 -0.330449
v 7.421011 0.162405 -0.441371
v 7.198586 0.230079 -0.237709
v 7.309962 0.231294 -0.307191
v 7.421546 0.234013 -0.414453
v 7.202247 0.279034 -0.255262
v 7.307026 0.296327 -0.324956
v 7.415415 0.317199 -0.430143
v 6.383035 0.196113 -1.233680
v 6.462921 0.137152 -1.416767
v 6.553137 0.065993 -1.627301
v 6.489933 0.205216 -1.180066
v 6.570539 0.146781 -1.347168
v 6.660905 0.074121 -1.540732
v 6.586344 0.213455 -1.123323
v 6.664472 0.156033 -1.272631
v 6.751518 0.083764 -1.446809
v 6.180481 0.690522 -2.473665
v 6.138902 0.866850 -2.267154
v 6.087996 1.015914 -2.014106
v 6.366636 0.683292 -2.511545
v 6.312912 0.858360 -2.294790
v 6.248907 1.007723 -2.035164
v 6.556551 0.673554 -2.521990
v 6.491135 0.844663 -2.300468
v 6.414549 0.994908 -2.038419
v 5.925423 0.180323 -1.299086
v 5.965688 0.123111 -1.482300
v 6.012053 0.059514 -1.692498
v 6.035774 0.180841 -1.302088
v 6.088928 0.122742 -1.491470
v 6.149707 0.058108 -1.708606
v 6.151938 0.182155 -1.297757
v 6.217341 0.124035 -1.490856
v 6.292047 0.057908 -1.712537
v 6.859449 0.656079 -2.360536
v 6.787278 0.815886 -2.157893
v 6.701198 0.954782 -1.914957
v 6.956491 0.652280 -2.196974
v 6.890079 0.802425 -2.016955
v 6.808525 0.929699 -1.793674
v 7.025404 0.650018 -2.021841
v 6.966480 0.791473 -1.863108
v 6.892990 0.907577 -1.665408
v 5.718904 0.700348 -2.446606
v 5.686505 0.874386 -2.269807
v 5.649401 1.020236 -2.046266
v 5.812366 0.700165 -2.418564
v 5.780278 0.874731 -2.240673
v 5.742635 1.021515 -2.015347
v 5.904595 0.697546 -2.414981
v 5.873730 0.872504 -2.230727
v 5.836254 1.021074 -1.997904
v 5.580817 0.179792 -1.323482
v 5.592462 0.123046 -1.517945
v 5.609384 0.058209 -1.734441
v 5.660089 0.179941 -1.310310
v 5.675795 0.124060 -1.494410
v 5.696822 0.060264 -1.702002
v 5.739098 0.180062 -1.300525
v 5.760197 0.124437 -1.479381
v 5.786272 0.061092 -1.682868
v 4.323721 0.679083 -1.013443
v 4.317177 0.804022 -1.110999
v 4.307836 0.882469 -1.247360
v 4.200799 0.666740 -0.996733
v 4.192435 0.786040 -1.090992
v 4.182114 0.860311 -1.221665
v 4.082030 0.642935 -0.982798
v 4.069715 0.758476 -1.074853
v 4.056129 0.832379 -1.201026
v 3.648061 0.149239 -0.882364
v 3.609095 0.117640 -0.969183
v 3.572387 0.086500 -1.069515
v 3.738549 0.158253 -0.930990
v 3.708223 0.118993 -1.021572
v 3.677138 0.079627 -1.135528
v 3.847506 0.180208 -0.972082
v 3.823132 0.136078 -1.074396
v 3.797650 0.088741 -1.201110
v 4.083875 0.224674 -1.043815
v 4.071164 0.173039 -1.161741
v 4.056432 0.111081 -1.305229
v 4.205670 0.228587 -1.074204
v 4.198265 0.173231 -1.200042
v 4.187706 0.107025 -1.350973
v 4.331822 0.223098 -1.108562
v 4.328074 0.165979 -1.244739
v 4.319719 0.098069 -1.405602
v 4.855003 0.725814 -1.084974
v 4.831259 0.887295 -1.211199
v 4.811600 0.991241 -1.429148
v 4.719275 0.718020 -1.066753
v 4.700419 0.868900 -1.184142
v 4.682037 0.964854 -1.375740
v 4.584177 0.706183 -1.048002
v 4.571199 0.847249 -1.155678
v 4.556266 0.935042 -1.323305
v 3.849245 0.535223 -0.940094
v 3.826464 0.631004 -1.026970
v 3.802692 0.701700 -1.140793
v 3.740981 0.461834 -0.909991
v 3.712281 0.537355 -0.990339
v 3.682695 0.598480 -1.094982
v 3.649648 0.395723 -0.877026
v 3.612924 0.447390 -0.953209
v 3.577435 0.492109 -1.048202
v 4.601392 0.211745 -1.201779
v 4.597123 0.149478 -1.380043
v 4.585709 0.075380 -1.582870
v 4.743273 0.203960 -1.259855
v 4.735757 0.138609 -1.466574
v 4.720108 0.063303 -1.695052
v 4.884826 0.194986 -1.312118
v 4.874627 0.128271 -1.543851
v 4.855986 0.054902 -1.795579
v 3.548505 0.282354 -0.800626
v 3.490548 0.296564 -0.886264
v 3.443792 0.311041 -0.976096
v 3.536671 0.231454 -0.785844
v 3.474421 0.232548 -0.875238
v 3.425402 0.233786 -0.965911
v 3.547847 0.188575 -0.800635
v 3.489532 0.177814 -0.887446
v 3.442429 0.166856 -0.978604
v 5.156012 0.181386 -1.367949
v 5.147294 0.116770 -1.616811
v 5.133745 0.048688 -1.884848
v 5.280078 0.178512 -1.367974
v 5.276079 0.116269 -1.607660
v 5.270682 0.049088 -1.866971
v 5.393321 0.178685 -1.355394
v 5.395175 0.118450 -1.580802
v 5.398986 0.051602 -1.826012
v 5.031671 0.672952 -2.672968
v 5.052794 0.843574 -2.446391
v 5.074399 0.990338 -2.179938
v 5.236678 0.682436 -2.640953
v 5.239395 0.855805 -2.426486
v 5.241405 1.003227 -2.170295
v 5.432938 0.690713 -2.572977
v 5.417990 0.864901 -2.375325
v 5.400630 1.011777 -2.133225
v 5.163919 0.399550 -1.028695
v 5.170419 0.310495 -1.025232
v 5.169838 0.257382 -1.072106
v 5.283394 0.401923 -1.039956
v 5.289202 0.311766 -1.034248
v 5.289183 0.256890 -1.079298
v 5.390275 0.404279 -1.046328
v 5.395111 0.312805 -1.040293
v 5.395873 0.257294 -1.082529
v 5.086108 1.021311 -1.504645
v 5.097081 0.899839 -1.258775
v 5.120701 0.728744 -1.123369
v 5.224152 1.032172 -1.511509
v 5.226676 0.905666 -1.269245
v 5.244960 0.730064 -1.136156
v 5.354664 1.040281 -1.505109
v 5.347796 0.914572 -1.269094
v 5.359105 0.737016 -1.138625
v 5.090267 -0.007258 -2.388855
v 5.064700 -0.011574 -2.594427
v 5.040536 0.007413 -2.761374
v 5.256577 -0.007137 -2.355648
v 5.250268 -0.011082 -2.555525
v 5.244809 0.008104 -2.717948
v 5.414927 -0.006677 -2.289612
v 5.427445 -0.010201 -2.480434
v 5.440049 0.009217 -2.635790
v 5.008343 0.133248 -2.957537
v 5.003305 0.238941 -2.977667
v 5.005659 0.367054 -2.941239
v 5.237385 0.134431 -2.909049
v 5.235569 0.240936 -2.929371
v 5.234901 0.370465 -2.895794
v 5.456404 0.136111 -2.819127
v 5.457708 0.243324 -2.839540
v 5.454200 0.373832 -2.809306
v 7.107485 0.647951 -1.769621
v 7.060223 0.777207 -1.640137
v 7.001426 0.879665 -1.485021
v 7.138190 0.645435 -1.713804
v 7.092682 0.772380 -1.590625
v 7.036781 0.871361 -1.443422
v 7.174777 0.639664 -1.686359
v 7.128139 0.765320 -1.564276
v 7.071963 0.863386 -1.418170
v 6.735808 0.221834 -1.029727
v 6.803777 0.165659 -1.157673
v 6.879015 0.096722 -1.305821
v 6.791243 0.223275 -0.994765
v 6.853805 0.167190 -1.121423
v 6.923435 0.098693 -1.267733
v 6.840796 0.224236 -0.960984
v 6.899616 0.167622 -1.090477
v 6.965613 0.098591 -1.240237
v 7.163873 0.144756 -1.939780
v 7.169297 0.250541 -1.949234
v 7.161861 0.374938 -1.924638
v 7.193786 0.144417 -1.879169
v 7.198841 0.250722 -1.887219
v 7.191453 0.375013 -1.863090
v 7.233329 0.143100 -1.852373
v 7.238288 0.248887 -1.859869
v 7.230382 0.372195 -1.835495
v 7.017355 -0.002927 -1.598042
v 7.071401 -0.006880 -1.720806
v 7.114456 0.014564 -1.822264
v 7.053235 -0.002170 -1.553890
v 7.104773 -0.007525 -1.672057
v 7.146169 0.013937 -1.768712
v 7.091476 -0.002740 -1.530115
v 7.142884 -0.008380 -1.648122
v 7.184780 0.012991 -1.743944
v 6.858184 0.912467 -1.160851
v 6.785431 0.830242 -1.030633
v 6.722746 0.698548 -0.938932
v 6.903321 0.900904 -1.133931
v 6.836316 0.820579 -1.006121
v 6.778845 0.692372 -0.913361
v 6.943069 0.893098 -1.110399
v 6.880442 0.813055 -0.981659
v 6.827332 0.686764 -0.885475
v 6.647296 0.430488 -0.855001
v 6.638719 0.351270 -0.850905
v 6.650339 0.300581 -0.875808
v 6.709822 0.431245 -0.822481
v 6.702098 0.353622 -0.816846
v 6.712822 0.303138 -0.841171
v 6.764185 0.431502 -0.786186
v 6.757317 0.354873 -0.779044
v 6.767457 0.304709 -0.803421
v 3.636831 0.275234 5.869363
v 3.679041 0.302175 -0.752131
v 3.636831 0.168869 5.869362
v 3.679440 0.181579 -0.755635
v 4.007050 0.275234 5.869362
v 3.986791 0.381341 -0.830364
v 4.007050 0.168869 5.869363
v 3.988938 0.247346 -0.843247
v 3.820997 0.159427 5.838237
v 3.828772 0.210531 -0.826011
v 3.820997 0.284675 5.838237
v 3.827142 0.353126 -0.815507
v 3.568567 0.222051 5.879737
v 3.639696 0.235811 -0.746721
v 4.074529 0.222051 5.879737
v 4.037110 0.329403 -0.863709
v 3.828094 0.289104 -0.848729
v 3.643848 0.350747 5.723261
v 3.643848 0.093355 5.723261
v 4.009264 0.093355 5.723261
v 4.009264 0.350747 5.723261
v 3.825459 0.399388 5.717036
v 3.825459 0.044714 5.717036
v 4.076108 0.222051 5.725336
v 3.576166 0.222051 5.725336
v 3.680358 0.359538 -0.658663
v 3.680683 0.102925 -0.661262
v 4.007292 0.134862 -0.710993
v 4.004601 0.411848 -0.695367
v 3.838577 0.439298 -0.677333
v 3.840355 0.063829 -0.689098
v 4.080832 0.283870 -0.718784
v 3.617990 0.225143 -0.645541
v 3.608833 0.222051 5.904053
v 3.649837 0.252022 5.896179
v 3.820142 0.193763 5.866701
v 3.649837 0.192080 5.896179
v 4.031816 0.222051 5.904053
v 3.991766 0.192080 5.896179
v 3.820142 0.250340 5.866701
v 3.991766 0.252023 5.896179
v 3.819714 0.222051 5.869997
v 3.656769 0.082191 4.482900
v 4.011174 0.082191 4.481264
v 4.011174 0.361911 4.481264
v 3.832216 0.417297 4.482256
v 3.832216 0.026806 4.482257
v 4.078385 0.222051 4.480258
v 3.591145 0.222051 4.483369
v 3.656769 0.361911 4.482900
v 3.675583 0.361911 0.437003
v 3.675583 0.082191 0.437003
v 4.005883 0.082191 0.423765
v 4.005883 0.361911 0.423765
v 3.837561 0.417296 0.431338
v 3.837561 0.026805 0.431338
v 4.077312 0.222051 0.416614
v 3.612746 0.222051 0.441116
v 3.585562 0.252823 5.878440
v 3.675188 0.328963 -0.714268
v 3.652164 0.206993 -0.751364
v 3.639625 0.131112 5.816362
v 3.719937 0.160287 5.849909
v 3.924116 0.235653 -0.845385
v 4.007833 0.131112 5.816362
v 4.058030 0.191279 5.878440
v 4.019223 0.360171 -0.852909
v 4.007833 0.312991 5.816362
v 3.922897 0.283815 5.849909
v 3.735632 0.321535 -0.783818
v 3.922897 0.160287 5.849909
v 3.736532 0.191183 -0.790255
v 3.719937 0.283815 5.849909
v 3.922058 0.374773 -0.832752
v 3.826806 0.315580 -0.842989
v 3.820329 0.258875 5.858202
v 3.822724 0.342032 5.797688
v 3.822724 0.102071 5.797688
v 3.585562 0.191279 5.878441
v 3.652017 0.268580 -0.749927
v 4.058030 0.252823 5.878441
v 4.020439 0.289914 -0.860362
v 3.827495 0.260354 -0.847426
v 3.638077 0.257964 5.893494
v 4.004236 0.186138 5.893494
v 3.946263 0.320353 -0.874410
v 3.716530 0.255537 -0.802318
v 4.069027 0.222051 5.905408
v 4.075047 0.222051 5.822586
v 3.571560 0.222051 5.822586
v 3.639625 0.312991 5.816362
v 3.649329 0.076836 5.466940
v 4.011045 0.076836 5.466736
v 4.011045 0.367266 5.466736
v 3.828882 0.424481 5.466082
v 3.828882 0.019621 5.466082
v 4.077642 0.222051 5.466869
v 3.582448 0.222051 5.467258
v 3.593076 0.292371 5.725077
v 4.059744 0.151731 5.725077
v 3.725824 0.056929 5.719371
v 3.926064 0.387174 5.719371
v 3.725824 0.387174 5.719371
v 4.059744 0.292371 5.725077
v 3.926064 0.056929 5.719371
v 3.593076 0.151731 5.725077
v 3.681211 0.360058 -0.477019
v 3.675601 0.144210 -0.717802
v 4.002094 0.197125 -0.794360
v 3.999259 0.400280 -0.777582
v 3.832615 0.403190 -0.753856
v 3.834965 0.132470 -0.769077
v 4.075532 0.311782 -0.804557
v 3.615152 0.228451 -0.695382
v 3.634025 0.295373 -0.649353
v 4.061269 0.205171 -0.718608
v 3.753139 0.070109 -0.675159
v 3.926851 0.440505 -0.685220
v 3.752273 0.409554 -0.668667
v 4.059538 0.356616 -0.708748
v 3.929459 0.085806 -0.701059
v 3.634150 0.157827 -0.650244
v 3.621822 0.241345 5.902703
v 3.716159 0.192124 5.879620
v 4.019321 0.202757 5.902703
v 3.924749 0.251979 5.879620
v 3.924749 0.192124 5.879619
v 3.716159 0.251979 5.879619
v 3.819880 0.238317 5.869585
v 3.621822 0.202757 5.902703
v 4.019321 0.241345 5.902704
v 3.819880 0.205785 5.869585
v 3.698285 0.222051 5.883591
v 3.941564 0.222051 5.883591
v 3.820329 0.185227 5.858202
v 4.004236 0.257964 5.893494
v 3.638077 0.186138 5.893494
v 3.572416 0.222051 5.905408
v 3.666385 0.082191 2.446887
v 4.008360 0.082191 2.441348
v 4.008360 0.361911 2.441348
v 3.834886 0.417297 2.444651
v 3.834886 0.026805 2.444651
v 4.077533 0.222051 2.438063
v 3.602331 0.222051 2.448517
v 3.649329 0.367266 5.466940
v 3.607587 0.146037 4.483216
v 3.929767 0.041072 4.481833
v 4.061627 0.298065 4.480597
v 3.735942 0.403031 4.482589
v 3.929767 0.403031 4.481833
v 3.735942 0.041072 4.482589
v 4.061627 0.146037 4.480597
v 3.607587 0.298065 4.483216
v 3.666385 0.361911 2.446887
v 3.681211 0.084488 -0.477018
v 4.006674 0.089348 -0.503915
v 4.006553 0.376172 -0.503274
v 3.840337 0.422050 -0.489095
v 3.840410 0.030016 -0.489616
v 4.079761 0.237055 -0.516346
v 3.618690 0.222051 -0.468482
v 3.628825 0.146037 0.439786
v 3.927927 0.041071 0.427979
v 4.058338 0.298065 0.419000
v 3.748966 0.403031 0.434206
v 3.927927 0.403031 0.427979
v 3.748966 0.041071 0.434206
v 4.058338 0.146037 0.419000
v 3.628825 0.298065 0.439786
v 3.630747 0.181133 -0.701631
v 3.925169 0.157165 -0.785305
v 4.053776 0.363677 -0.793457
v 3.745333 0.371015 -0.734788
v 3.922460 0.260436 5.871661
v 3.722632 0.282621 -0.800902
v 3.936364 0.344879 -0.865501
v 3.922460 0.183667 5.871661
v 3.922141 0.414004 -0.766818
v 3.746518 0.127866 -0.743563
v 3.718960 0.260436 5.871661
v 3.937280 0.288618 -0.871122
v 3.723002 0.230777 -0.803569
v 4.053075 0.200187 5.903889
v 4.055493 0.252720 -0.803609
v 3.630593 0.279519 -0.700500
v 3.588537 0.272597 5.821809
v 4.058604 0.171505 5.821809
v 3.722265 0.108608 5.804690
v 3.924079 0.335494 5.804690
v 3.722265 0.335494 5.804690
v 4.058604 0.272597 5.821809
v 3.924079 0.108608 5.804690
v 3.588537 0.171505 5.821809
v 3.634794 0.296833 -0.471169
v 4.060026 0.157518 -0.512237
v 3.753446 0.044044 -0.483299
v 3.929153 0.413432 -0.495577
v 3.753419 0.402957 -0.483111
v 4.059960 0.313944 -0.511968
v 3.929254 0.045305 -0.496259
v 3.634794 0.147285 -0.471169
v 3.935388 0.239551 5.882993
v 3.704878 0.239551 5.882993
v 3.704879 0.204552 5.882993
v 3.935388 0.204552 5.882993
v 3.718960 0.183667 5.871661
v 4.053075 0.243915 5.903889
v 3.588883 0.243915 5.903889
v 3.588883 0.200187 5.903889
v 3.599158 0.143080 5.467207
v 3.928506 0.034319 5.466320
v 4.061292 0.301022 5.466879
v 3.730345 0.409783 5.466414
v 3.928506 0.409783 5.466320
v 3.730345 0.034319 5.466414
v 4.061292 0.143080 5.466879
v 3.599158 0.301022 5.467207
v 3.618534 0.146037 2.447986
v 3.928764 0.041071 2.443225
v 4.059717 0.298065 2.439167
v 3.742548 0.403031 2.445799
v 3.928764 0.403031 2.443226
v 3.742548 0.041071 2.445799
v 4.059717 0.146037 2.439167
v 3.618534 0.298065 2.447986
v 4.120491 0.275234 5.869219
v 4.056983 0.222051 5.879710
v 4.288516 0.284675 5.837561
v 4.132854 0.252023 5.895995
v 4.121879 0.350747 5.723116
v 4.058395 0.222051 5.725311
v 4.289470 0.399388 5.716350
v 4.126429 0.361911 4.462192
v 4.295675 0.417297 4.459284
v 4.062610 0.222051 4.462882
v 4.134205 0.361911 0.331481
v 4.120178 0.445777 -0.770188
v 4.316193 0.417296 0.320149
v 4.065287 0.222051 0.333367
v 4.042767 0.303243 -0.784771
v 4.134205 0.082191 0.331481
v 4.126429 0.082191 4.462191
v 4.124369 0.160011 -0.796524
v 4.316193 0.026805 0.320149
v 4.295675 0.026806 4.459283
v 4.321378 0.099669 -0.815757
v 4.519614 0.082191 0.301250
v 4.480246 0.082191 4.454910
v 4.536563 0.148792 -0.842469
v 4.591830 0.222051 0.296087
v 4.547513 0.222051 4.453932
v 4.613453 0.288548 -0.839298
v 4.519614 0.361911 0.301250
v 4.480246 0.361911 4.454910
v 4.532979 0.407507 -0.807586
v 4.526108 0.401835 -0.932340
v 4.315969 0.471088 -0.773102
v 4.315238 0.420104 -0.907152
v 4.108329 0.411567 -0.877828
v 4.312648 0.353279 -0.946621
v 4.318248 0.266525 -0.934240
v 4.577477 0.334059 -0.969645
v 4.046269 0.342091 -0.898067
v 4.110960 0.272629 -0.896759
v 4.528669 0.261865 -0.958646
v 4.470868 0.350747 5.721707
v 4.470808 0.275234 5.867811
v 4.537584 0.222051 5.723586
v 4.537810 0.222051 5.877988
v 4.470868 0.093355 5.721708
v 4.470808 0.168869 5.867811
v 4.289470 0.044714 5.716350
v 4.288516 0.159427 5.837561
v 4.121879 0.093355 5.723116
v 4.120491 0.168869 5.869219
v 4.132854 0.192080 5.895995
v 4.288561 0.193763 5.866016
v 4.094629 0.222051 5.903934
v 4.288235 0.222051 5.869321
v 4.288561 0.250340 5.866017
v 4.495474 0.222051 5.902499
v 4.455850 0.192080 5.894724
v 4.455850 0.252022 5.894724
v 4.073195 0.252823 5.878390
v 4.195391 0.283815 5.849569
v 4.122458 0.257964 5.893343
v 4.120953 0.312991 5.816218
v 4.074613 0.292371 5.725027
v 4.196642 0.387174 5.719023
v 4.123492 0.367266 5.464224
v 4.201751 0.403031 4.461075
v 4.078900 0.298065 4.462739
v 4.130798 0.361911 2.384733
v 4.132159 0.401600 -0.599250
v 4.214734 0.403031 0.327377
v 4.083021 0.298065 0.333103
v 4.064964 0.222051 2.386429
v 4.060315 0.252222 -0.604192
v 4.083021 0.146037 0.333103
v 4.130798 0.082191 2.384733
v 4.133636 0.103865 -0.606703
v 4.214734 0.041071 0.327377
v 4.305976 0.026805 2.377228
v 4.320934 0.045194 -0.618677
v 4.426050 0.041071 0.310155
v 4.499465 0.082191 2.365776
v 4.530809 0.099945 -0.642123
v 4.574765 0.146037 0.296973
v 4.568769 0.222051 2.363100
v 4.606022 0.246375 -0.649696
v 4.574765 0.298065 0.296973
v 4.499465 0.361911 2.365776
v 4.529962 0.392360 -0.635539
v 4.426050 0.403031 0.310155
v 4.536492 0.414026 -0.883335
v 4.432911 0.451074 -0.787783
v 4.593549 0.363525 -0.825877
v 4.315642 0.461067 -0.844717
v 4.207563 0.462480 -0.767972
v 4.319179 0.456472 -0.608717
v 4.187496 0.420681 -0.891742
v 4.444456 0.410707 -0.926795
v 4.313562 0.381791 -0.937789
v 4.314782 0.321961 -0.948931
v 4.467832 0.346526 -0.970705
v 4.154463 0.357094 -0.925177
v 4.067916 0.307077 -0.900818
v 4.066542 0.379205 -0.891293
v 4.022536 0.322739 -0.848471
v 4.190331 0.274820 -0.914236
v 4.110506 0.221541 -0.859581
v 4.561412 0.370775 -0.957036
v 4.562799 0.297866 -0.971296
v 4.616003 0.311800 -0.917685
v 4.447289 0.264363 -0.954421
v 4.539891 0.210043 -0.917875
v 4.320621 0.179269 -0.887511
v 4.106839 0.432215 -0.834712
v 4.471985 0.367266 5.462081
v 4.531260 0.298065 4.454055
v 4.395501 0.403031 4.456923
v 4.470849 0.312991 5.814810
v 4.387604 0.387174 5.718219
v 4.521348 0.292371 5.723351
v 4.537754 0.222051 5.820837
v 4.538584 0.222051 5.462048
v 4.521348 0.151731 5.723351
v 4.470849 0.131112 5.814810
v 4.471985 0.076836 5.462081
v 4.387604 0.056929 5.718219
v 4.288866 0.102071 5.797007
v 4.290760 0.019621 5.462605
v 4.196642 0.056929 5.719024
v 4.120953 0.131112 5.816218
v 4.123492 0.076836 5.464223
v 4.074613 0.151731 5.725027
v 4.195391 0.160287 5.849569
v 4.073195 0.191279 5.878389
v 4.122458 0.186138 5.893343
v 4.192608 0.192124 5.879272
v 4.106960 0.202757 5.902568
v 4.106960 0.241345 5.902568
v 4.175548 0.222051 5.883268
v 4.061566 0.222051 5.905370
v 4.288382 0.238317 5.868905
v 4.288382 0.205785 5.868905
v 4.406034 0.222051 5.882442
v 4.532533 0.222051 5.903683
v 4.483164 0.202757 5.901167
v 4.483164 0.241345 5.901167
v 4.389483 0.251979 5.878481
v 4.468292 0.257964 5.891958
v 4.468292 0.186138 5.891958
v 4.389483 0.192124 5.878481
v 4.288515 0.258875 5.857521
v 4.192608 0.251979 5.879272
v 4.288515 0.185227 5.857521
v 4.387109 0.160287 5.848764
v 4.521517 0.191279 5.876716
v 4.521517 0.252823 5.876716
v 4.387109 0.283815 5.848764
v 4.595524 0.212060 -0.845639
v 4.531260 0.146037 4.454055
v 4.437661 0.110027 -0.830570
v 4.395501 0.041072 4.456923
v 4.212803 0.117506 -0.804282
v 4.201751 0.041072 4.461075
v 4.065052 0.225133 -0.790838
v 4.078900 0.146037 4.462738
v 4.062730 0.381824 -0.777139
v 4.305976 0.417297 2.377228
v 4.060202 0.222051 5.464675
v 4.290760 0.424481 5.462605
v 4.288866 0.342032 5.797007
v 4.057399 0.222051 5.822561
v 4.077217 0.243915 5.903828
v 4.073632 0.272597 5.821759
v 4.195832 0.335494 5.804348
v 4.195234 0.260436 5.871318
v 4.076364 0.301022 5.464603
v 4.198085 0.409783 5.463419
v 4.208476 0.403031 2.381876
v 4.081788 0.298065 2.386092
v 4.214970 0.444257 -0.601668
v 4.078830 0.333656 -0.601163
v 4.081788 0.146037 2.386092
v 4.079693 0.171100 -0.605628
v 4.208476 0.041071 2.381876
v 4.216746 0.060884 -0.610590
v 4.410590 0.041071 2.371069
v 4.434066 0.057833 -0.630718
v 4.552252 0.146037 2.363465
v 4.588219 0.166667 -0.648443
v 4.552252 0.298065 2.363465
v 4.587822 0.325810 -0.645514
v 4.410590 0.403031 2.371069
v 4.432727 0.437547 -0.621420
v 4.437152 0.446099 -0.862533
v 4.596064 0.369951 -0.903735
v 4.199469 0.455020 -0.835793
v 4.165905 0.385302 -0.917883
v 4.459635 0.375048 -0.960198
v 4.167090 0.326567 -0.927262
v 4.460828 0.315557 -0.972057
v 4.046914 0.267076 -0.853783
v 4.044942 0.381457 -0.841431
v 4.204156 0.193942 -0.871344
v 4.597961 0.255959 -0.923048
v 4.441689 0.184603 -0.905330
v 4.388795 0.409783 5.462196
v 4.522387 0.301022 5.462051
v 4.521479 0.272597 5.820084
v 4.387302 0.335494 5.803543
v 4.521479 0.171505 5.820084
v 4.522387 0.143080 5.462051
v 4.387302 0.108608 5.803543
v 4.388795 0.034319 5.462196
v 4.195832 0.108608 5.804348
v 4.198085 0.034319 5.463419
v 4.073632 0.171505 5.821759
v 4.076364 0.143080 5.464603
v 4.195234 0.183667 5.871317
v 4.077217 0.200187 5.903828
v 4.181880 0.204552 5.882661
v 4.181880 0.239551 5.882661
v 4.399974 0.239551 5.881845
v 4.399974 0.204552 5.881846
v 4.516799 0.243915 5.902187
v 4.516799 0.200187 5.902187
v 4.387125 0.260436 5.870517
v 4.387125 0.183667 5.870518
v 4.590497 0.275234 5.869363
v 4.528969 0.222051 5.879737
v 4.750684 0.284675 5.838237
v 4.603035 0.252023 5.896179
v 4.589976 0.350747 5.723261
v 4.528234 0.222051 5.725336
v 4.749846 0.399388 5.717036
v 4.599242 0.361911 4.439314
v 4.758590 0.417297 4.439244
v 4.537624 0.222051 4.439450
v 4.639419 0.361911 0.217303
v 4.642273 0.447477 -0.880009
v 4.800806 0.417296 0.216810
v 4.576871 0.222051 0.217970
v 4.576298 0.311419 -0.899588
v 4.639419 0.082191 0.217302
v 4.599241 0.082191 4.439313
v 4.646665 0.155349 -0.925584
v 4.800806 0.026805 0.216810
v 4.758590 0.026806 4.439244
v 4.824599 0.087464 -0.937911
v 4.992248 0.082191 0.204994
v 4.921243 0.082191 4.437011
v 5.043927 0.135348 -0.955881
v 5.063399 0.222051 0.204013
v 4.982244 0.222051 4.436958
v 5.122632 0.275083 -0.951438
v 4.992248 0.361911 0.204994
v 4.921242 0.361911 4.437011
v 5.039420 0.398929 -0.921941
v 5.055241 0.366704 -1.024327
v 4.818821 0.466436 -0.884817
v 4.843769 0.390472 -1.003740
v 4.655456 0.402403 -0.976435
v 4.851398 0.320281 -1.042802
v 4.848183 0.239925 -1.038687
v 5.109223 0.300630 -1.056415
v 4.611360 0.338411 -0.996654
v 4.658313 0.259946 -1.006121
v 5.059693 0.231550 -1.053512
v 4.906863 0.350747 5.723261
v 4.908198 0.275234 5.869362
v 4.965855 0.222051 5.725336
v 4.967219 0.222051 5.879738
v 4.906863 0.093355 5.723261
v 4.908198 0.168869 5.869362
v 4.749846 0.044714 5.717036
v 4.750684 0.159427 5.838237
v 4.589976 0.093355 5.723261
v 4.590497 0.168869 5.869362
v 4.603035 0.192080 5.896179
v 4.750806 0.193763 5.866702
v 4.566193 0.222051 5.904052
v 4.750502 0.222051 5.869997
v 4.750806 0.250340 5.866701
v 4.931562 0.222051 5.904051
v 4.896288 0.192080 5.896179
v 4.896288 0.252022 5.896179
v 4.544523 0.252823 5.878441
v 4.663501 0.283815 5.849909
v 4.592670 0.257964 5.893494
v 4.590313 0.312991 5.816362
v 4.543886 0.292371 5.725078
v 4.662900 0.387174 5.719371
v 4.590763 0.367266 5.461492
v 4.671393 0.403031 4.439485
v 4.553365 0.298065 4.439356
v 4.619376 0.361911 2.315908
v 4.645974 0.408605 -0.722827
v 4.710143 0.403031 0.218128
v 4.593344 0.298065 0.217509
v 4.557618 0.222051 2.316315
v 4.582355 0.263354 -0.732026
v 4.593344 0.146037 0.217509
v 4.619376 0.082191 2.315907
v 4.647624 0.107429 -0.738942
v 4.710143 0.041071 0.218128
v 4.778846 0.026805 2.315682
v 4.814345 0.041179 -0.740003
v 4.902873 0.041071 0.210921
v 4.954128 0.082191 2.308900
v 5.020736 0.094819 -0.755149
v 5.046248 0.146037 0.203541
v 5.019574 0.222051 2.308653
v 5.097037 0.245030 -0.757651
v 5.046248 0.298065 0.203541
v 4.954129 0.361911 2.308900
v 5.020462 0.393150 -0.750882
v 4.902873 0.403031 0.210921
v 5.057853 0.388659 -0.984644
v 4.935455 0.442298 -0.900830
v 5.102156 0.336361 -0.939348
v 4.831306 0.441772 -0.947753
v 4.718686 0.462637 -0.878477
v 4.813270 0.454351 -0.727308
v 4.726041 0.398710 -0.990169
v 4.972395 0.376253 -1.019904
v 4.849795 0.348740 -1.032732
v 4.851722 0.290526 -1.047317
v 5.000860 0.308086 -1.059922
v 4.710090 0.333439 -1.023838
v 4.626959 0.299452 -1.004319
v 4.625472 0.373877 -0.988523
v 4.575551 0.329166 -0.953712
v 4.729559 0.252088 -1.022635
v 4.647098 0.213036 -0.977903
v 5.093144 0.336107 -1.044882
v 5.095551 0.265420 -1.060301
v 5.139601 0.290825 -1.015834
v 4.977094 0.234459 -1.052504
v 5.063308 0.187402 -1.021487
v 4.837517 0.159958 -1.001241
v 4.643213 0.429809 -0.937287
v 4.907890 0.367266 5.461204
v 4.967063 0.298065 4.436815
v 4.847187 0.403031 4.438117
v 4.907669 0.312991 5.816362
v 4.835891 0.387174 5.719371
v 4.951052 0.292371 5.725077
v 4.966687 0.222051 5.822588
v 4.967088 0.222051 5.461456
v 4.951053 0.151731 5.725077
v 4.907669 0.131112 5.816362
v 4.907890 0.076836 5.461204
v 4.835891 0.056929 5.719371
v 4.750375 0.102071 5.797688
v 4.750367 0.019621 5.460705
v 4.662899 0.056929 5.719371
v 4.590313 0.131112 5.816362
v 4.590763 0.076836 5.461492
v 4.543886 0.151731 5.725077
v 4.663501 0.160287 5.849909
v 4.544523 0.191279 5.878441
v 4.592670 0.186138 5.893494
v 4.661065 0.192124 5.879620
v 4.577984 0.202757 5.902703
v 4.577984 0.241345 5.902703
v 4.644846 0.222051 5.883591
v 4.533732 0.222051 5.905408
v 4.750623 0.238317 5.869585
v 4.750623 0.205785 5.869585
v 4.854947 0.222051 5.883591
v 4.962976 0.222051 5.905409
v 4.920352 0.202757 5.902703
v 4.920352 0.241345 5.902703
v 4.839653 0.251979 5.879620
v 4.906393 0.257964 5.893494
v 4.906393 0.186138 5.893494
v 4.839653 0.192124 5.879620
v 4.750833 0.258875 5.858202
v 4.661065 0.251979 5.879620
v 4.750833 0.185227 5.858202
v 4.837017 0.160287 5.849909
v 4.952434 0.191279 5.878441
v 4.952434 0.252823 5.878441
v 4.837017 0.283815 5.849909
v 5.104650 0.200050 -0.957555
v 4.967063 0.146037 4.436815
v 4.941151 0.096773 -0.947143
v 4.847187 0.041071 4.438117
v 4.723913 0.107848 -0.932021
v 4.671393 0.041072 4.439485
v 4.595622 0.228630 -0.913868
v 4.553365 0.146037 4.439356
v 4.593049 0.389409 -0.887755
v 4.778846 0.417297 2.315682
v 4.529074 0.222051 5.461768
v 4.750368 0.424481 5.460705
v 4.750375 0.342032 5.797688
v 4.528657 0.222051 5.822588
v 4.548729 0.243915 5.903889
v 4.544267 0.272597 5.821809
v 4.663293 0.335494 5.804690
v 4.663533 0.260436 5.871661
v 4.544734 0.301022 5.461723
v 4.663505 0.409783 5.461027
v 4.690485 0.403031 2.316417
v 4.573630 0.298065 2.316035
v 4.718395 0.447338 -0.722025
v 4.598921 0.344355 -0.726621
v 4.573630 0.146037 2.316035
v 4.600008 0.179716 -0.737249
v 4.690485 0.041071 2.316417
v 4.719894 0.059612 -0.738141
v 4.873284 0.041071 2.312268
v 4.923803 0.053574 -0.747436
v 5.003547 0.146037 2.308254
v 5.078835 0.162183 -0.757754
v 5.003546 0.298065 2.308254
v 5.078792 0.326611 -0.756763
v 4.873284 0.403031 2.312268
v 4.923167 0.434383 -0.739061
v 4.953904 0.421611 -0.965068
v 5.119572 0.340257 -1.003095
v 4.723436 0.441873 -0.939091
v 4.716490 0.361303 -1.015221
v 4.992088 0.336521 -1.049358
v 4.718026 0.302223 -1.029109
v 4.994165 0.279828 -1.063366
v 4.594955 0.267709 -0.966192
v 4.592784 0.385396 -0.943764
v 4.728684 0.177100 -0.989696
v 5.122560 0.234543 -1.022596
v 4.960422 0.163391 -1.013573
v 4.836618 0.409783 5.460855
v 4.952245 0.301022 5.461406
v 4.951890 0.272597 5.821810
v 4.836580 0.335494 5.804690
v 4.951890 0.171505 5.821809
v 4.952245 0.143080 5.461407
v 4.836579 0.108608 5.804690
v 4.836618 0.034319 5.460855
v 4.663293 0.108608 5.804690
v 4.663505 0.034319 5.461026
v 4.544267 0.171505 5.821809
v 4.544733 0.143080 5.461723
v 4.663533 0.183667 5.871661
v 4.548729 0.200187 5.903889
v 4.650844 0.204552 5.882993
v 4.650845 0.239551 5.882993
v 4.849310 0.239551 5.882993
v 4.849310 0.204552 5.882993
v 4.948704 0.243915 5.903889
v 4.948704 0.200187 5.903889
v 4.837284 0.260436 5.871661
v 4.837284 0.183667 5.871661
v 5.014968 0.275234 5.867077
v 4.956564 0.222051 5.877320
v 5.165695 0.284675 5.836613
v 5.026834 0.252023 5.893965
v 5.013545 0.350747 5.720975
v 4.954896 0.222051 5.722923
v 5.164778 0.399388 5.715401
v 5.021611 0.361911 4.468029
v 5.175076 0.417297 4.468356
v 4.962277 0.222051 4.467366
v 5.073289 0.361911 0.356830
v 5.137059 0.396274 -0.834707
v 5.240310 0.417296 0.355659
v 5.008803 0.222051 0.351769
v 5.059767 0.259878 -0.854271
v 5.073289 0.082191 0.356830
v 5.021611 0.082191 4.468029
v 5.137901 0.119129 -0.844233
v 5.240310 0.026805 0.355658
v 5.175076 0.026806 4.468355
v 5.336412 0.063453 -0.846271
v 5.429299 0.082191 0.339232
v 5.333352 0.082191 4.466039
v 5.551032 0.119876 -0.874399
v 5.514769 0.222051 0.322232
v 5.397386 0.222051 4.463140
v 5.642406 0.263716 -0.896403
v 5.429299 0.361911 0.339232
v 5.333352 0.361911 4.466039
v 5.550461 0.401747 -0.866707
v 5.604133 0.366229 -1.049348
v 5.335472 0.453827 -0.835081
v 5.391040 0.373574 -1.046186
v 5.181257 0.362303 -1.020426
v 5.402112 0.304822 -1.102977
v 5.395189 0.221847 -1.071568
v 5.663492 0.303973 -1.089465
v 5.136228 0.298704 -1.055652
v 5.185031 0.225876 -1.043942
v 5.606945 0.228591 -1.069893
v 5.315871 0.350747 5.722155
v 5.316355 0.275234 5.868250
v 5.374521 0.222051 5.724445
v 5.374637 0.222051 5.878813
v 5.315871 0.093355 5.722155
v 5.316355 0.168869 5.868250
v 5.164778 0.044714 5.715401
v 5.165695 0.159427 5.836613
v 5.013545 0.093355 5.720975
v 5.014968 0.168869 5.867077
v 5.026834 0.192080 5.893965
v 5.165873 0.193763 5.865073
v 4.991794 0.222051 5.901775
v 5.165851 0.222051 5.868390
v 5.165873 0.250340 5.865073
v 5.339818 0.222051 5.903013
v 5.304873 0.192080 5.895028
v 5.304873 0.252022 5.895028
v 4.971434 0.252823 5.876036
v 5.083571 0.283815 5.847921
v 5.017177 0.257964 5.891220
v 5.014398 0.312991 5.814076
v 4.969831 0.292371 5.722675
v 5.082397 0.387174 5.717376
v 5.013762 0.367266 5.463079
v 5.091111 0.403031 4.468410
v 4.977431 0.298065 4.467580
v 5.042659 0.361911 2.404979
v 5.107370 0.377440 -0.601935
v 5.147764 0.403031 0.357977
v 5.025490 0.298065 0.353661
v 4.981929 0.222051 2.402959
v 5.036064 0.230127 -0.611654
v 5.025490 0.146037 0.353661
v 5.042659 0.082191 2.404979
v 5.107370 0.085320 -0.601935
v 5.147764 0.041071 0.357977
v 5.200634 0.026805 2.404635
v 5.288890 0.030559 -0.603770
v 5.339814 0.041071 0.349211
v 5.373058 0.082191 2.396279
v 5.491141 0.084975 -0.627857
v 5.491617 0.146037 0.327872
v 5.447568 0.222051 2.386933
v 5.582253 0.228340 -0.650390
v 5.491617 0.298065 0.327872
v 5.373058 0.361911 2.396279
v 5.491141 0.376107 -0.627857
v 5.339814 0.403031 0.349211
v 5.595101 0.387215 -0.980115
v 5.450057 0.441123 -0.848069
v 5.617951 0.339920 -0.885992
v 5.369781 0.423424 -0.950944
v 5.226333 0.437721 -0.831083
v 5.288890 0.438752 -0.603770
v 5.262674 0.367863 -1.038452
v 5.523458 0.370913 -1.055010
v 5.400083 0.333475 -1.091387
v 5.402060 0.274525 -1.103337
v 5.557281 0.306783 -1.110812
v 5.249814 0.302642 -1.093125
v 5.152606 0.262359 -1.058168
v 5.150330 0.333353 -1.044027
v 5.082545 0.279683 -0.970908
v 5.266752 0.223989 -1.063075
v 5.161712 0.176632 -0.970434
v 5.645880 0.338381 -1.076975
v 5.647560 0.266800 -1.089291
v 5.682399 0.287698 -1.011805
v 5.526975 0.226131 -1.078540
v 5.597352 0.178914 -0.998701
v 5.373294 0.138061 -0.976359
v 5.158455 0.373690 -0.947628
v 5.317613 0.367266 5.463864
v 5.380774 0.298065 4.464126
v 5.260555 0.403031 4.467561
v 5.316213 0.312991 5.815252
v 5.247101 0.387174 5.718037
v 5.359571 0.292371 5.724127
v 5.374669 0.222051 5.821679
v 5.377042 0.222051 5.463958
v 5.359571 0.151731 5.724127
v 5.316213 0.131112 5.815252
v 5.317613 0.076836 5.463864
v 5.247101 0.056929 5.718037
v 5.165357 0.102071 5.796059
v 5.165461 0.019621 5.462910
v 5.082397 0.056929 5.717375
v 5.014398 0.131112 5.814076
v 5.013762 0.076836 5.463079
v 4.969831 0.151731 5.722675
v 5.083571 0.160287 5.847921
v 4.971434 0.191279 5.876036
v 5.017177 0.186138 5.891220
v 5.081309 0.192124 5.877636
v 5.003078 0.202757 5.900434
v 5.003078 0.241345 5.900434
v 5.065787 0.222051 5.881609
v 4.961238 0.222051 5.903008
v 5.165862 0.238317 5.867970
v 5.165862 0.205785 5.867970
v 5.265888 0.222051 5.882321
v 5.370263 0.222051 5.904463
v 5.328578 0.202757 5.901628
v 5.328578 0.241345 5.901628
v 5.250431 0.251979 5.878294
v 5.314464 0.257964 5.892372
v 5.314464 0.186138 5.892372
v 5.250430 0.192124 5.878294
v 5.165843 0.258875 5.856573
v 5.081309 0.251979 5.877636
v 5.165843 0.185227 5.856573
v 5.247803 0.160287 5.848582
v 5.359811 0.191279 5.877466
v 5.359811 0.252823 5.877466
v 5.247803 0.283815 5.848582
v 5.618296 0.185849 -0.890293
v 5.380774 0.146037 4.464126
v 5.450851 0.077901 -0.858181
v 5.260555 0.041072 4.467561
v 5.227251 0.077637 -0.841640
v 5.091111 0.041072 4.468410
v 5.080169 0.183672 -0.851790
v 4.977431 0.146037 4.467580
v 5.079657 0.333300 -0.845573
v 5.200634 0.417297 2.404635
v 4.954933 0.222051 5.463147
v 5.165461 0.424481 5.462910
v 5.165357 0.342032 5.796059
v 4.955884 0.222051 5.820171
v 4.975585 0.243915 5.901501
v 4.970783 0.272597 5.819407
v 5.083116 0.335494 5.802700
v 5.083701 0.260436 5.869673
v 4.969923 0.301022 5.463151
v 5.082787 0.409783 5.462894
v 5.113491 0.403031 2.405594
v 4.997522 0.298065 2.403686
v 5.188723 0.422367 -0.599939
v 5.054637 0.310006 -0.607969
v 4.997522 0.146037 2.403686
v 5.054637 0.150594 -0.607969
v 5.113491 0.041071 2.405593
v 5.188723 0.044612 -0.599938
v 5.292355 0.041071 2.401488
v 5.395623 0.044567 -0.613618
v 5.427732 0.146037 2.390072
v 5.557578 0.149408 -0.643059
v 5.427732 0.298065 2.390072
v 5.557578 0.307983 -0.643059
v 5.292355 0.403031 2.401488
v 5.395623 0.422064 -0.613618
v 5.493323 0.414251 -0.963854
v 5.659955 0.342575 -1.000015
v 5.251544 0.411296 -0.946619
v 5.255733 0.330831 -1.081737
v 5.547694 0.334867 -1.098936
v 5.257733 0.273064 -1.093624
v 5.549444 0.276428 -1.110554
v 5.103533 0.226854 -0.974344
v 5.101393 0.320342 -0.959378
v 5.254992 0.147527 -0.971372
v 5.661185 0.229480 -1.010612
v 5.496377 0.148672 -0.987181
v 5.248262 0.409783 5.463367
v 5.361851 0.301022 5.463993
v 5.359784 0.272597 5.820847
v 5.247561 0.335494 5.803361
v 5.359784 0.171505 5.820847
v 5.361851 0.143080 5.463994
v 5.247562 0.108608 5.803361
v 5.248262 0.034319 5.463367
v 5.083115 0.108608 5.802700
v 5.082787 0.034319 5.462894
v 4.970783 0.171505 5.819407
v 4.969923 0.143080 5.463151
v 5.083700 0.183667 5.869673
v 4.975585 0.200187 5.901501
v 5.071535 0.204552 5.881008
v 5.071535 0.239551 5.881008
v 5.260171 0.239551 5.881701
v 5.260171 0.204552 5.881701
v 5.355969 0.243915 5.902897
v 5.355969 0.200187 5.902897
v 5.247980 0.260436 5.870331
v 5.247980 0.183667 5.870331
v 5.432414 0.275234 5.866215
v 5.369774 0.222051 5.876616
v 5.601660 0.284675 5.835350
v 5.446775 0.252023 5.893035
v 5.429381 0.350747 5.720598
v 5.367525 0.222051 5.722650
v 5.596191 0.399388 5.714734
v 5.436178 0.361911 4.653337
v 5.603588 0.417297 4.652512
v 5.373975 0.222051 4.653589
v 5.559084 0.362384 -0.324995
v 5.674782 0.394734 -0.852513
v 5.727545 0.417296 -0.316844
v 5.496203 0.222489 -0.332952
v 5.608628 0.259897 -0.872549
v 5.555784 0.082191 -0.326413
v 5.436178 0.082191 4.653337
v 5.661647 0.119426 -0.864280
v 5.721857 0.026805 -0.319242
v 5.603588 0.026806 4.652512
v 5.815110 0.065683 -0.850373
v 5.939970 0.082191 -0.313352
v 5.774121 0.082191 4.651316
v 6.072011 0.117311 -0.815864
v 6.035252 0.222051 -0.307273
v 5.838357 0.222051 4.650837
v 6.184379 0.257664 -0.805113
v 5.941278 0.361911 -0.312802
v 5.774121 0.361911 4.651316
v 6.076583 0.387375 -0.807985
v 6.149029 0.362351 -0.992410
v 5.837490 0.444015 -0.831276
v 5.886234 0.371061 -1.026262
v 5.722206 0.363215 -1.030820
v 5.900724 0.303290 -1.067813
v 5.881865 0.222910 -1.051795
v 6.247149 0.308599 -1.010058
v 5.684203 0.298566 -1.061872
v 5.717661 0.227594 -1.050387
v 6.151354 0.229833 -1.018720
v 5.762441 0.350747 5.721254
v 5.771214 0.275234 5.866568
v 5.826295 0.222051 5.723480
v 5.834699 0.222051 5.877081
v 5.762440 0.093355 5.721254
v 5.771214 0.168869 5.866568
v 5.596191 0.044714 5.714734
v 5.601660 0.159427 5.835351
v 5.429381 0.093355 5.720597
v 5.432414 0.168869 5.866216
v 5.446775 0.192080 5.893035
v 5.603397 0.193763 5.863731
v 5.409319 0.222051 5.900952
v 5.603460 0.222051 5.867076
v 5.603397 0.250340 5.863731
v 5.798128 0.222051 5.901239
v 5.760392 0.192080 5.893265
v 5.760392 0.252022 5.893265
v 5.473813 0.361911 1.169965
v 5.411250 0.222051 1.169655
v 5.473813 0.082191 1.169965
v 5.643719 0.026805 1.167572
v 5.831535 0.082191 1.161744
v 5.904942 0.222051 1.160648
v 5.831535 0.361911 1.161744
v 5.643719 0.417297 1.167572
v 5.385316 0.252823 5.875290
v 5.508967 0.283815 5.846883
v 5.435494 0.257964 5.890323
v 5.430714 0.312991 5.813326
v 5.382865 0.292371 5.722378
v 5.504978 0.387174 5.716864
v 5.430263 0.367266 5.486465
v 5.511698 0.403031 4.653002
v 5.389493 0.298065 4.653528
v 5.509527 0.361911 0.148380
v 5.620400 0.370601 -0.635272
v 5.631801 0.403031 -0.320210
v 5.512821 0.299049 -0.330225
v 5.387484 0.222051 2.945967
v 5.555506 0.228816 -0.647609
v 5.511282 0.146037 -0.330894
v 5.449998 0.082191 2.945400
v 5.610863 0.084729 -0.639368
v 5.626634 0.041071 -0.322404
v 5.618746 0.026805 2.942894
v 5.769112 0.030012 -0.627772
v 5.834921 0.041071 -0.316537
v 5.796065 0.082191 2.938973
v 6.004107 0.084580 -0.604149
v 6.010313 0.146037 -0.309367
v 5.862940 0.222051 2.937505
v 6.106589 0.226276 -0.595421
v 6.010482 0.298065 -0.309295
v 5.796065 0.361911 2.938973
v 6.007881 0.367181 -0.602563
v 5.838718 0.403031 -0.314940
v 6.133209 0.381885 -0.931215
v 5.958857 0.427245 -0.817837
v 6.156132 0.329237 -0.804361
v 5.868054 0.421172 -0.953892
v 5.742846 0.431529 -0.842322
v 5.785539 0.424279 -0.620849
v 5.777472 0.368544 -1.035097
v 6.039261 0.365143 -1.013711
v 5.897081 0.331284 -1.058636
v 5.896480 0.273710 -1.069748
v 6.097670 0.302902 -1.052741
v 5.761864 0.302912 -1.076033
v 5.696439 0.262848 -1.062231
v 5.698191 0.333381 -1.051147
v 5.643497 0.285350 -1.002700
v 5.772203 0.226104 -1.056661
v 5.696704 0.180640 -0.998551
v 6.215227 0.338771 -1.003849
v 6.217657 0.269495 -1.019835
v 6.257194 0.292960 -0.935817
v 6.038935 0.225802 -1.041031
v 6.133732 0.180667 -0.957519
v 5.854237 0.142045 -0.987469
v 5.705492 0.386270 -0.976583
v 5.763885 0.367266 5.486710
v 5.822306 0.298065 4.650955
v 5.696557 0.403031 4.651892
v 5.766354 0.312991 5.813869
v 5.686989 0.387174 5.717235
v 5.810091 0.292371 5.723176
v 5.830110 0.222051 5.820240
v 5.827570 0.222051 5.487034
v 5.810091 0.151731 5.723176
v 5.766354 0.131112 5.813869
v 5.763885 0.076836 5.486710
v 5.686989 0.056929 5.717235
v 5.598675 0.102071 5.794989
v 5.596905 0.019621 5.485828
v 5.504978 0.056929 5.716864
v 5.430714 0.131112 5.813326
v 5.430263 0.076836 5.486465
v 5.382865 0.151731 5.722378
v 5.508968 0.160287 5.846884
v 5.385316 0.191279 5.875290
v 5.435494 0.186138 5.890323
v 5.507873 0.192124 5.876548
v 5.421148 0.202757 5.899576
v 5.421148 0.241345 5.899576
v 5.491786 0.222051 5.880574
v 5.375242 0.222051 5.902274
v 5.603451 0.238317 5.866644
v 5.603450 0.205785 5.866643
v 5.715343 0.222051 5.880739
v 5.831911 0.222051 5.902627
v 5.786205 0.202757 5.899845
v 5.786205 0.241345 5.899845
v 5.699073 0.251979 5.876688
v 5.771187 0.257964 5.890582
v 5.771187 0.186138 5.890582
v 5.699073 0.192124 5.876688
v 5.603092 0.258875 5.855238
v 5.507874 0.251979 5.876548
v 5.603092 0.185227 5.855238
v 5.694398 0.160287 5.847078
v 5.818842 0.191279 5.875730
v 5.818842 0.252823 5.875731
v 5.694398 0.283815 5.847078
v 6.155741 0.181696 -0.807608
v 5.822306 0.146037 4.650955
v 5.944544 0.077980 -0.833070
v 5.696557 0.041072 4.651893
v 5.722319 0.079679 -0.859327
v 5.511698 0.041072 4.653002
v 5.621939 0.182863 -0.870363
v 5.389493 0.146037 4.653528
v 5.628104 0.334772 -0.864754
v 5.618746 0.417297 2.942894
v 5.368361 0.222051 5.486739
v 5.596905 0.424481 5.485828
v 5.598675 0.342032 5.794989
v 5.368511 0.222051 5.819548
v 5.449998 0.361911 2.945400
v 5.447191 0.222051 0.144933
v 5.509114 0.082191 0.148203
v 5.678877 0.026805 0.149774
v 5.880918 0.082191 0.145934
v 5.965344 0.222051 0.147995
v 5.881082 0.361911 0.146003
v 5.679588 0.417296 0.150073
v 5.744517 0.403031 1.164508
v 5.886452 0.298065 1.160707
v 5.886452 0.146037 1.160707
v 5.744517 0.041071 1.164508
v 5.549181 0.041071 1.169373
v 5.427013 0.146037 1.169846
v 5.427013 0.298065 1.169846
v 5.549181 0.403031 1.169373
v 5.390304 0.243915 5.900724
v 5.383934 0.272597 5.818748
v 5.506776 0.335494 5.801805
v 5.510000 0.260436 5.868586
v 5.383747 0.301022 5.486691
v 5.505703 0.409783 5.486038
v 5.583924 0.403031 0.150126
v 5.463085 0.298065 0.146104
v 5.690907 0.410189 -0.628265
v 5.573765 0.307373 -0.643122
v 5.462892 0.146037 0.146020
v 5.569313 0.149361 -0.645055
v 5.583278 0.041071 0.149852
v 5.675982 0.044044 -0.634599
v 5.785485 0.041071 0.147614
v 5.889140 0.044044 -0.616045
v 5.943499 0.146037 0.146879
v 6.080150 0.148712 -0.597343
v 5.943520 0.298065 0.146888
v 6.080639 0.302988 -0.597138
v 5.785960 0.403030 0.147813
v 5.900102 0.409242 -0.611436
v 6.002822 0.408408 -0.940668
v 6.223203 0.344482 -0.929253
v 5.770143 0.413509 -0.966364
v 5.768995 0.330975 -1.066547
v 6.078927 0.329812 -1.044542
v 5.767709 0.273510 -1.076000
v 6.079880 0.273892 -1.057224
v 5.657904 0.228208 -1.003798
v 5.661884 0.340523 -0.991860
v 5.756399 0.152145 -0.995094
v 6.225768 0.234202 -0.946534
v 5.996261 0.151048 -0.973560
v 5.688076 0.409783 5.486178
v 5.811491 0.301022 5.486980
v 5.814030 0.272597 5.819412
v 5.690314 0.335494 5.802111
v 5.814029 0.171505 5.819412
v 5.811491 0.143080 5.486980
v 5.690313 0.108608 5.802112
v 5.688076 0.034319 5.486179
v 5.506776 0.108608 5.801805
v 5.505703 0.034319 5.486038
v 5.383934 0.171505 5.818748
v 5.383747 0.143080 5.486691
v 5.510000 0.183667 5.868586
v 5.390304 0.200187 5.900724
v 5.497726 0.204552 5.879953
v 5.497726 0.239551 5.879953
v 5.709356 0.239551 5.880109
v 5.709356 0.204552 5.880109
v 5.816703 0.243915 5.901053
v 5.816703 0.200187 5.901053
v 5.696344 0.260436 5.868731
v 5.696344 0.183667 5.868731
v 5.714941 0.403031 2.940861
v 5.846310 0.298065 2.937849
v 5.846310 0.146037 2.937849
v 5.714941 0.041071 2.940861
v 5.525623 0.041071 2.944436
v 5.403146 0.146037 2.945856
v 5.403146 0.298065 2.945856
v 5.525624 0.403031 2.944436
v 5.881295 0.275234 5.869701
v 5.821259 0.222051 5.879960
v 6.034991 0.284675 5.838956
v 5.893143 0.252023 5.896561
v 5.879798 0.350747 5.723527
v 5.820235 0.222051 5.725513
v 6.032279 0.399388 5.717610
v 5.885824 0.361911 4.636276
v 6.037840 0.417297 4.637841
v 5.826377 0.222051 4.635695
v 6.039880 0.361911 -0.331053
v 6.168646 0.377866 -0.739266
v 6.199487 0.417296 -0.304982
v 5.978384 0.222051 -0.338159
v 6.106345 0.244082 -0.753166
v 6.037572 0.082191 -0.331151
v 5.885824 0.082191 4.636276
v 6.162704 0.112997 -0.741943
v 6.197309 0.026805 -0.305085
v 6.037840 0.026806 4.637841
v 6.331404 0.066343 -0.700701
v 6.371937 0.082192 -0.265223
v 6.192812 0.082191 4.639562
v 6.538986 0.127576 -0.630248
v 6.449920 0.222295 -0.240331
v 6.254775 0.222051 4.640315
v 6.652047 0.276407 -0.582707
v 6.372783 0.361987 -0.265226
v 6.192812 0.361911 4.639562
v 6.538797 0.398587 -0.622417
v 6.673340 0.406527 -0.802541
v 6.335007 0.438050 -0.692904
v 6.468079 0.403520 -0.907068
v 6.286236 0.368972 -0.942384
v 6.512705 0.343856 -0.957265
v 6.468470 0.248533 -0.935629
v 6.793420 0.354184 -0.787120
v 6.257153 0.306202 -0.992185
v 6.283559 0.233941 -0.969959
v 6.674977 0.263322 -0.820902
v 6.188232 0.350747 5.724291
v 6.192091 0.275234 5.870602
v 6.250694 0.222051 5.726604
v 6.254684 0.222051 5.881223
v 6.188232 0.093355 5.724291
v 6.192091 0.168869 5.870602
v 6.032279 0.044714 5.717611
v 6.034991 0.159427 5.838956
v 5.879798 0.093355 5.723527
v 5.881295 0.168869 5.869701
v 5.893143 0.192080 5.896561
v 6.035573 0.193763 5.867451
v 5.856922 0.222051 5.904362
v 6.035835 0.222051 5.870761
v 6.035573 0.250340 5.867451
v 6.218406 0.222051 5.905432
v 6.180706 0.192080 5.897410
v 6.180706 0.252022 5.897409
v 5.938612 0.361911 1.092985
v 5.877308 0.222051 1.089619
v 5.938287 0.082191 1.092974
v 6.095618 0.026805 1.103033
v 6.258152 0.082191 1.115640
v 6.324601 0.222051 1.122643
v 6.258271 0.361911 1.115638
v 6.095939 0.417297 1.103039
v 5.836661 0.252823 5.878691
v 5.951068 0.283815 5.850407
v 5.883441 0.257964 5.893848
v 5.880796 0.312991 5.816677
v 5.835517 0.292371 5.725274
v 5.949022 0.387174 5.719762
v 5.879388 0.367266 5.486288
v 5.954886 0.403031 4.636974
v 5.841630 0.298065 4.635841
v 5.984605 0.361911 0.087640
v 6.101267 0.365200 -0.566096
v 6.111559 0.403031 -0.320451
v 5.994389 0.298065 -0.336600
v 5.844995 0.222051 2.891224
v 6.040311 0.223803 -0.575022
v 5.993028 0.146037 -0.336654
v 5.905265 0.082191 2.892938
v 6.097212 0.084497 -0.566309
v 6.109020 0.041071 -0.320567
v 6.059838 0.026806 2.897602
v 6.260372 0.030209 -0.532334
v 6.289963 0.041071 -0.285679
v 6.217972 0.082191 2.902790
v 6.449382 0.089624 -0.477381
v 6.428728 0.146144 -0.247806
v 6.281631 0.222051 2.905205
v 6.541856 0.239818 -0.444772
v 6.429156 0.298298 -0.247837
v 6.217987 0.361911 2.902790
v 6.450635 0.376024 -0.477258
v 6.291439 0.403031 -0.285619
v 6.625968 0.410686 -0.733795
v 6.438560 0.430919 -0.658232
v 6.618684 0.347447 -0.592769
v 6.407249 0.432136 -0.816560
v 6.241680 0.419442 -0.720139
v 6.263947 0.424600 -0.532069
v 6.358333 0.385905 -0.938928
v 6.591976 0.410610 -0.856681
v 6.502797 0.371987 -0.947673
v 6.502652 0.310508 -0.960579
v 6.685069 0.357514 -0.880464
v 6.365838 0.326557 -1.001780
v 6.267035 0.270696 -0.991712
v 6.269299 0.340936 -0.975327
v 6.175968 0.276346 -0.904905
v 6.357068 0.241743 -0.970087
v 6.231626 0.177705 -0.892211
v 6.751396 0.386483 -0.795146
v 6.752437 0.310901 -0.804882
v 6.762024 0.323181 -0.689766
v 6.593094 0.260442 -0.879052
v 6.627717 0.200900 -0.752720
v 6.406819 0.150556 -0.846827
v 6.235837 0.378044 -0.870531
v 6.185746 0.367266 5.487259
v 6.238777 0.298065 4.640113
v 6.121759 0.403031 4.638755
v 6.190825 0.312991 5.817533
v 6.116674 0.387174 5.720174
v 6.234560 0.292371 5.726278
v 6.253496 0.222051 5.824008
v 6.247627 0.222051 5.487791
v 6.234560 0.151731 5.726278
v 6.190825 0.131112 5.817533
v 6.185746 0.076836 5.487259
v 6.116674 0.056929 5.720174
v 6.034042 0.102071 5.798355
v 6.031009 0.019621 5.485929
v 5.949022 0.056929 5.719762
v 5.880796 0.131112 5.816677
v 5.879387 0.076836 5.486288
v 5.835516 0.151731 5.725274
v 5.951068 0.160287 5.850407
v 5.836662 0.191279 5.878691
v 5.883441 0.186138 5.893848
v 5.948742 0.192124 5.880133
v 5.868653 0.202757 5.903034
v 5.868653 0.241345 5.903035
v 5.932594 0.222051 5.884078
v 5.825809 0.222051 5.905645
v 6.035744 0.238317 5.870343
v 6.035744 0.205785 5.870344
v 6.140450 0.222051 5.884693
v 6.250501 0.222051 5.906900
v 6.206166 0.202757 5.904034
v 6.206166 0.241345 5.904033
v 6.123490 0.251979 5.880648
v 6.190557 0.257964 5.894753
v 6.190557 0.186138 5.894753
v 6.123490 0.192124 5.880649
v 6.035400 0.258875 5.858942
v 5.948742 0.251979 5.880133
v 6.035400 0.185227 5.858942
v 6.120058 0.160287 5.850895
v 6.238562 0.191279 5.879860
v 6.238562 0.252823 5.879860
v 6.120058 0.283815 5.850895
v 6.619269 0.197513 -0.598398
v 6.238777 0.146037 4.640114
v 6.437140 0.083679 -0.666665
v 6.121759 0.041072 4.638755
v 6.236222 0.076573 -0.725816
v 5.954885 0.041072 4.636974
v 6.119211 0.172132 -0.750634
v 5.841630 0.146037 4.635841
v 6.122971 0.316341 -0.750014
v 6.059878 0.417297 2.897602
v 5.820096 0.222051 5.486413
v 6.031009 0.424481 5.485929
v 6.034042 0.342032 5.798355
v 5.820951 0.222051 5.822796
v 5.905305 0.361911 2.892939
v 5.922850 0.222051 0.082390
v 5.983546 0.082191 0.087601
v 6.142028 0.026805 0.105244
v 6.308912 0.082191 0.130168
v 6.379097 0.222051 0.145686
v 6.309288 0.361911 0.130167
v 6.143061 0.417296 0.105270
v 6.183503 0.403031 1.109429
v 6.307312 0.298065 1.120592
v 6.307265 0.146037 1.120594
v 6.183280 0.041071 1.109428
v 6.009564 0.041071 1.097332
v 5.892873 0.146037 1.090424
v 5.893062 0.298065 1.090431
v 6.009929 0.403031 1.097342
v 5.840704 0.243915 5.904155
v 5.836304 0.272597 5.822042
v 5.950357 0.335494 5.805151
v 5.951265 0.260436 5.872174
v 5.835312 0.301022 5.486413
v 5.948256 0.409783 5.485980
v 6.056244 0.403031 0.095023
v 5.938827 0.298065 0.083590
v 6.173469 0.407901 -0.552587
v 6.056228 0.300473 -0.573062
v 5.938207 0.146037 0.083565
v 6.053804 0.147658 -0.573177
v 6.055061 0.041071 0.094985
v 6.169142 0.044045 -0.552861
v 6.231543 0.041071 0.117496
v 6.358894 0.045462 -0.505527
v 6.360549 0.146037 0.141003
v 6.515823 0.159176 -0.454376
v 6.360699 0.298065 0.140999
v 6.516366 0.316641 -0.454242
v 6.232256 0.403030 0.117505
v 6.361243 0.413268 -0.505358
v 6.518318 0.431652 -0.776988
v 6.719931 0.375732 -0.701258
v 6.309391 0.412413 -0.847165
v 6.369509 0.354572 -0.986562
v 6.656631 0.384275 -0.880208
v 6.368203 0.296156 -1.001843
v 6.657133 0.322449 -0.890209
v 6.189034 0.222472 -0.904067
v 6.192247 0.330751 -0.892731
v 6.306873 0.154593 -0.876484
v 6.721257 0.260011 -0.711354
v 6.519190 0.166273 -0.802688
v 6.114785 0.409783 5.486504
v 6.231651 0.301022 5.487682
v 6.237327 0.272597 5.823160
v 6.118898 0.335494 5.805613
v 6.237327 0.171505 5.823160
v 6.231651 0.143080 5.487682
v 6.118899 0.108608 5.805613
v 6.114785 0.034319 5.486503
v 5.950357 0.108608 5.805151
v 5.948256 0.034319 5.485979
v 5.836304 0.171505 5.822042
v 5.835312 0.143080 5.486413
v 5.951266 0.183667 5.872174
v 5.840704 0.200187 5.904154
v 5.938581 0.204552 5.883490
v 5.938581 0.239551 5.883490
v 6.134169 0.239551 5.884068
v 6.134169 0.204552 5.884068
v 6.234957 0.243915 5.905317
v 6.234957 0.200187 5.905317
v 6.120633 0.260436 5.872672
v 6.120633 0.183667 5.872672
v 6.145400 0.403031 2.900335
v 6.265147 0.298065 2.904540
v 6.265141 0.146037 2.904540
v 6.145373 0.041071 2.900335
v 5.975433 0.041071 2.895016
v 5.860435 0.146037 2.891653
v 5.860459 0.298065 2.891654
v 5.975479 0.403031 2.895018
v 6.306367 0.275234 5.871048
v 6.242404 0.222051 5.881171
v 6.480064 0.284675 5.840683
v 6.321018 0.252023 5.897979
v 6.300737 0.350747 5.724640
v 6.238471 0.222051 5.726556
v 6.469782 0.399388 5.718921
v 6.294895 0.361911 4.622660
v 6.456647 0.417297 4.622603
v 6.234692 0.222051 4.622641
v 6.442601 0.362178 -0.185189
v 6.648430 0.401652 -0.532999
v 6.554290 0.417934 -0.086013
v 6.405117 0.222166 -0.229297
v 6.607922 0.269329 -0.587997
v 6.442372 0.082255 -0.185138
v 6.294896 0.082191 4.622660
v 6.649899 0.130672 -0.540819
v 6.553748 0.027013 -0.085895
v 6.456647 0.026806 4.622603
v 6.754894 0.068283 -0.404824
v 6.703681 0.082775 0.036588
v 6.620570 0.082191 4.622577
v 6.871592 0.106859 -0.239411
v 6.766933 0.223141 0.077358
v 6.686414 0.222051 4.622773
v 6.919159 0.228114 -0.163826
v 6.707086 0.363905 0.035966
v 6.620570 0.361911 4.622578
v 6.874260 0.361430 -0.239804
v 7.003368 0.306815 -0.330845
v 6.754704 0.436049 -0.399817
v 6.956646 0.373338 -0.541247
v 6.816564 0.412937 -0.711720
v 6.993779 0.306739 -0.562417
v 6.958307 0.229534 -0.550892
v 7.030630 0.237953 -0.275396
v 6.795654 0.351756 -0.774303
v 6.819058 0.269604 -0.726097
v 7.003470 0.188114 -0.332763
v 6.639756 0.350747 5.725769
v 6.655262 0.275234 5.872734
v 6.705850 0.222051 5.728150
v 6.722672 0.222051 5.883507
v 6.639756 0.093355 5.725769
v 6.655262 0.168869 5.872734
v 6.469782 0.044714 5.718922
v 6.480064 0.159427 5.840683
v 6.300737 0.093355 5.724640
v 6.306368 0.168869 5.871048
v 6.321018 0.192080 5.897979
v 6.482208 0.193763 5.869270
v 6.282757 0.222051 5.905691
v 6.483059 0.222051 5.872597
v 6.482207 0.250340 5.869270
v 6.685946 0.222051 5.907806
v 6.644897 0.192080 5.899658
v 6.644897 0.252022 5.899658
v 6.327476 0.361911 1.067910
v 6.274351 0.222051 1.058935
v 6.327476 0.082191 1.067910
v 6.469888 0.026805 1.087134
v 6.630110 0.082191 1.110783
v 6.703091 0.222051 1.118131
v 6.630110 0.361911 1.110784
v 6.469889 0.417296 1.087134
v 6.258235 0.252823 5.879935
v 6.384850 0.283815 5.851922
v 6.309434 0.257964 5.895232
v 6.304415 0.312991 5.817941
v 6.253869 0.292371 5.726333
v 6.377190 0.387174 5.720967
v 6.295923 0.367266 5.485394
v 6.368087 0.403031 4.622643
v 6.249684 0.298065 4.622650
v 6.372005 0.361911 0.142066
v 6.540280 0.374678 -0.376529
v 6.489443 0.403438 -0.141577
v 6.414486 0.298240 -0.216799
v 6.245561 0.222051 2.855313
v 6.504714 0.234360 -0.425880
v 6.414376 0.146115 -0.216774
v 6.303567 0.082191 2.856342
v 6.539872 0.088939 -0.376482
v 6.489100 0.041175 -0.141498
v 6.457791 0.026805 2.858176
v 6.642618 0.030890 -0.260281
v 6.631677 0.041455 -0.020543
v 6.619958 0.082191 2.860578
v 6.780789 0.085868 -0.115038
v 6.750466 0.146834 0.068439
v 6.690199 0.222051 2.861727
v 6.837687 0.224308 -0.056175
v 6.751971 0.299526 0.068161
v 6.619958 0.361911 2.860578
v 6.782104 0.362796 -0.115322
v 6.633174 0.404184 -0.020830
v 6.955747 0.334185 -0.300720
v 6.818483 0.409248 -0.317072
v 6.908603 0.298217 -0.184625
v 6.869507 0.418138 -0.490000
v 6.695640 0.433896 -0.473935
v 6.643689 0.424404 -0.260524
v 6.884682 0.407691 -0.655977
v 6.996975 0.330957 -0.416371
v 6.990347 0.334429 -0.559839
v 6.991062 0.278717 -0.563947
v 7.036326 0.261565 -0.402877
v 6.902689 0.349514 -0.704766
v 6.806863 0.312808 -0.765049
v 6.805470 0.388249 -0.756511
v 6.700491 0.316749 -0.721324
v 6.887111 0.260439 -0.669779
v 6.751445 0.207780 -0.672159
v 7.024260 0.271068 -0.294597
v 7.024196 0.210725 -0.295043
v 6.987494 0.231897 -0.215543
v 6.997578 0.201612 -0.421227
v 6.955190 0.151369 -0.302027
v 6.871536 0.147095 -0.502754
v 6.748534 0.418298 -0.655810
v 6.628763 0.367266 5.486116
v 6.669334 0.298065 4.622694
v 6.545560 0.403031 4.622559
v 6.649098 0.312991 5.819389
v 6.562393 0.387174 5.721578
v 6.688984 0.292371 5.727806
v 6.716042 0.222051 5.825978
v 6.693685 0.222051 5.486602
v 6.688983 0.151731 5.727806
v 6.649098 0.131112 5.819389
v 6.628763 0.076836 5.486116
v 6.562393 0.056929 5.721578
v 6.476095 0.102071 5.799915
v 6.462086 0.019621 5.484942
v 6.377190 0.056929 5.720967
v 6.304415 0.131112 5.817941
v 6.295923 0.076836 5.485394
v 6.253869 0.151731 5.726333
v 6.384850 0.160287 5.851922
v 6.258235 0.191279 5.879935
v 6.309435 0.186138 5.895232
v 6.383805 0.192124 5.881704
v 6.294810 0.202757 5.904392
v 6.294809 0.241345 5.904392
v 6.367598 0.222051 5.885618
v 6.247804 0.222051 5.906888
v 6.482745 0.238317 5.872173
v 6.482745 0.205785 5.872174
v 6.599569 0.222051 5.886841
v 6.720695 0.222051 5.909325
v 6.672746 0.202757 5.906365
v 6.672746 0.241345 5.906365
v 6.581115 0.251979 5.882727
v 6.655622 0.257964 5.897002
v 6.655622 0.186138 5.897002
v 6.581115 0.192124 5.882727
v 6.481699 0.258875 5.860741
v 6.383805 0.251979 5.881704
v 6.481699 0.185227 5.860741
v 6.575565 0.160287 5.852841
v 6.705583 0.191279 5.882106
v 6.705583 0.252823 5.882105
v 6.575565 0.283815 5.852841
v 6.906631 0.161109 -0.184179
v 6.669334 0.146037 4.622694
v 6.817198 0.074905 -0.318634
v 6.545560 0.041072 4.622559
v 6.696880 0.087415 -0.481541
v 6.368087 0.041072 4.622643
v 6.619149 0.194496 -0.577202
v 6.249684 0.146037 4.622650
v 6.618208 0.342928 -0.572354
v 6.457791 0.417297 2.858176
v 6.234540 0.222051 5.485546
v 6.462086 0.424481 5.484942
v 6.476095 0.342032 5.799915
v 6.241213 0.222051 5.823956
v 6.303567 0.361911 2.856342
v 6.327145 0.222051 0.114893
v 6.372005 0.082191 0.142066
v 6.498452 0.026805 0.201983
v 6.654958 0.082193 0.275296
v 6.724690 0.222226 0.297239
v 6.657990 0.362991 0.274758
v 6.498650 0.417366 0.201948
v 6.554313 0.403031 1.099813
v 6.683228 0.298065 1.116611
v 6.683228 0.146037 1.116611
v 6.554313 0.041071 1.099813
v 6.390838 0.041071 1.076406
v 6.287817 0.146037 1.061531
v 6.287817 0.298065 1.061531
v 6.390838 0.403031 1.076406
v 6.263169 0.243915 5.905431
v 6.256846 0.272597 5.823227
v 6.382010 0.335494 5.806548
v 6.385949 0.260436 5.873739
v 6.249740 0.301022 5.485538
v 6.371133 0.409783 5.485049
v 6.426690 0.403030 0.168453
v 6.338435 0.298065 0.122662
v 6.583757 0.413549 -0.325610
v 6.513757 0.311578 -0.412213
v 6.338435 0.146037 0.122662
v 6.513562 0.155554 -0.412172
v 6.426689 0.041071 0.168453
v 6.583044 0.046047 -0.325490
v 6.580132 0.041071 0.241438
v 6.714581 0.044955 -0.184169
v 6.705907 0.146066 0.292888
v 6.823141 0.149122 -0.070964
v 6.707211 0.298565 0.292656
v 6.824098 0.299362 -0.071167
v 6.581312 0.403450 0.241228
v 6.715918 0.406297 -0.184471
v 6.920547 0.380473 -0.389073
v 6.979548 0.282914 -0.239037
v 6.806445 0.433949 -0.584100
v 6.905467 0.377315 -0.693969
v 7.030524 0.289484 -0.410874
v 6.906555 0.317239 -0.700197
v 7.030763 0.238296 -0.412786
v 6.714695 0.258926 -0.712690
v 6.712996 0.374304 -0.702712
v 6.809513 0.172039 -0.601381
v 6.978895 0.185833 -0.238974
v 6.920976 0.138691 -0.395337
v 6.552916 0.409783 5.485435
v 6.677095 0.301022 5.486503
v 6.699012 0.272597 5.825102
v 6.570366 0.335494 5.807335
v 6.699012 0.171505 5.825102
v 6.677096 0.143080 5.486503
v 6.570366 0.108608 5.807336
v 6.552916 0.034319 5.485435
v 6.382010 0.108608 5.806548
v 6.371133 0.034319 5.485049
v 6.256846 0.171505 5.823227
v 6.249740 0.143080 5.485538
v 6.385948 0.183667 5.873739
v 6.263169 0.200187 5.905431
v 6.373569 0.204552 5.885041
v 6.373569 0.239551 5.885041
v 6.592750 0.239551 5.886190
v 6.592750 0.204552 5.886190
v 6.704067 0.243915 5.907697
v 6.704068 0.200187 5.907697
v 6.577809 0.260436 5.874718
v 6.577809 0.183667 5.874718
v 6.544573 0.403031 2.859397
v 6.671370 0.298065 2.861415
v 6.671370 0.146037 2.861415
v 6.544573 0.041071 2.859397
v 6.373089 0.041071 2.857175
v 6.260164 0.146037 2.855630
v 6.260165 0.298065 2.855630
v 6.373090 0.403031 2.857175
vt 0.106447 0.065816
vt 0.104214 0.075299
vt 0.097199 0.072772
vt 0.099715 0.062514
vt 0.102974 0.085372
vt 0.096240 0.084067
vt 0.899019 0.059583
vt 0.901381 0.069547
vt 0.894971 0.071847
vt 0.892978 0.062640
vt 0.902072 0.080488
vt 0.895843 0.081573
vt 0.115931 0.062022
vt 0.113333 0.071137
vt 0.109405 0.056923
vt 0.111100 0.080430
vt 0.109354 0.089490
vt 0.108325 0.096531
vt 0.103561 0.096347
vt 0.097224 0.096734
vt 0.900749 0.092670
vt 0.894903 0.092077
vt 0.890770 0.092128
vt 0.890300 0.085357
vt 0.889221 0.076552
vt 0.887419 0.067433
vt 0.890057 0.054026
vt 0.884883 0.058508
vt 0.895350 0.050703
vt 0.103404 0.053339
vt 0.810206 0.136494
vt 0.815642 0.148716
vt 0.806820 0.164514
vt 0.801354 0.150986
vt 0.820644 0.158894
vt 0.811658 0.175442
vt 0.797257 0.178663
vt 0.791824 0.164108
vt 0.801947 0.190157
vt 0.814082 0.111199
vt 0.818806 0.123690
vt 0.804937 0.122473
vt 0.823950 0.134774
vt 0.829027 0.144289
vt 0.833908 0.152203
vt 0.825242 0.166963
vt 0.815986 0.183846
vt 0.805932 0.198842
vt 0.794786 0.209186
vt 0.791032 0.200348
vt 0.786458 0.188533
vt 0.781164 0.173350
vt 0.786073 0.146659
vt 0.775540 0.154959
vt 0.795741 0.135079
vt 0.718723 0.216346
vt 0.718291 0.225736
vt 0.710277 0.225459
vt 0.709938 0.216010
vt 0.283173 0.244187
vt 0.283278 0.232918
vt 0.291825 0.232987
vt 0.291388 0.244277
vt 0.702883 0.226475
vt 0.701763 0.217059
vt 0.299795 0.233893
vt 0.298997 0.245160
vt 0.730817 0.209294
vt 0.730883 0.218168
vt 0.718887 0.206901
vt 0.730085 0.227269
vt 0.271040 0.244712
vt 0.271145 0.233584
vt 0.271824 0.219897
vt 0.283485 0.218849
vt 0.291962 0.218641
vt 0.299900 0.219576
vt 0.310145 0.221868
vt 0.310376 0.235948
vt 0.309477 0.247075
vt 0.692803 0.229099
vt 0.691226 0.219974
vt 0.701774 0.207117
vt 0.691350 0.210306
vt 0.710046 0.206069
vt 0.138790 0.095748
vt 0.135020 0.107053
vt 0.126382 0.097520
vt 0.129573 0.086999
vt 0.130609 0.117477
vt 0.122744 0.107260
vt 0.118378 0.088174
vt 0.120996 0.078439
vt 0.115695 0.097282
vt 0.151610 0.091343
vt 0.148270 0.103432
vt 0.141810 0.084218
vt 0.143944 0.115216
vt 0.138815 0.126056
vt 0.133256 0.135329
vt 0.125668 0.126377
vt 0.118398 0.115405
vt 0.112258 0.104484
vt 0.123567 0.068661
vt 0.132316 0.076327
vt 0.791173 0.058575
vt 0.779335 0.061841
vt 0.778369 0.057163
vt 0.790276 0.054228
vt 0.767421 0.065050
vt 0.766392 0.060065
vt 0.212422 0.045866
vt 0.224694 0.047957
vt 0.223822 0.053446
vt 0.211664 0.051100
vt 0.237000 0.050090
vt 0.236015 0.055830
vt 0.803596 0.061992
vt 0.792457 0.066072
vt 0.802527 0.055474
vt 0.780889 0.070316
vt 0.769243 0.074396
vt 0.757879 0.077861
vt 0.755898 0.067948
vt 0.754850 0.062756
vt 0.248820 0.052139
vt 0.247763 0.058091
vt 0.245872 0.069154
vt 0.234317 0.066342
vt 0.222408 0.063268
vt 0.210535 0.060189
vt 0.199985 0.048932
vt 0.199086 0.057276
vt 0.200690 0.043904
vt 0.801629 0.051394
vt 0.877736 0.126983
vt 0.885191 0.115766
vt 0.891033 0.120094
vt 0.883119 0.132529
vt 0.891200 0.103651
vt 0.897145 0.106252
vt 0.113508 0.138919
vt 0.106101 0.125591
vt 0.112850 0.121427
vt 0.120061 0.133469
vt 0.100441 0.110967
vt 0.107036 0.108559
vt 0.866365 0.128731
vt 0.874000 0.120375
vt 0.869992 0.135527
vt 0.881155 0.109982
vt 0.887045 0.099636
vt 0.127522 0.142877
vt 0.121410 0.149150
vt 0.874696 0.141792
vt 0.809990 0.205601
vt 0.820777 0.190329
vt 0.827385 0.195548
vt 0.815628 0.211649
vt 0.830465 0.173324
vt 0.837390 0.178411
vt 0.182554 0.222504
vt 0.169462 0.206378
vt 0.176605 0.199065
vt 0.188696 0.214156
vt 0.158157 0.189252
vt 0.165738 0.182546
vt 0.798121 0.216185
vt 0.839338 0.158910
vt 0.845948 0.164739
vt 0.148968 0.175405
vt 0.156426 0.168625
vt 0.164258 0.159829
vt 0.173304 0.173386
vt 0.183589 0.189063
vt 0.194784 0.203243
vt 0.201658 0.225006
vt 0.206867 0.213497
vt 0.197033 0.234300
vt 0.802078 0.223052
vt 0.831897 0.045389
vt 0.822638 0.048658
vt 0.821621 0.044971
vt 0.830790 0.041841
vt 0.812958 0.051943
vt 0.812008 0.048094
vt 0.170056 0.037387
vt 0.179726 0.039514
vt 0.179044 0.044203
vt 0.169350 0.041912
vt 0.189827 0.041638
vt 0.189141 0.046479
vt 0.842459 0.046944
vt 0.833195 0.050746
vt 0.841015 0.041912
vt 0.823781 0.054352
vt 0.813997 0.058048
vt 0.188370 0.054512
vt 0.178260 0.051878
vt 0.168503 0.049206
vt 0.159741 0.039420
vt 0.158821 0.046235
vt 0.160474 0.035116
vt 0.839827 0.038519
vt 0.214813 0.156721
vt 0.208270 0.173681
vt 0.198151 0.162000
vt 0.204854 0.146535
vt 0.201391 0.189489
vt 0.190850 0.176435
vt 0.188682 0.149174
vt 0.195343 0.135484
vt 0.181090 0.162005
vt 0.230924 0.145832
vt 0.225514 0.164429
vt 0.220364 0.138988
vt 0.219327 0.182288
vt 0.212925 0.198985
vt 0.172261 0.149382
vt 0.179762 0.137861
vt 0.186079 0.125660
vt 0.200465 0.121038
vt 0.190760 0.112740
vt 0.210282 0.130286
vt 0.846801 0.103651
vt 0.850639 0.115335
vt 0.841489 0.119939
vt 0.837237 0.108734
vt 0.854584 0.125679
vt 0.845936 0.129811
vt 0.832482 0.125648
vt 0.827810 0.114811
vt 0.837293 0.135119
vt 0.852954 0.085708
vt 0.856228 0.097888
vt 0.843234 0.091436
vt 0.859619 0.109720
vt 0.863024 0.120233
vt 0.858538 0.134065
vt 0.850322 0.138086
vt 0.842148 0.143160
vt 0.823588 0.102899
vt 0.833377 0.096755
vt 0.881164 0.074083
vt 0.883169 0.083754
vt 0.876175 0.092591
vt 0.873732 0.082046
vt 0.884822 0.092672
vt 0.878491 0.102175
vt 0.868223 0.101765
vt 0.865306 0.090382
vt 0.871077 0.111993
vt 0.878664 0.064401
vt 0.862350 0.078787
vt 0.871060 0.071383
vt 0.866230 0.030794
vt 0.858752 0.034644
vt 0.857625 0.031591
vt 0.865529 0.027794
vt 0.850113 0.038197
vt 0.848911 0.034993
vt 0.132935 0.027543
vt 0.141498 0.030345
vt 0.140836 0.034058
vt 0.132684 0.031045
vt 0.150798 0.032689
vt 0.150068 0.036689
vt 0.871422 0.032664
vt 0.867127 0.035007
vt 0.872101 0.028718
vt 0.860180 0.039035
vt 0.851639 0.042863
vt 0.149104 0.042878
vt 0.139968 0.039685
vt 0.132338 0.036256
vt 0.126346 0.029579
vt 0.127560 0.034102
vt 0.125537 0.024934
vt 0.872383 0.024486
vt 0.847228 0.150404
vt 0.854799 0.145211
vt 0.859574 0.152272
vt 0.852796 0.157086
vt 0.862540 0.140953
vt 0.866990 0.147641
vt 0.142126 0.167265
vt 0.135645 0.161631
vt 0.141920 0.154393
vt 0.148940 0.160151
vt 0.128656 0.155990
vt 0.134638 0.149200
vt 0.140876 0.141321
vt 0.148750 0.145996
vt 0.156444 0.151397
vt 0.176742 0.118724
vt 0.170952 0.130300
vt 0.161987 0.125325
vt 0.167263 0.113727
vt 0.164016 0.141319
vt 0.155655 0.136226
vt 0.152952 0.120931
vt 0.157757 0.109119
vt 0.147151 0.131845
vt 0.180994 0.106506
vt 0.161393 0.096920
vt 0.171182 0.101613
vt 0.676993 0.224509
vt 0.678403 0.233399
vt 0.661556 0.237432
vt 0.660979 0.228677
vt 0.324652 0.249884
vt 0.325113 0.238899
vt 0.341864 0.241224
vt 0.342412 0.252016
vt 0.644716 0.238810
vt 0.645553 0.230359
vt 0.357983 0.241395
vt 0.359916 0.251738
vt 0.677435 0.215119
vt 0.324159 0.225135
vt 0.339923 0.227888
vt 0.355118 0.228706
vt 0.368418 0.226487
vt 0.371820 0.238580
vt 0.375045 0.248129
vt 0.629986 0.236083
vt 0.632322 0.228383
vt 0.647066 0.221769
vt 0.634130 0.220185
vt 0.661949 0.219598
vt 0.719167 0.166943
vt 0.719179 0.182466
vt 0.710744 0.180678
vt 0.710899 0.164952
vt 0.719024 0.195837
vt 0.710397 0.194455
vt 0.702610 0.180916
vt 0.702782 0.164751
vt 0.702230 0.195182
vt 0.727929 0.152626
vt 0.729043 0.170258
vt 0.718718 0.149672
vt 0.729759 0.185781
vt 0.730338 0.198814
vt 0.692177 0.198267
vt 0.692892 0.183515
vt 0.693350 0.166733
vt 0.702693 0.147316
vt 0.693624 0.148758
vt 0.710681 0.147760
vt 0.285449 0.133024
vt 0.287104 0.113163
vt 0.294111 0.113137
vt 0.292798 0.132566
vt 0.289016 0.093472
vt 0.295656 0.093839
vt 0.301083 0.113244
vt 0.300114 0.132414
vt 0.302236 0.094234
vt 0.275593 0.152079
vt 0.277302 0.133389
vt 0.284269 0.151199
vt 0.279424 0.113023
vt 0.281743 0.092926
vt 0.283827 0.075897
vt 0.290779 0.076728
vt 0.297099 0.077391
vt 0.303317 0.078012
vt 0.309969 0.078723
vt 0.309326 0.094855
vt 0.308667 0.113793
vt 0.308177 0.132992
vt 0.299508 0.150172
vt 0.308041 0.150993
vt 0.291914 0.150403
vt 0.292003 0.065412
vt 0.292773 0.059147
vt 0.298801 0.059983
vt 0.298118 0.066233
vt 0.711642 0.071149
vt 0.712216 0.075897
vt 0.706172 0.076734
vt 0.705686 0.072064
vt 0.304692 0.060751
vt 0.304103 0.066983
vt 0.700250 0.077534
vt 0.699863 0.072897
vt 0.285252 0.064436
vt 0.286110 0.058169
vt 0.718218 0.070059
vt 0.718888 0.074928
vt 0.720065 0.083681
vt 0.713125 0.084167
vt 0.706824 0.084637
vt 0.700618 0.085233
vt 0.693956 0.086089
vt 0.693939 0.078389
vt 0.693681 0.073732
vt 0.310947 0.061521
vt 0.310464 0.067747
vt 0.361779 0.134317
vt 0.358839 0.114818
vt 0.369245 0.111727
vt 0.372512 0.130099
vt 0.356129 0.096175
vt 0.366149 0.094163
vt 0.378759 0.108169
vt 0.382190 0.125242
vt 0.375470 0.091785
vt 0.353367 0.156402
vt 0.350539 0.136934
vt 0.364877 0.153118
vt 0.348074 0.116739
vt 0.345911 0.097374
vt 0.344195 0.081197
vt 0.353945 0.080630
vt 0.363603 0.079522
vt 0.372727 0.078090
vt 0.380858 0.076578
vt 0.383587 0.089501
vt 0.386820 0.104884
vt 0.390182 0.120803
vt 0.385529 0.141550
vt 0.393459 0.135826
vt 0.375767 0.147775
vt 0.681569 0.170841
vt 0.680313 0.188213
vt 0.666028 0.193039
vt 0.668209 0.175372
vt 0.678825 0.203202
vt 0.663829 0.207953
vt 0.651701 0.195992
vt 0.654500 0.178379
vt 0.649174 0.210585
vt 0.682666 0.152130
vt 0.636089 0.209412
vt 0.638497 0.195265
vt 0.641460 0.178040
vt 0.657532 0.158802
vt 0.645025 0.158730
vt 0.670345 0.156047
vt 0.317577 0.134493
vt 0.317371 0.114948
vt 0.327046 0.116249
vt 0.328068 0.136248
vt 0.317380 0.095821
vt 0.326308 0.096838
vt 0.337379 0.117067
vt 0.339191 0.137367
vt 0.335889 0.097499
vt 0.318217 0.153039
vt 0.317473 0.079596
vt 0.325786 0.080461
vt 0.334744 0.081079
vt 0.341500 0.156878
vt 0.329601 0.155382
vt 0.317611 0.068572
vt 0.317962 0.062338
vt 0.325712 0.063134
vt 0.325525 0.069364
vt 0.686750 0.074607
vt 0.686824 0.079336
vt 0.678929 0.080223
vt 0.679089 0.075411
vt 0.334078 0.063803
vt 0.334082 0.069987
vt 0.670395 0.080836
vt 0.670815 0.075977
vt 0.686402 0.087260
vt 0.678021 0.088461
vt 0.669016 0.089317
vt 0.659589 0.089439
vt 0.661372 0.080950
vt 0.662045 0.076133
vt 0.342949 0.064227
vt 0.343160 0.070291
vt 0.540394 0.140976
vt 0.533927 0.145204
vt 0.528977 0.132999
vt 0.535769 0.130028
vt 0.475019 0.154415
vt 0.467849 0.149322
vt 0.472841 0.137924
vt 0.480157 0.141782
vt 0.525846 0.119729
vt 0.532463 0.118292
vt 0.476670 0.125856
vt 0.483658 0.128124
vt 0.549972 0.144512
vt 0.545935 0.149851
vt 0.544885 0.135833
vt 0.540247 0.155092
vt 0.468759 0.164796
vt 0.462086 0.158827
vt 0.455977 0.151680
vt 0.461666 0.142607
vt 0.466713 0.132092
vt 0.470965 0.121692
vt 0.473825 0.114005
vt 0.478651 0.113997
vt 0.485443 0.114418
vt 0.524652 0.106489
vt 0.530899 0.106830
vt 0.537254 0.115076
vt 0.535055 0.107389
vt 0.540621 0.125462
vt 0.352589 0.070162
vt 0.352176 0.064309
vt 0.361405 0.064048
vt 0.361994 0.069640
vt 0.652944 0.075750
vt 0.652059 0.080407
vt 0.642834 0.079298
vt 0.643876 0.074868
vt 0.370223 0.063488
vt 0.370956 0.068815
vt 0.634105 0.077792
vt 0.635254 0.073597
vt 0.649982 0.088559
vt 0.640571 0.086893
vt 0.631768 0.084787
vt 0.623977 0.082591
vt 0.626270 0.076070
vt 0.627488 0.072070
vt 0.378207 0.062691
vt 0.379050 0.067791
vt 0.620871 0.221484
vt 0.616859 0.228776
vt 0.604651 0.217136
vt 0.609914 0.210553
vt 0.388758 0.240659
vt 0.384117 0.231594
vt 0.396269 0.221016
vt 0.402069 0.229300
vt 0.594004 0.203692
vt 0.599934 0.197559
vt 0.407556 0.208607
vt 0.414040 0.216238
vt 0.623052 0.213482
vt 0.380163 0.219985
vt 0.391490 0.210049
vt 0.402069 0.198377
vt 0.410951 0.187490
vt 0.416935 0.197247
vt 0.423667 0.204649
vt 0.585393 0.191826
vt 0.591521 0.185601
vt 0.603340 0.190064
vt 0.595353 0.178142
vt 0.612748 0.202775
vt 0.629571 0.173110
vt 0.626736 0.189555
vt 0.616139 0.180090
vt 0.618895 0.164751
vt 0.624709 0.203092
vt 0.614378 0.192839
vt 0.606867 0.168826
vt 0.609832 0.154881
vt 0.605090 0.180673
vt 0.633378 0.154704
vt 0.597467 0.169132
vt 0.599725 0.158232
vt 0.602992 0.145904
vt 0.613972 0.139760
vt 0.607031 0.132578
vt 0.622884 0.147791
vt 0.536541 0.074767
vt 0.533587 0.085391
vt 0.526861 0.081986
vt 0.530223 0.070518
vt 0.531532 0.095990
vt 0.524994 0.093936
vt 0.481344 0.076988
vt 0.484142 0.088960
vt 0.476488 0.091452
vt 0.473875 0.080295
vt 0.485536 0.101369
vt 0.478323 0.102630
vt 0.544651 0.070677
vt 0.541272 0.081322
vt 0.540414 0.064210
vt 0.538655 0.091441
vt 0.536550 0.100631
vt 0.472107 0.106660
vt 0.469741 0.096779
vt 0.467144 0.086108
vt 0.470577 0.069237
vt 0.464274 0.075047
vt 0.477279 0.065551
vt 0.534960 0.059679
vt 0.555112 0.111103
vt 0.551450 0.121169
vt 0.546765 0.110603
vt 0.549953 0.100599
vt 0.548204 0.129389
vt 0.543896 0.118985
vt 0.542663 0.100198
vt 0.545403 0.090228
vt 0.540249 0.108771
vt 0.565281 0.108191
vt 0.560914 0.120216
vt 0.559221 0.099366
vt 0.556886 0.130278
vt 0.553322 0.138278
vt 0.548822 0.079284
vt 0.553691 0.089259
vt 0.441108 0.087197
vt 0.438846 0.073631
vt 0.445713 0.065942
vt 0.448274 0.078959
vt 0.436984 0.060040
vt 0.443525 0.052943
vt 0.451852 0.058161
vt 0.455003 0.070903
vt 0.449063 0.046687
vt 0.436601 0.108626
vt 0.433860 0.094798
vt 0.443851 0.100448
vt 0.431761 0.080442
vt 0.430136 0.066704
vt 0.428944 0.054721
vt 0.435727 0.048554
vt 0.441756 0.042378
vt 0.446354 0.037686
vt 0.449664 0.036159
vt 0.452953 0.041694
vt 0.456861 0.051273
vt 0.460871 0.063343
vt 0.457860 0.082691
vt 0.451014 0.091458
vt 0.434464 0.041427
vt 0.432859 0.037109
vt 0.438215 0.030664
vt 0.439937 0.035181
vt 0.579588 0.038019
vt 0.577462 0.041021
vt 0.573654 0.033797
vt 0.575857 0.030733
vt 0.441917 0.024934
vt 0.443954 0.029867
vt 0.570693 0.028685
vt 0.573422 0.024486
vt 0.427958 0.046702
vt 0.426476 0.042460
vt 0.584367 0.044667
vt 0.582454 0.048143
vt 0.580577 0.055595
vt 0.575293 0.048001
vt 0.570703 0.040624
vt 0.567112 0.035409
vt 0.564138 0.033638
vt 0.565074 0.029641
vt 0.565193 0.026310
vt 0.449904 0.028119
vt 0.449424 0.031687
vt 0.408847 0.058976
vt 0.407561 0.054292
vt 0.413532 0.051151
vt 0.414931 0.055757
vt 0.599992 0.060005
vt 0.598407 0.063797
vt 0.593084 0.059675
vt 0.594804 0.055872
vt 0.419849 0.047185
vt 0.421324 0.051645
vt 0.587752 0.054454
vt 0.589586 0.050728
vt 0.404168 0.070033
vt 0.403078 0.061601
vt 0.409843 0.067324
vt 0.401894 0.056825
vt 0.605072 0.063394
vt 0.603583 0.067204
vt 0.602013 0.073843
vt 0.596865 0.070630
vt 0.591454 0.066775
vt 0.585972 0.061911
vt 0.422298 0.059959
vt 0.415915 0.064046
vt 0.414056 0.109282
vt 0.412344 0.094247
vt 0.418367 0.090702
vt 0.420151 0.105722
vt 0.410984 0.079654
vt 0.417007 0.076187
vt 0.424887 0.086147
vt 0.426819 0.100967
vt 0.423420 0.071919
vt 0.411039 0.125784
vt 0.408810 0.111867
vt 0.416355 0.123362
vt 0.407009 0.096919
vt 0.405477 0.082361
vt 0.429464 0.115081
vt 0.422624 0.119892
vt 0.581092 0.133089
vt 0.577167 0.143335
vt 0.570147 0.140885
vt 0.574347 0.130771
vt 0.573265 0.151613
vt 0.566155 0.148858
vt 0.563201 0.136719
vt 0.567423 0.126675
vt 0.559356 0.144586
vt 0.590491 0.122435
vt 0.586950 0.134279
vt 0.584960 0.121048
vt 0.583395 0.144585
vt 0.579812 0.153262
vt 0.576161 0.160598
vt 0.569523 0.158294
vt 0.562472 0.155148
vt 0.555852 0.150719
vt 0.571810 0.114530
vt 0.578529 0.118619
vt 0.565756 0.164699
vt 0.561624 0.171930
vt 0.554431 0.167611
vt 0.558736 0.161021
vt 0.447808 0.183722
vt 0.442071 0.176004
vt 0.448994 0.171488
vt 0.454905 0.178720
vt 0.547202 0.162267
vt 0.552067 0.156253
vt 0.455824 0.165981
vt 0.462000 0.172545
vt 0.572224 0.167701
vt 0.567871 0.175277
vt 0.441704 0.187618
vt 0.435889 0.179657
vt 0.429609 0.170649
vt 0.435886 0.167584
vt 0.442851 0.163611
vt 0.449672 0.158518
vt 0.594689 0.081066
vt 0.591904 0.093858
vt 0.586126 0.090751
vt 0.589150 0.077527
vt 0.588615 0.107611
vt 0.582529 0.104900
vt 0.580065 0.086442
vt 0.583406 0.073038
vt 0.576121 0.100737
vt 0.599834 0.083844
vt 0.597097 0.096125
vt 0.593933 0.109389
vt 0.569749 0.094620
vt 0.573964 0.080575
vt 0.577646 0.067257
vt 0.429719 0.158081
vt 0.424150 0.147506
vt 0.430919 0.144219
vt 0.436670 0.154569
vt 0.419649 0.135958
vt 0.426178 0.132642
vt 0.437980 0.139472
vt 0.443636 0.149708
vt 0.433166 0.127895
vt 0.423553 0.160582
vt 0.418278 0.149707
vt 0.414088 0.138195
vt 0.440265 0.121345
vt 0.444882 0.132878
vt 0.450217 0.143046
vt 0.456263 0.134178
vt 0.451450 0.124158
vt 0.457709 0.114334
vt 0.461818 0.124096
vt 0.447277 0.112829
vt 0.454128 0.103340
vt 0.463704 0.104762
vt 0.466930 0.114321
vt 0.460728 0.094074
vt 0.572176 0.059505
vt 0.568004 0.073058
vt 0.562585 0.064279
vt 0.567104 0.051142
vt 0.563642 0.086365
vt 0.557968 0.077038
vt 0.558068 0.055331
vt 0.562831 0.043934
vt 0.552999 0.067864
vt 0.549109 0.059491
vt 0.554673 0.047725
vt 0.559997 0.038569
vt 0.558610 0.034086
vt 0.552130 0.042047
vt 0.549241 0.037980
vt 0.557159 0.030539
vt 0.545730 0.053002
vt 0.541524 0.048452
vt 0.457466 0.033583
vt 0.464685 0.042087
vt 0.460835 0.045818
vt 0.455302 0.037116
vt 0.471562 0.053515
vt 0.466140 0.057369
vt 0.646670 0.101217
vt 0.642487 0.117372
vt 0.632549 0.113539
vt 0.637011 0.098628
vt 0.637882 0.135653
vt 0.627662 0.130333
vt 0.623658 0.109049
vt 0.628148 0.095511
vt 0.618771 0.124172
vt 0.656714 0.102648
vt 0.653068 0.119544
vt 0.649032 0.138722
vt 0.611578 0.118628
vt 0.616209 0.104909
vt 0.620490 0.092504
vt 0.322529 0.208307
vt 0.320856 0.189803
vt 0.334383 0.193021
vt 0.337214 0.211443
vt 0.319381 0.171156
vt 0.331783 0.174074
vt 0.347955 0.194765
vt 0.351619 0.212840
vt 0.344492 0.175844
vt 0.309493 0.204865
vt 0.308842 0.186552
vt 0.308325 0.168436
vt 0.356782 0.175206
vt 0.360628 0.193727
vt 0.364612 0.211235
vt 0.685664 0.099524
vt 0.684738 0.115250
vt 0.674609 0.117646
vt 0.676513 0.101247
vt 0.683718 0.133198
vt 0.672501 0.136355
vt 0.663909 0.119411
vt 0.666764 0.102508
vt 0.660740 0.138650
vt 0.693919 0.097985
vt 0.693862 0.113209
vt 0.693774 0.130538
vt 0.376229 0.205441
vt 0.372242 0.188804
vt 0.383096 0.180950
vt 0.387181 0.196415
vt 0.368377 0.171158
vt 0.379252 0.164586
vt 0.392910 0.171676
vt 0.397260 0.185788
vt 0.389001 0.156849
vt 0.396879 0.149652
vt 0.400890 0.162968
vt 0.405604 0.175790
vt 0.283526 0.202371
vt 0.283497 0.185032
vt 0.291631 0.184291
vt 0.291841 0.201877
vt 0.283656 0.167990
vt 0.291569 0.167106
vt 0.299484 0.184674
vt 0.299718 0.202620
vt 0.299354 0.167112
vt 0.272620 0.203716
vt 0.273409 0.186459
vt 0.274335 0.169261
vt 0.714515 0.097006
vt 0.716127 0.113248
vt 0.708926 0.112402
vt 0.707801 0.096869
vt 0.717634 0.131323
vt 0.709966 0.129831
vt 0.701745 0.112290
vt 0.701141 0.097124
vt 0.702309 0.129444
vt 0.721893 0.097323
vt 0.724062 0.114532
vt 0.726193 0.133548
vt 0.187310 0.065939
vt 0.185852 0.079368
vt 0.175784 0.075526
vt 0.177203 0.062763
vt 0.183847 0.093273
vt 0.173863 0.088794
vt 0.165879 0.071641
vt 0.167357 0.059516
vt 0.163962 0.084367
vt 0.197852 0.069395
vt 0.196180 0.083755
vt 0.193919 0.098637
vt 0.154075 0.079203
vt 0.156009 0.067160
vt 0.157571 0.055826
vt 0.869508 0.040621
vt 0.872694 0.047622
vt 0.865198 0.052554
vt 0.862423 0.045098
vt 0.875780 0.055413
vt 0.868152 0.061419
vt 0.856425 0.058022
vt 0.853788 0.049563
vt 0.859339 0.067872
vt 0.874488 0.036539
vt 0.878398 0.043120
vt 0.881852 0.050315
vt 0.849834 0.074084
vt 0.846964 0.063466
vt 0.844470 0.054255
vt 0.834997 0.058568
vt 0.837289 0.068358
vt 0.827459 0.073048
vt 0.825366 0.062696
vt 0.840048 0.079490
vt 0.830114 0.084635
vt 0.817461 0.078113
vt 0.815452 0.067021
vt 0.820141 0.090384
vt 0.810240 0.097674
vt 0.807298 0.084158
vt 0.805133 0.071858
vt 0.231782 0.081926
vt 0.228555 0.100575
vt 0.217633 0.094924
vt 0.220329 0.077706
vt 0.224776 0.120127
vt 0.214342 0.112943
vt 0.206804 0.089094
vt 0.208929 0.073399
vt 0.204069 0.105439
vt 0.243031 0.085638
vt 0.239477 0.105384
vt 0.235444 0.126040
vt 0.147768 0.051519
vt 0.146120 0.061780
vt 0.136683 0.056088
vt 0.138517 0.047188
vt 0.144173 0.072844
vt 0.134639 0.065943
vt 0.128300 0.050722
vt 0.130624 0.043038
vt 0.125979 0.059287
vt 0.118643 0.053465
vt 0.121525 0.045811
vt 0.124830 0.038627
vt 0.794347 0.077439
vt 0.796980 0.091590
vt 0.786521 0.099622
vt 0.783263 0.083356
vt 0.800487 0.107086
vt 0.790700 0.117433
vt 0.775913 0.107088
vt 0.772084 0.088917
vt 0.780641 0.127001
vt 0.770073 0.134064
vt 0.765131 0.112768
vt 0.761000 0.093345
vt 0.121210 0.034462
vt 0.116564 0.041502
vt 0.112674 0.038195
vt 0.118617 0.031284
vt 0.112757 0.048843
vt 0.107735 0.045340
vt 0.879581 0.030022
vt 0.885766 0.036349
vt 0.882417 0.039420
vt 0.877432 0.032982
vt 0.890904 0.043054
vt 0.886535 0.046308
vt 0.750202 0.096048
vt 0.754203 0.115768
vt 0.743441 0.116546
vt 0.739919 0.097294
vt 0.758844 0.137382
vt 0.747361 0.137656
vt 0.733250 0.115871
vt 0.730399 0.097561
vt 0.736249 0.136000
vt 0.747120 0.080354
vt 0.763811 0.158562
vt 0.751353 0.158450
vt 0.739047 0.155996
vt 0.728077 0.083026
vt 0.737141 0.081998
vt 0.226470 0.203960
vt 0.232033 0.186883
vt 0.246123 0.188382
vt 0.241976 0.205637
vt 0.237408 0.168778
vt 0.250145 0.170441
vt 0.260469 0.187920
vt 0.258100 0.205202
vt 0.262844 0.170343
vt 0.221210 0.218988
vt 0.242206 0.150032
vt 0.253864 0.152056
vt 0.265258 0.152552
vt 0.255856 0.221098
vt 0.238069 0.221171
vt 0.258656 0.060085
vt 0.259722 0.053983
vt 0.269594 0.055598
vt 0.268570 0.061795
vt 0.744173 0.065092
vt 0.745172 0.070331
vt 0.735383 0.072231
vt 0.734481 0.067068
vt 0.278402 0.056991
vt 0.277454 0.063238
vt 0.726599 0.073732
vt 0.725815 0.068712
vt 0.256733 0.071482
vt 0.275818 0.074786
vt 0.266749 0.073338
vt 0.246408 0.129992
vt 0.250300 0.108854
vt 0.260770 0.111119
vt 0.257341 0.132273
vt 0.253844 0.088501
vt 0.264028 0.090571
vt 0.270587 0.112430
vt 0.267817 0.133269
vt 0.273390 0.092008
vt 0.768818 0.177292
vt 0.773521 0.192737
vt 0.758761 0.192606
vt 0.755182 0.177028
vt 0.777656 0.204787
vt 0.761947 0.204989
vt 0.743511 0.189743
vt 0.741425 0.174153
vt 0.745375 0.202452
vt 0.781025 0.213867
vt 0.764492 0.214545
vt 0.746835 0.212447
vt 0.783669 0.221312
vt 0.785983 0.229326
vt 0.766802 0.231163
vt 0.766161 0.222573
vt 0.213628 0.241099
vt 0.216826 0.231223
vt 0.234971 0.234026
vt 0.233105 0.244614
vt 0.747100 0.229739
vt 0.747540 0.220895
vt 0.254140 0.234419
vt 0.253422 0.245350
vt 0.411383 0.168771
vt 0.406427 0.156886
vt 0.410333 0.153337
vt 0.415348 0.164712
vt 0.402402 0.144653
vt 0.406357 0.141660
vt 0.413891 0.151321
vt 0.418946 0.162448
vt 0.409887 0.139818
vt 0.417167 0.179890
vt 0.399136 0.131835
vt 0.403280 0.129315
vt 0.406915 0.127547
vt 0.424909 0.172969
vt 0.421299 0.175503
vt 0.614285 0.090071
vt 0.610411 0.101867
vt 0.605753 0.099694
vt 0.609141 0.088037
vt 0.606216 0.114794
vt 0.602037 0.112387
vt 0.601543 0.097929
vt 0.604509 0.086070
vt 0.598214 0.110786
vt 0.617461 0.080569
vt 0.602068 0.127777
vt 0.598282 0.125018
vt 0.594726 0.123500
vt 0.606912 0.076430
vt 0.611914 0.078594
vt 0.585273 0.177442
vt 0.579372 0.184259
vt 0.575439 0.180235
vt 0.580903 0.172840
vt 0.430138 0.197139
vt 0.423505 0.189538
vt 0.427796 0.185145
vt 0.434188 0.193029
vt 0.572256 0.177794
vt 0.577146 0.170203
vt 0.431315 0.182457
vt 0.437396 0.190444
vt 0.589471 0.169702
vt 0.581342 0.162421
vt 0.585304 0.164864
vt 0.598313 0.139959
vt 0.595044 0.151048
vt 0.591564 0.147188
vt 0.594772 0.136712
vt 0.592264 0.160981
vt 0.588560 0.156481
vt 0.588018 0.145456
vt 0.591308 0.135155
vt 0.584788 0.154429
vt 0.396112 0.117647
vt 0.393074 0.102444
vt 0.398028 0.100605
vt 0.400603 0.115499
vt 0.390167 0.087659
vt 0.395609 0.086071
vt 0.402425 0.098912
vt 0.404543 0.113768
vt 0.400510 0.084412
vt 0.387688 0.075174
vt 0.393535 0.073764
vt 0.398864 0.072122
vt 0.385985 0.066644
vt 0.385054 0.061711
vt 0.391007 0.060456
vt 0.392028 0.065332
vt 0.620870 0.070394
vt 0.619600 0.074258
vt 0.613840 0.072298
vt 0.615178 0.068471
vt 0.396487 0.058862
vt 0.397590 0.063696
vt 0.608620 0.070002
vt 0.610032 0.066187
vt 0.934613 0.426187
vt 0.936085 0.421798
vt 0.940123 0.422938
vt 0.940365 0.427405
vt 0.939042 0.417360
vt 0.941581 0.418420
vt 0.944626 0.419061
vt 0.944981 0.422905
vt 0.946024 0.427849
vt 0.958284 0.426691
vt 0.957572 0.419599
vt 0.964392 0.417754
vt 0.964688 0.425326
vt 0.956677 0.412993
vt 0.964362 0.410953
vt 0.969521 0.410756
vt 0.970468 0.415860
vt 0.970873 0.423446
vt 0.912090 0.952761
vt 0.908793 0.961045
vt 0.905118 0.958470
vt 0.906487 0.950610
vt 0.903943 0.966001
vt 0.902052 0.963759
vt 0.899373 0.960929
vt 0.900320 0.955826
vt 0.900726 0.948240
vt 0.888136 0.944995
vt 0.887424 0.952087
vt 0.880691 0.950165
vt 0.881840 0.944082
vt 0.886529 0.958693
vt 0.879052 0.955507
vt 0.874478 0.952625
vt 0.874834 0.948781
vt 0.875876 0.943837
vt 0.903170 0.410504
vt 0.896195 0.411322
vt 0.896383 0.408689
vt 0.903197 0.408155
vt 0.887780 0.411575
vt 0.887743 0.408858
vt 0.887734 0.407840
vt 0.896664 0.407746
vt 0.902261 0.407557
vt 0.885545 0.964376
vt 0.875682 0.959650
vt 0.877122 0.958207
vt 0.886025 0.962413
vt 0.868894 0.954325
vt 0.871433 0.953265
vt 0.896034 0.966810
vt 0.895321 0.964696
vt 0.894214 0.960732
vt 0.957927 0.960110
vt 0.966342 0.960363
vt 0.966530 0.962996
vt 0.957890 0.962827
vt 0.973316 0.961181
vt 0.973343 0.963530
vt 0.972408 0.964128
vt 0.966811 0.963939
vt 0.957881 0.963845
vt 0.894244 0.953932
vt 0.894540 0.946360
vt 0.950839 0.421521
vt 0.951988 0.427603
vt 0.949200 0.416179
vt 0.879428 0.411201
vt 0.879161 0.408568
vt 0.872531 0.410272
vt 0.872419 0.407930
vt 0.873309 0.407351
vt 0.878850 0.407624
vt 0.965469 0.406990
vt 0.972200 0.407926
vt 0.956173 0.409273
vt 0.955693 0.407309
vt 0.966182 0.404875
vt 0.974091 0.405685
vt 0.947270 0.413478
vt 0.945829 0.412036
vt 0.977623 0.962505
vt 0.977173 0.964571
vt 0.980267 0.963869
vt 0.978925 0.965821
vt 0.975822 0.966554
vt 0.974669 0.964993
vt 0.975266 0.413216
vt 0.976635 0.421076
vt 0.978941 0.410641
vt 0.982238 0.418925
vt 0.869975 0.948747
vt 0.870217 0.944281
vt 0.865937 0.949888
vt 0.864465 0.945499
vt 0.873288 0.415375
vt 0.868256 0.413762
vt 0.868216 0.408882
vt 0.873933 0.423151
vt 0.867939 0.421867
vt 0.861962 0.420692
vt 0.863892 0.412352
vt 0.865546 0.407532
vt 0.972766 0.956073
vt 0.977775 0.957638
vt 0.972412 0.948323
vt 0.978371 0.949586
vt 0.984310 0.950858
vt 0.982097 0.959119
vt 0.942678 0.961413
vt 0.943435 0.956310
vt 0.950113 0.954980
vt 0.949575 0.960484
vt 0.944080 0.948534
vt 0.950759 0.947406
vt 0.958170 0.946852
vt 0.958024 0.954430
vt 0.902619 0.415612
vt 0.895857 0.416827
vt 0.902266 0.423362
vt 0.895510 0.424399
vt 0.888023 0.424834
vt 0.887877 0.417255
vt 0.879966 0.416706
vt 0.880613 0.424279
vt 0.910120 0.407816
vt 0.911950 0.412567
vt 0.907628 0.414047
vt 0.907476 0.409180
vt 0.914163 0.420827
vt 0.908224 0.422099
vt 0.966004 0.954858
vt 0.965657 0.947286
vt 0.935693 0.964153
vt 0.934039 0.959333
vt 0.938403 0.957923
vt 0.938363 0.962803
vt 0.932109 0.950993
vt 0.938085 0.949818
vt 0.873967 0.855767
vt 0.874859 0.929735
vt 0.868551 0.929839
vt 0.867471 0.855572
vt 0.862194 0.930218
vt 0.861089 0.855515
vt 0.973153 0.514796
vt 0.972278 0.439712
vt 0.978914 0.438404
vt 0.979939 0.514360
vt 0.985356 0.437400
vt 0.986374 0.514115
vt 0.944114 0.515919
vt 0.945007 0.441951
vt 0.951549 0.441862
vt 0.951023 0.515706
vt 0.958408 0.441494
vt 0.958396 0.515470
vt 0.903005 0.856890
vt 0.902130 0.931974
vt 0.895255 0.930904
vt 0.895765 0.856510
vt 0.888261 0.930192
vt 0.888248 0.856217
vt 0.881402 0.929824
vt 0.880875 0.855980
vt 0.916226 0.857571
vt 0.915208 0.934286
vt 0.908766 0.933282
vt 0.909791 0.857326
vt 0.965403 0.440782
vt 0.965913 0.515176
vt 0.931236 0.516172
vt 0.932342 0.441468
vt 0.938699 0.441847
vt 0.937619 0.516114
vt 0.887714 0.405425
vt 0.898049 0.405197
vt 0.897565 0.406666
vt 0.887719 0.406798
vt 0.905675 0.405131
vt 0.904522 0.406692
vt 0.869862 0.404875
vt 0.877415 0.405052
vt 0.877912 0.406529
vt 0.871028 0.406452
vt 0.943455 0.964334
vt 0.948997 0.964061
vt 0.948058 0.965156
vt 0.941174 0.965233
vt 0.957865 0.964887
vt 0.957861 0.966260
vt 0.947562 0.966633
vt 0.940009 0.966810
vt 0.967711 0.965019
vt 0.968195 0.966488
vt 0.949308 0.963117
vt 0.942565 0.963755
vt 0.907026 0.407115
vt 0.908778 0.405864
vt 0.868584 0.406821
vt 0.866812 0.405557
vt 0.938731 0.964864
vt 0.936959 0.966128
vt 0.929750 0.929304
vt 0.936427 0.928891
vt 0.930012 0.848477
vt 0.936400 0.848479
vt 0.943026 0.848453
vt 0.943176 0.928446
vt 0.958295 0.927869
vt 0.966209 0.927960
vt 0.958374 0.848375
vt 0.966486 0.848330
vt 0.973986 0.848276
vt 0.973611 0.928283
vt 0.916918 0.442523
vt 0.910228 0.442980
vt 0.916918 0.523507
vt 0.910524 0.523472
vt 0.903839 0.523409
vt 0.903464 0.443403
vt 0.888148 0.443816
vt 0.880319 0.443629
vt 0.888227 0.523310
vt 0.880219 0.523270
vt 0.872880 0.523233
vt 0.873029 0.443239
vt 0.896062 0.443725
vt 0.896340 0.523355
vt 0.950466 0.928057
vt 0.950366 0.848416
vt 0.980375 0.928705
vt 0.980670 0.848213
vt 0.987064 0.848178
vt 0.987064 0.929162
vt 0.866280 0.442795
vt 0.866253 0.523206
vt 0.859865 0.523208
vt 0.859603 0.442381
vt 0.930642 0.681168
vt 0.937031 0.681140
vt 0.943589 0.681053
vt 0.958384 0.680855
vt 0.966189 0.680729
vt 0.973554 0.680565
vt 0.916559 0.691416
vt 0.910142 0.691313
vt 0.903406 0.691122
vt 0.888237 0.690832
vt 0.880556 0.690729
vt 0.873442 0.690634
vt 0.896042 0.690959
vt 0.950704 0.680958
vt 0.980289 0.680375
vt 0.986707 0.680271
vt 0.866883 0.690547
vt 0.860495 0.690519
vt 0.798868 0.305090
vt 0.800264 0.301069
vt 0.802325 0.301490
vt 0.801208 0.305015
vt 0.801649 0.298444
vt 0.803600 0.299769
vt 0.804253 0.302569
vt 0.802679 0.303687
vt 0.801780 0.305794
vt 0.793751 0.305696
vt 0.795385 0.300921
vt 0.785991 0.306097
vt 0.787322 0.300323
vt 0.788626 0.294399
vt 0.796893 0.296609
vt 0.797522 0.319072
vt 0.791839 0.319085
vt 0.792389 0.311764
vt 0.797901 0.311348
vt 0.784290 0.319106
vt 0.784851 0.312237
vt 0.800548 0.311132
vt 0.800249 0.319080
vt 0.801494 0.310827
vt 0.801272 0.319087
vt 0.765812 0.304817
vt 0.766311 0.298229
vt 0.684406 0.303842
vt 0.684501 0.297299
vt 0.684560 0.290913
vt 0.766814 0.291572
vt 0.765139 0.319028
vt 0.765384 0.311653
vt 0.684043 0.318718
vt 0.684256 0.310901
vt 0.512836 0.318129
vt 0.513285 0.310030
vt 0.343810 0.317540
vt 0.344462 0.309117
vt 0.344833 0.301689
vt 0.513578 0.302807
vt 0.513739 0.296192
vt 0.344988 0.294976
vt 0.345032 0.288569
vt 0.513812 0.289792
vt 0.268124 0.317332
vt 0.268634 0.309117
vt 0.252858 0.317396
vt 0.253412 0.309314
vt 0.252923 0.302175
vt 0.268585 0.301747
vt 0.268174 0.294984
vt 0.251776 0.295912
vt 0.250649 0.290142
vt 0.267746 0.288569
vt 0.370703 0.519749
vt 0.371823 0.690496
vt 0.365423 0.690569
vt 0.364316 0.519807
vt 0.373046 0.859277
vt 0.366639 0.859320
vt 0.359926 0.859475
vt 0.358808 0.690730
vt 0.357773 0.519903
vt 0.373046 0.936563
vt 0.366631 0.936135
vt 0.371473 0.953660
vt 0.365704 0.952533
vt 0.359440 0.951386
vt 0.359868 0.935724
vt 0.351585 0.691023
vt 0.350714 0.520052
vt 0.352498 0.859847
vt 0.344075 0.860499
vt 0.343487 0.691472
vt 0.342898 0.520266
vt 0.352498 0.935675
vt 0.352301 0.950897
vt 0.344219 0.951451
vt 0.344283 0.936185
vt 0.334810 0.692051
vt 0.334599 0.520527
vt 0.334971 0.861403
vt 0.326578 0.862227
vt 0.326762 0.692548
vt 0.326852 0.520749
vt 0.335413 0.937335
vt 0.335671 0.952878
vt 0.327999 0.954816
vt 0.327168 0.938738
vt 0.319952 0.692774
vt 0.320138 0.520852
vt 0.319648 0.862650
vt 0.313251 0.862761
vt 0.313557 0.692809
vt 0.313751 0.520868
vt 0.320307 0.939851
vt 0.321943 0.956767
vt 0.316345 0.958414
vt 0.313919 0.940547
vt 0.683440 0.347865
vt 0.511499 0.348058
vt 0.511534 0.341663
vt 0.683456 0.341477
vt 0.341547 0.348364
vt 0.341658 0.341967
vt 0.342081 0.335037
vt 0.511760 0.334853
vt 0.683559 0.334764
vt 0.263762 0.347696
vt 0.264458 0.341308
vt 0.245895 0.345269
vt 0.247542 0.339672
vt 0.249493 0.333616
vt 0.265571 0.334447
vt 0.512257 0.326805
vt 0.683781 0.327016
vt 0.342905 0.326644
vt 0.266974 0.326202
vt 0.251431 0.325944
vt 0.242234 0.334004
vt 0.243907 0.326499
vt 0.237443 0.333466
vt 0.237288 0.327311
vt 0.238513 0.317139
vt 0.245404 0.317328
vt 0.237991 0.342606
vt 0.240119 0.338972
vt 0.233219 0.338096
vt 0.235132 0.336289
vt 0.246445 0.308411
vt 0.240342 0.307006
vt 0.242235 0.300764
vt 0.246657 0.300965
vt 0.232796 0.316453
vt 0.235580 0.303370
vt 0.237203 0.304808
vt 0.234725 0.316798
vt 0.239405 0.294405
vt 0.240815 0.297062
vt 0.231726 0.329346
vt 0.233647 0.328644
vt 0.344476 0.965796
vt 0.354609 0.963967
vt 0.356807 0.967106
vt 0.344817 0.969584
vt 0.360851 0.962075
vt 0.364553 0.963494
vt 0.367210 0.964904
vt 0.358245 0.968729
vt 0.345162 0.971513
vt 0.328149 0.966866
vt 0.334304 0.967022
vt 0.332971 0.970662
vt 0.325326 0.969177
vt 0.332269 0.972583
vt 0.323518 0.971090
vt 0.370369 0.960184
vt 0.366341 0.958720
vt 0.360650 0.957651
vt 0.245589 0.295275
vt 0.244125 0.291246
vt 0.353204 0.957864
vt 0.344287 0.958905
vt 0.327611 0.962076
vt 0.322643 0.964191
vt 0.319008 0.966318
vt 0.335115 0.960402
vt 0.785729 0.333151
vt 0.765404 0.334291
vt 0.765150 0.326829
vt 0.784711 0.326388
vt 0.788217 0.345082
vt 0.766230 0.347767
vt 0.765790 0.341076
vt 0.786973 0.339126
vt 0.801290 0.341123
vt 0.796515 0.342930
vt 0.795050 0.338596
vt 0.799927 0.338478
vt 0.793489 0.333586
vt 0.798603 0.334185
vt 0.792277 0.326833
vt 0.797786 0.327234
vt 0.327431 0.405706
vt 0.328030 0.410820
vt 0.323020 0.409259
vt 0.323138 0.404382
vt 0.328464 0.418580
vt 0.322490 0.417335
vt 0.316534 0.416092
vt 0.318686 0.407793
vt 0.320493 0.403019
vt 0.327324 0.438905
vt 0.320540 0.438519
vt 0.313849 0.438078
vt 0.342544 0.406787
vt 0.342531 0.412470
vt 0.334783 0.412032
vt 0.334382 0.406523
vt 0.342510 0.420019
vt 0.335228 0.419598
vt 0.342588 0.439170
vt 0.334787 0.439159
vt 0.356525 0.405441
vt 0.355919 0.410558
vt 0.349852 0.411920
vt 0.350268 0.406408
vt 0.355519 0.418318
vt 0.349379 0.419458
vt 0.356798 0.438497
vt 0.349963 0.438925
vt 0.363172 0.402660
vt 0.365007 0.407416
vt 0.360694 0.408924
vt 0.360546 0.404045
vt 0.367217 0.415683
vt 0.361292 0.416987
vt 0.370043 0.437494
vt 0.363387 0.437998
vt 0.350484 0.403761
vt 0.356601 0.403102
vt 0.342536 0.404060
vt 0.342529 0.403037
vt 0.350789 0.402815
vt 0.355822 0.402529
vt 0.360126 0.401984
vt 0.361847 0.400709
vt 0.357928 0.401631
vt 0.359047 0.400056
vt 0.351683 0.401711
vt 0.342537 0.401991
vt 0.342539 0.400611
vt 0.352153 0.400228
vt 0.804082 0.309463
vt 0.802598 0.309933
vt 0.803698 0.319077
vt 0.802319 0.319078
vt 0.803927 0.329106
vt 0.802453 0.328630
vt 0.803990 0.336685
vt 0.802425 0.335542
vt 0.801559 0.333295
vt 0.801369 0.327740
vt 0.333876 0.402940
vt 0.332986 0.401856
vt 0.328321 0.402750
vt 0.326074 0.401884
vt 0.324931 0.400319
vt 0.332510 0.400382
vt 0.801997 0.338040
vt 0.803251 0.339784
vt 0.800957 0.334231
vt 0.323576 0.402312
vt 0.327385 0.403352
vt 0.321832 0.401058
vt 0.800424 0.327454
vt 0.334162 0.403885
vt 0.103490 0.410030
vt 0.099559 0.408600
vt 0.100013 0.406534
vt 0.103446 0.407677
vt 0.096961 0.407177
vt 0.098334 0.405235
vt 0.101109 0.404597
vt 0.102184 0.406188
vt 0.104229 0.407105
vt 0.104012 0.415180
vt 0.099314 0.413501
vt 0.104257 0.422953
vt 0.098554 0.421574
vt 0.092641 0.420193
vt 0.095016 0.411925
vt 0.116898 0.411501
vt 0.116793 0.417205
vt 0.109936 0.416592
vt 0.109620 0.411054
vt 0.116648 0.424711
vt 0.110249 0.424125
vt 0.109439 0.408387
vt 0.116948 0.408749
vt 0.109151 0.407432
vt 0.116960 0.407714
vt 0.102768 0.443329
vt 0.096228 0.442807
vt 0.101663 0.526408
vt 0.095198 0.526324
vt 0.088817 0.526256
vt 0.089572 0.442268
vt 0.116415 0.444006
vt 0.109480 0.443766
vt 0.115769 0.526631
vt 0.108497 0.526496
vt 0.114569 0.701277
vt 0.107212 0.701096
vt 0.113467 0.873772
vt 0.105922 0.873543
vt 0.099197 0.873523
vt 0.100458 0.701034
vt 0.094001 0.700942
vt 0.092736 0.873450
vt 0.086345 0.873380
vt 0.087614 0.700861
vt 0.113109 0.950775
vt 0.105711 0.950613
vt 0.113435 0.965597
vt 0.106172 0.965269
vt 0.100104 0.965971
vt 0.099196 0.950951
vt 0.092815 0.951414
vt 0.094569 0.967182
vt 0.089035 0.968717
vt 0.086396 0.951942
vt 0.014204 0.859320
vt 0.013003 0.684714
vt 0.019390 0.684633
vt 0.020585 0.859252
vt 0.011735 0.512193
vt 0.018125 0.512123
vt 0.024587 0.512050
vt 0.025847 0.684541
vt 0.027051 0.859168
vt 0.011786 0.433630
vt 0.018205 0.434158
vt 0.014425 0.416855
vt 0.019959 0.418390
vt 0.025494 0.419601
vt 0.024586 0.434621
vt 0.032600 0.684480
vt 0.033884 0.859081
vt 0.031312 0.512029
vt 0.038857 0.511801
vt 0.039958 0.684298
vt 0.041156 0.858946
vt 0.031101 0.434959
vt 0.031562 0.420303
vt 0.038825 0.419975
vt 0.038499 0.434797
vt 0.047805 0.683889
vt 0.048540 0.858736
vt 0.047327 0.511162
vt 0.055407 0.510518
vt 0.055258 0.683498
vt 0.055503 0.858543
vt 0.047041 0.433812
vt 0.047229 0.418652
vt 0.055067 0.416758
vt 0.055301 0.432486
vt 0.061894 0.683375
vt 0.061958 0.858458
vt 0.062277 0.510294
vt 0.068670 0.510303
vt 0.068283 0.683389
vt 0.068327 0.858442
vt 0.062246 0.431552
vt 0.061188 0.414911
vt 0.066821 0.413446
vt 0.068670 0.431050
vt 0.142941 0.527135
vt 0.142893 0.702187
vt 0.136505 0.702201
vt 0.136571 0.527119
vt 0.143280 0.875269
vt 0.136887 0.875279
vt 0.130017 0.875055
vt 0.129869 0.702078
vt 0.130116 0.527034
vt 0.143280 0.954522
vt 0.136856 0.954020
vt 0.141431 0.972126
vt 0.135798 0.970661
vt 0.129677 0.968814
vt 0.129911 0.953086
vt 0.122417 0.701687
vt 0.123153 0.526841
vt 0.121937 0.874411
vt 0.121651 0.951760
vt 0.121839 0.966920
vt 0.131071 0.974691
vt 0.123253 0.973307
vt 0.131069 0.978528
vt 0.124748 0.978936
vt 0.114568 0.978219
vt 0.114038 0.972118
vt 0.139591 0.978545
vt 0.136071 0.976615
vt 0.136076 0.982288
vt 0.134063 0.980424
vt 0.105903 0.971416
vt 0.105293 0.976893
vt 0.099918 0.975365
vt 0.099606 0.971451
vt 0.114596 0.983736
vt 0.102825 0.981658
vt 0.103888 0.979923
vt 0.114722 0.981774
vt 0.094809 0.978396
vt 0.097044 0.976814
vt 0.127173 0.984106
vt 0.126388 0.982209
vt 0.039958 0.407353
vt 0.030683 0.408679
vt 0.029278 0.405649
vt 0.040112 0.403798
vt 0.025308 0.410207
vt 0.022434 0.408758
vt 0.020199 0.407176
vt 0.028215 0.403914
vt 0.039986 0.401836
vt 0.056460 0.407044
vt 0.050138 0.406636
vt 0.051778 0.403363
vt 0.059454 0.405147
vt 0.052563 0.401466
vt 0.061466 0.403284
vt 0.016513 0.411291
vt 0.020230 0.412997
vt 0.024996 0.414121
vt 0.094840 0.972574
vt 0.091124 0.974281
vt 0.031293 0.414156
vt 0.039428 0.413454
vt 0.056461 0.410881
vt 0.061461 0.408956
vt 0.064981 0.407027
vt 0.048643 0.412265
vt 0.128897 0.423284
vt 0.129957 0.443769
vt 0.123315 0.443996
vt 0.122997 0.424299
vt 0.140494 0.420826
vt 0.143117 0.443000
vt 0.136452 0.443415
vt 0.134555 0.422055
vt 0.136569 0.407688
vt 0.138367 0.412491
vt 0.134045 0.413944
vt 0.133967 0.409038
vt 0.129418 0.415507
vt 0.130135 0.410374
vt 0.123599 0.416778
vt 0.124119 0.411251
vt 0.055522 0.975199
vt 0.054804 0.970066
vt 0.059431 0.971630
vt 0.059354 0.976535
vt 0.054283 0.962289
vt 0.059942 0.963518
vt 0.065880 0.964747
vt 0.063753 0.973082
vt 0.061955 0.977885
vt 0.055343 0.941805
vt 0.061839 0.942159
vt 0.068503 0.942573
vt 0.042285 0.974072
vt 0.042180 0.968368
vt 0.048985 0.968795
vt 0.049506 0.974322
vt 0.042035 0.960862
vt 0.048384 0.961274
vt 0.041802 0.941568
vt 0.048702 0.941577
vt 0.028877 0.975542
vt 0.029399 0.970393
vt 0.035324 0.968981
vt 0.035007 0.974519
vt 0.029644 0.962621
vt 0.035636 0.961448
vt 0.028155 0.942245
vt 0.034867 0.941808
vt 0.022349 0.978395
vt 0.020404 0.973648
vt 0.024702 0.972072
vt 0.024947 0.976973
vt 0.018028 0.965380
vt 0.023941 0.963999
vt 0.014960 0.943306
vt 0.021615 0.942767
vt 0.034826 0.977185
vt 0.028833 0.977895
vt 0.042335 0.976824
vt 0.042347 0.977859
vt 0.034538 0.978141
vt 0.029617 0.978468
vt 0.025401 0.979039
vt 0.023721 0.980338
vt 0.027572 0.979385
vt 0.026497 0.980976
vt 0.033691 0.979260
vt 0.042346 0.978917
vt 0.042354 0.980311
vt 0.033258 0.980758
vt 0.107871 0.404814
vt 0.108304 0.406313
vt 0.116967 0.405262
vt 0.116959 0.406655
vt 0.125976 0.405055
vt 0.125535 0.406543
vt 0.132585 0.405009
vt 0.131512 0.406571
vt 0.129525 0.407435
vt 0.124705 0.407640
vt 0.050092 0.977933
vt 0.050922 0.979030
vt 0.054912 0.978137
vt 0.056899 0.979002
vt 0.057972 0.980563
vt 0.051363 0.980518
vt 0.133595 0.406970
vt 0.135259 0.405712
vt 0.130272 0.408026
vt 0.058981 0.978603
vt 0.055659 0.977546
vt 0.060645 0.979861
vt 0.124399 0.408589
vt 0.049786 0.976984
vt 0.808615 0.410329
vt 0.804874 0.408859
vt 0.805352 0.406797
vt 0.808589 0.407972
vt 0.802317 0.407399
vt 0.803725 0.405474
vt 0.806362 0.404875
vt 0.807390 0.406474
vt 0.809322 0.407407
vt 0.809065 0.415498
vt 0.804533 0.413767
vt 0.809176 0.423277
vt 0.803610 0.421834
vt 0.797728 0.420353
vt 0.800271 0.412117
vt 0.821273 0.411916
vt 0.821121 0.417626
vt 0.814650 0.416969
vt 0.814397 0.411420
vt 0.820907 0.425106
vt 0.814869 0.424489
vt 0.814243 0.408739
vt 0.821346 0.409152
vt 0.813966 0.407777
vt 0.821373 0.408112
vt 0.807437 0.443302
vt 0.800993 0.442723
vt 0.805428 0.524043
vt 0.799054 0.523927
vt 0.792690 0.523811
vt 0.794338 0.442096
vt 0.820483 0.444056
vt 0.813883 0.443778
vt 0.819068 0.524382
vt 0.812066 0.524185
vt 0.816369 0.693924
vt 0.809120 0.693634
vt 0.814547 0.862178
vt 0.806863 0.861735
vt 0.799872 0.861633
vt 0.802392 0.693500
vt 0.795966 0.693454
vt 0.793313 0.861762
vt 0.786912 0.861847
vt 0.789588 0.693390
vt 0.815393 0.939992
vt 0.807382 0.939359
vt 0.817714 0.959060
vt 0.809401 0.958248
vt 0.802018 0.958543
vt 0.800141 0.939462
vt 0.793512 0.940168
vt 0.795803 0.959851
vt 0.790253 0.961377
vt 0.787163 0.940900
vt 0.170260 0.863016
vt 0.167160 0.693439
vt 0.173536 0.693375
vt 0.176625 0.862901
vt 0.164483 0.524982
vt 0.170884 0.525067
vt 0.177443 0.525196
vt 0.179962 0.693329
vt 0.182998 0.862785
vt 0.164734 0.445929
vt 0.171082 0.446660
vt 0.167824 0.425452
vt 0.173374 0.426978
vt 0.179589 0.428286
vt 0.177711 0.447367
vt 0.186691 0.693195
vt 0.189636 0.862642
vt 0.184434 0.525094
vt 0.192118 0.524651
vt 0.193940 0.692905
vt 0.196638 0.862445
vt 0.184952 0.447470
vt 0.186972 0.428581
vt 0.195285 0.427769
vt 0.192964 0.446837
vt 0.201553 0.692425
vt 0.203760 0.862183
vt 0.200354 0.523835
vt 0.208410 0.522748
vt 0.208978 0.691794
vt 0.210622 0.861879
vt 0.201495 0.445465
vt 0.203911 0.425890
vt 0.211864 0.423326
vt 0.209782 0.443594
vt 0.215866 0.691135
vt 0.217144 0.861582
vt 0.215701 0.521635
vt 0.222197 0.521138
vt 0.222310 0.690806
vt 0.223529 0.861416
vt 0.217194 0.441747
vt 0.218508 0.420785
vt 0.224342 0.419503
vt 0.223714 0.440982
vt 0.845959 0.525411
vt 0.844738 0.696023
vt 0.838295 0.695694
vt 0.839573 0.525245
vt 0.844627 0.865691
vt 0.838131 0.865194
vt 0.830840 0.864080
vt 0.831406 0.695035
vt 0.833052 0.524949
vt 0.846143 0.945847
vt 0.839623 0.945081
vt 0.846771 0.967326
vt 0.840937 0.966044
vt 0.834293 0.963503
vt 0.832211 0.943235
vt 0.823982 0.694404
vt 0.826189 0.524644
vt 0.822783 0.862994
vt 0.823925 0.941363
vt 0.826340 0.960939
vt 0.836709 0.973948
vt 0.828978 0.971774
vt 0.837024 0.980184
vt 0.830885 0.980485
vt 0.820511 0.979359
vt 0.819564 0.969985
vt 0.845876 0.978316
vt 0.841989 0.976481
vt 0.842073 0.984761
vt 0.840130 0.982881
vt 0.810437 0.968968
vt 0.810434 0.977798
vt 0.804213 0.975756
vt 0.802966 0.968882
vt 0.820698 0.986049
vt 0.808222 0.983823
vt 0.809244 0.982036
vt 0.820815 0.984044
vt 0.799121 0.979622
vt 0.801315 0.978001
vt 0.833481 0.986773
vt 0.832678 0.984828
vt 0.198081 0.407470
vt 0.188004 0.409031
vt 0.186815 0.404793
vt 0.198385 0.402785
vt 0.181783 0.411073
vt 0.178886 0.408828
vt 0.176692 0.407207
vt 0.185792 0.403006
vt 0.198268 0.400780
vt 0.214595 0.406645
vt 0.208456 0.406343
vt 0.210248 0.402001
vt 0.217700 0.403948
vt 0.211051 0.400056
vt 0.219643 0.402067
vt 0.171340 0.414993
vt 0.175137 0.416625
vt 0.180537 0.417947
vt 0.797567 0.970204
vt 0.793769 0.971836
vt 0.188007 0.417861
vt 0.197134 0.416844
vt 0.214279 0.412881
vt 0.219559 0.410348
vt 0.223446 0.408512
vt 0.206549 0.415055
vt 0.832714 0.423749
vt 0.833610 0.443921
vt 0.827107 0.444092
vt 0.826966 0.424729
vt 0.844306 0.421349
vt 0.846771 0.443274
vt 0.840097 0.443632
vt 0.838354 0.422550
vt 0.840415 0.408174
vt 0.842206 0.412991
vt 0.837867 0.414430
vt 0.837798 0.409514
vt 0.833263 0.415970
vt 0.834004 0.410830
vt 0.827617 0.417223
vt 0.828172 0.411691
vt 0.211574 0.975997
vt 0.210834 0.970857
vt 0.215438 0.972397
vt 0.215368 0.977314
vt 0.210285 0.963078
vt 0.215924 0.964277
vt 0.221877 0.965479
vt 0.219776 0.973836
vt 0.217986 0.978653
vt 0.211181 0.942906
vt 0.217668 0.943195
vt 0.224342 0.943553
vt 0.198844 0.974912
vt 0.198691 0.969202
vt 0.205188 0.969604
vt 0.205743 0.975136
vt 0.198478 0.961722
vt 0.204537 0.962098
vt 0.198053 0.942771
vt 0.204677 0.942735
vt 0.186185 0.976499
vt 0.186636 0.971329
vt 0.192220 0.969858
vt 0.191968 0.975408
vt 0.186747 0.963550
vt 0.192440 0.962339
vt 0.185007 0.943525
vt 0.191454 0.943050
vt 0.179888 0.979428
vt 0.177842 0.974711
vt 0.182104 0.973061
vt 0.182444 0.977968
vt 0.175298 0.966475
vt 0.181180 0.964993
vt 0.171908 0.944732
vt 0.178564 0.944105
vt 0.191814 0.978088
vt 0.186160 0.978855
vt 0.198917 0.977675
vt 0.198944 0.978716
vt 0.191537 0.979051
vt 0.186892 0.979421
vt 0.182923 0.980030
vt 0.181295 0.981353
vt 0.184961 0.980353
vt 0.183933 0.981952
vt 0.190735 0.980182
vt 0.198965 0.979780
vt 0.198992 0.981180
vt 0.190337 0.981690
vt 0.812766 0.405137
vt 0.813164 0.406645
vt 0.821421 0.405647
vt 0.821394 0.407047
vt 0.830096 0.405485
vt 0.829641 0.406975
vt 0.836510 0.405480
vt 0.835422 0.407036
vt 0.833457 0.407890
vt 0.828795 0.408074
vt 0.206366 0.978754
vt 0.207212 0.979852
vt 0.211028 0.978937
vt 0.212993 0.979791
vt 0.214080 0.981347
vt 0.207667 0.981343
vt 0.837434 0.407439
vt 0.839111 0.406186
vt 0.834159 0.408482
vt 0.215004 0.979389
vt 0.211730 0.978345
vt 0.216682 0.980641
vt 0.828471 0.409022
vt 0.206042 0.977805
vt 0.579425 0.410333
vt 0.575452 0.408852
vt 0.575982 0.406803
vt 0.579489 0.407983
vt 0.572899 0.407380
vt 0.574327 0.405483
vt 0.577223 0.404875
vt 0.578275 0.406477
vt 0.580351 0.407418
vt 0.579744 0.415465
vt 0.575058 0.413710
vt 0.579803 0.423188
vt 0.574118 0.421696
vt 0.568254 0.420175
vt 0.570828 0.412036
vt 0.593475 0.411949
vt 0.593088 0.417630
vt 0.585863 0.416937
vt 0.585785 0.411416
vt 0.592693 0.425144
vt 0.585958 0.424461
vt 0.585729 0.408762
vt 0.593665 0.409219
vt 0.585487 0.407805
vt 0.593719 0.408193
vt 0.578122 0.441344
vt 0.571591 0.440649
vt 0.575548 0.508925
vt 0.569035 0.508688
vt 0.562651 0.508479
vt 0.564947 0.439929
vt 0.592166 0.442351
vt 0.584962 0.441953
vt 0.590288 0.509522
vt 0.582629 0.509206
vt 0.582968 0.796502
vt 0.582002 0.880252
vt 0.574081 0.879797
vt 0.575105 0.796026
vt 0.583188 0.918449
vt 0.575391 0.918118
vt 0.568659 0.918155
vt 0.567119 0.879610
vt 0.568037 0.795703
vt 0.560645 0.879629
vt 0.561514 0.795505
vt 0.562284 0.918552
vt 0.555953 0.919130
vt 0.554260 0.879743
vt 0.555112 0.795378
vt 0.585433 0.942771
vt 0.578014 0.942681
vt 0.587447 0.959728
vt 0.580390 0.959744
vt 0.574643 0.960409
vt 0.571680 0.943023
vt 0.565493 0.943945
vt 0.569184 0.961824
vt 0.563874 0.963588
vt 0.559356 0.945148
vt 0.633355 0.594236
vt 0.632499 0.509867
vt 0.638877 0.509964
vt 0.639757 0.594110
vt 0.634075 0.470514
vt 0.640350 0.471006
vt 0.646639 0.471330
vt 0.645339 0.509971
vt 0.646280 0.593913
vt 0.637173 0.444532
vt 0.643285 0.445590
vt 0.641598 0.426089
vt 0.646785 0.427756
vt 0.651899 0.429000
vt 0.649186 0.446345
vt 0.652285 0.509778
vt 0.653347 0.593591
vt 0.653239 0.471312
vt 0.660998 0.470980
vt 0.660202 0.509327
vt 0.661210 0.593117
vt 0.655138 0.446544
vt 0.657064 0.429463
vt 0.663896 0.429407
vt 0.662421 0.446426
vt 0.669031 0.508634
vt 0.669580 0.592517
vt 0.670223 0.470395
vt 0.679443 0.469826
vt 0.677592 0.508025
vt 0.677497 0.591979
vt 0.671832 0.446154
vt 0.673549 0.429020
vt 0.683691 0.428144
vt 0.681518 0.445662
vt 0.684980 0.507835
vt 0.684426 0.591682
vt 0.687290 0.469647
vt 0.693920 0.469923
vt 0.691506 0.507971
vt 0.690856 0.591588
vt 0.689555 0.445169
vt 0.691623 0.426903
vt 0.697624 0.426358
vt 0.696154 0.445232
vt 0.612610 0.798039
vt 0.613235 0.881645
vt 0.606714 0.881778
vt 0.606180 0.797943
vt 0.615630 0.919652
vt 0.609022 0.919926
vt 0.601263 0.919728
vt 0.599339 0.881582
vt 0.599252 0.797644
vt 0.617872 0.944228
vt 0.611325 0.944301
vt 0.619386 0.962947
vt 0.613453 0.962435
vt 0.605888 0.961189
vt 0.603535 0.943778
vt 0.590807 0.880960
vt 0.591337 0.797105
vt 0.592249 0.919097
vt 0.594421 0.943163
vt 0.596550 0.960202
vt 0.608292 0.973101
vt 0.598483 0.971816
vt 0.608759 0.978784
vt 0.600425 0.979041
vt 0.588729 0.978065
vt 0.588388 0.970894
vt 0.619667 0.976554
vt 0.615303 0.975025
vt 0.616163 0.982923
vt 0.613467 0.981123
vt 0.581068 0.970569
vt 0.580503 0.977020
vt 0.576502 0.975959
vt 0.576002 0.971037
vt 0.588979 0.983609
vt 0.578084 0.981841
vt 0.579134 0.980182
vt 0.588981 0.981740
vt 0.572185 0.979357
vt 0.574156 0.977783
vt 0.604428 0.984436
vt 0.603072 0.982628
vt 0.666098 0.411387
vt 0.657970 0.412621
vt 0.656948 0.409501
vt 0.666754 0.407753
vt 0.654105 0.413757
vt 0.651990 0.412000
vt 0.650166 0.410428
vt 0.656039 0.407833
vt 0.666906 0.405869
vt 0.686604 0.410464
vt 0.678010 0.410282
vt 0.680924 0.406700
vt 0.691473 0.408071
vt 0.682384 0.404875
vt 0.694219 0.406228
vt 0.646123 0.415356
vt 0.649537 0.417204
vt 0.653393 0.418575
vt 0.571791 0.972514
vt 0.568213 0.974385
vt 0.658014 0.418872
vt 0.665115 0.418414
vt 0.686090 0.416168
vt 0.693405 0.414200
vt 0.697825 0.412619
vt 0.675635 0.417443
vt 0.605725 0.423905
vt 0.606316 0.442329
vt 0.599392 0.442462
vt 0.599446 0.424828
vt 0.605257 0.510139
vt 0.598034 0.509847
vt 0.617648 0.421730
vt 0.619667 0.441761
vt 0.612960 0.442067
vt 0.611630 0.422784
vt 0.618223 0.510535
vt 0.611832 0.510368
vt 0.614461 0.408480
vt 0.615916 0.413360
vt 0.611502 0.414635
vt 0.611790 0.409743
vt 0.606596 0.416118
vt 0.607693 0.411033
vt 0.600343 0.417300
vt 0.601211 0.411808
vt 0.685843 0.978609
vt 0.684748 0.973523
vt 0.689653 0.975008
vt 0.689940 0.979900
vt 0.683878 0.965736
vt 0.689783 0.966859
vt 0.695801 0.967914
vt 0.694067 0.976283
vt 0.692611 0.981164
vt 0.684474 0.947311
vt 0.691118 0.947575
vt 0.683432 0.879498
vt 0.690007 0.879271
vt 0.696398 0.879105
vt 0.697825 0.947883
vt 0.671625 0.977690
vt 0.671239 0.972008
vt 0.678495 0.972340
vt 0.679362 0.977832
vt 0.670846 0.964494
vt 0.677599 0.964811
vt 0.670323 0.947286
vt 0.677550 0.947176
vt 0.668462 0.880111
vt 0.676208 0.879788
vt 0.657574 0.979302
vt 0.657894 0.974170
vt 0.664014 0.972699
vt 0.663935 0.978220
vt 0.657955 0.966447
vt 0.664111 0.965175
vt 0.656278 0.948289
vt 0.663119 0.947682
vt 0.653721 0.880705
vt 0.660803 0.880426
vt 0.651047 0.982254
vt 0.648977 0.977597
vt 0.653207 0.975924
vt 0.653600 0.980782
vt 0.646405 0.969457
vt 0.652269 0.967937
vt 0.643103 0.949701
vt 0.649747 0.948983
vt 0.640823 0.881148
vt 0.647208 0.880941
vt 0.663877 0.980874
vt 0.657638 0.981652
vt 0.671815 0.980420
vt 0.671868 0.981446
vt 0.663636 0.981831
vt 0.658499 0.982217
vt 0.654130 0.982831
vt 0.652475 0.984150
vt 0.656423 0.983158
vt 0.655370 0.984759
vt 0.662811 0.982951
vt 0.671900 0.982497
vt 0.671936 0.983881
vt 0.662400 0.984445
vt 0.584252 0.405191
vt 0.584663 0.406685
vt 0.593788 0.405757
vt 0.593751 0.407141
vt 0.603377 0.405681
vt 0.602886 0.407156
vt 0.610451 0.405710
vt 0.609316 0.407259
vt 0.607179 0.408101
vt 0.601992 0.408235
vt 0.680141 0.981405
vt 0.681035 0.982485
vt 0.685328 0.981541
vt 0.687465 0.982384
vt 0.688600 0.983933
vt 0.681525 0.983960
vt 0.611553 0.407685
vt 0.613286 0.406463
vt 0.607978 0.408703
vt 0.689703 0.981958
vt 0.686128 0.980938
vt 0.691436 0.983180
vt 0.601651 0.409176
vt 0.679801 0.980465
vt 0.601937 0.651173
vt 0.594456 0.650752
vt 0.586458 0.650290
vt 0.615022 0.651653
vt 0.608620 0.651473
vt 0.680146 0.738457
vt 0.686830 0.738159
vt 0.693232 0.737981
vt 0.664666 0.739337
vt 0.672665 0.738876
vt 0.649831 0.740078
vt 0.656916 0.739747
vt 0.636919 0.740516
vt 0.643309 0.740327
vt 0.571623 0.649544
vt 0.565102 0.649294
vt 0.558712 0.649103
vt 0.578707 0.649877
vt 0.422427 0.410370
vt 0.418643 0.408816
vt 0.419159 0.406765
vt 0.422452 0.408018
vt 0.416101 0.407307
vt 0.417531 0.405412
vt 0.420217 0.404875
vt 0.421236 0.406495
vt 0.423200 0.407472
vt 0.422764 0.415545
vt 0.418218 0.413711
vt 0.422699 0.423338
vt 0.417132 0.421761
vt 0.411276 0.420144
vt 0.413986 0.411978
vt 0.435270 0.412237
vt 0.434957 0.417942
vt 0.428382 0.417144
vt 0.428269 0.411590
vt 0.434511 0.425442
vt 0.428401 0.424687
vt 0.428180 0.408911
vt 0.435419 0.409482
vt 0.427915 0.407946
vt 0.435478 0.408447
vt 0.420656 0.441713
vt 0.414229 0.440955
vt 0.417179 0.510549
vt 0.410803 0.510278
vt 0.404434 0.510005
vt 0.407577 0.440142
vt 0.433608 0.442799
vt 0.427049 0.442361
vt 0.430712 0.511106
vt 0.423789 0.510823
vt 0.419964 0.801591
vt 0.418467 0.883692
vt 0.411215 0.883940
vt 0.412783 0.801635
vt 0.419618 0.917406
vt 0.412363 0.917799
vt 0.405720 0.918093
vt 0.404425 0.884084
vt 0.406006 0.801621
vt 0.397987 0.884156
vt 0.399549 0.801536
vt 0.399428 0.918419
vt 0.393136 0.918920
vt 0.391638 0.884221
vt 0.393157 0.801388
vt 0.421950 0.935865
vt 0.414754 0.936365
vt 0.424922 0.949537
vt 0.417612 0.950171
vt 0.411360 0.950945
vt 0.408322 0.936883
vt 0.402292 0.937619
vt 0.405841 0.952094
vt 0.400605 0.953697
vt 0.396222 0.938735
vt 0.474497 0.582045
vt 0.472976 0.499165
vt 0.479319 0.499230
vt 0.480889 0.581897
vt 0.474450 0.464443
vt 0.480726 0.464952
vt 0.486978 0.465287
vt 0.485739 0.499304
vt 0.487343 0.581813
vt 0.477510 0.444591
vt 0.483556 0.445752
vt 0.481922 0.429528
vt 0.487147 0.431288
vt 0.492518 0.432523
vt 0.489512 0.446518
vt 0.492524 0.499453
vt 0.494121 0.581801
vt 0.493606 0.465592
vt 0.500887 0.465995
vt 0.499791 0.499706
vt 0.501310 0.581849
vt 0.495918 0.447056
vt 0.498714 0.433315
vt 0.506078 0.433952
vt 0.503151 0.447568
vt 0.507312 0.500094
vt 0.508633 0.581947
vt 0.508661 0.466567
vt 0.516410 0.467324
vt 0.514609 0.500612
vt 0.515671 0.582073
vt 0.511146 0.448184
vt 0.514497 0.434604
vt 0.523345 0.435097
vt 0.519357 0.448862
vt 0.521423 0.501199
vt 0.522294 0.582184
vt 0.523664 0.468276
vt 0.530191 0.469190
vt 0.527906 0.501599
vt 0.528715 0.582163
vt 0.527093 0.449657
vt 0.531587 0.435338
vt 0.537833 0.435967
vt 0.533709 0.450763
vt 0.447333 0.801285
vt 0.446503 0.881803
vt 0.440027 0.882204
vt 0.440917 0.801263
vt 0.448760 0.914195
vt 0.442259 0.915126
vt 0.435043 0.916082
vt 0.433227 0.882792
vt 0.434301 0.801372
vt 0.452284 0.932615
vt 0.445703 0.933753
vt 0.456462 0.947414
vt 0.450244 0.948084
vt 0.442043 0.948358
vt 0.438020 0.934565
vt 0.425958 0.883308
vt 0.427274 0.801496
vt 0.427341 0.916839
vt 0.429873 0.935251
vt 0.433261 0.948875
vt 0.446340 0.960533
vt 0.437102 0.961356
vt 0.448432 0.968054
vt 0.441129 0.970662
vt 0.430935 0.972230
vt 0.428131 0.962254
vt 0.460144 0.961080
vt 0.454839 0.960739
vt 0.458740 0.970830
vt 0.454695 0.969827
vt 0.420494 0.962879
vt 0.422391 0.972452
vt 0.417090 0.971027
vt 0.414508 0.963460
vt 0.433558 0.978826
vt 0.421509 0.978864
vt 0.422263 0.976984
vt 0.432823 0.976972
vt 0.413114 0.975378
vt 0.415104 0.973653
vt 0.448200 0.976032
vt 0.445682 0.974631
vt 0.512060 0.411436
vt 0.503408 0.411308
vt 0.503413 0.406831
vt 0.514009 0.406716
vt 0.498154 0.412737
vt 0.496374 0.410160
vt 0.494805 0.408395
vt 0.502929 0.404950
vt 0.514861 0.404875
vt 0.529662 0.415451
vt 0.522333 0.412906
vt 0.526889 0.408923
vt 0.535922 0.413638
vt 0.529432 0.407513
vt 0.539969 0.412611
vt 0.487978 0.416753
vt 0.491346 0.418635
vt 0.495573 0.420133
vt 0.409981 0.964892
vt 0.406369 0.966577
vt 0.501526 0.420728
vt 0.509264 0.421325
vt 0.527604 0.422952
vt 0.536115 0.422695
vt 0.541428 0.422319
vt 0.518320 0.422179
vt 0.446735 0.424342
vt 0.446867 0.442910
vt 0.440272 0.442968
vt 0.440754 0.425197
vt 0.444453 0.511655
vt 0.437711 0.511388
vt 0.458577 0.422294
vt 0.460144 0.442567
vt 0.453434 0.442745
vt 0.452552 0.423287
vt 0.457291 0.512158
vt 0.450909 0.511909
vt 0.455267 0.408956
vt 0.456842 0.413845
vt 0.452430 0.415133
vt 0.452564 0.410217
vt 0.447606 0.416559
vt 0.448520 0.411444
vt 0.441676 0.417680
vt 0.442403 0.412162
vt 0.529788 0.972224
vt 0.528875 0.967106
vt 0.533701 0.968534
vt 0.533834 0.973453
vt 0.528006 0.959318
vt 0.533826 0.960375
vt 0.539854 0.961371
vt 0.538115 0.969825
vt 0.536538 0.974716
vt 0.528144 0.940740
vt 0.534714 0.940907
vt 0.525749 0.871955
vt 0.532209 0.871703
vt 0.538594 0.871455
vt 0.541428 0.941087
vt 0.516530 0.971427
vt 0.516220 0.965719
vt 0.522942 0.965982
vt 0.523668 0.971504
vt 0.515775 0.958214
vt 0.522022 0.958460
vt 0.514877 0.940847
vt 0.521545 0.940680
vt 0.511999 0.872501
vt 0.519002 0.872221
vt 0.503680 0.973291
vt 0.504019 0.968113
vt 0.509641 0.966515
vt 0.509525 0.972072
vt 0.503956 0.960316
vt 0.509662 0.958968
vt 0.501917 0.941930
vt 0.508314 0.941283
vt 0.498459 0.873054
vt 0.505072 0.872782
vt 0.497349 0.976353
vt 0.495235 0.971680
vt 0.499469 0.969947
vt 0.499893 0.974845
vt 0.492526 0.963508
vt 0.498385 0.961892
vt 0.488830 0.943497
vt 0.495486 0.942686
vt 0.485706 0.873595
vt 0.492079 0.873323
vt 0.509436 0.974752
vt 0.503705 0.975645
vt 0.516679 0.974183
vt 0.516738 0.975219
vt 0.509170 0.975718
vt 0.504453 0.976191
vt 0.500409 0.976897
vt 0.498779 0.978251
vt 0.502487 0.977168
vt 0.501467 0.978788
vt 0.508361 0.976865
vt 0.516797 0.976279
vt 0.516862 0.977673
vt 0.507977 0.978378
vt 0.426723 0.405287
vt 0.427107 0.406799
vt 0.435603 0.405995
vt 0.435538 0.407388
vt 0.444631 0.406023
vt 0.444098 0.407497
vt 0.451335 0.406154
vt 0.450148 0.407684
vt 0.448028 0.408495
vt 0.443154 0.408572
vt 0.524418 0.975096
vt 0.525363 0.976172
vt 0.529295 0.975175
vt 0.531416 0.975987
vt 0.532603 0.977518
vt 0.525895 0.977647
vt 0.452264 0.408128
vt 0.454046 0.406924
vt 0.448741 0.409101
vt 0.533533 0.975544
vt 0.530008 0.974569
vt 0.535316 0.976748
vt 0.442781 0.409508
vt 0.524045 0.974160
vt 0.439045 0.654412
vt 0.432189 0.654263
vt 0.425061 0.654109
vt 0.451957 0.654761
vt 0.445565 0.654569
vt 0.520379 0.729115
vt 0.526903 0.728960
vt 0.533299 0.728769
vt 0.506384 0.729414
vt 0.513518 0.729262
vt 0.492651 0.729744
vt 0.499342 0.729574
vt 0.479850 0.730167
vt 0.486232 0.729938
vt 0.411335 0.653775
vt 0.404919 0.653579
vt 0.398540 0.653349
vt 0.418023 0.653947
vt 0.260062 0.405491
vt 0.255974 0.404082
vt 0.256471 0.402014
vt 0.260092 0.403127
vt 0.253377 0.402654
vt 0.254771 0.400725
vt 0.257725 0.400056
vt 0.258825 0.401640
vt 0.260970 0.402543
vt 0.260441 0.410654
vt 0.255649 0.408977
vt 0.260470 0.418465
vt 0.254719 0.417047
vt 0.248830 0.415565
vt 0.251378 0.407361
vt 0.274532 0.406821
vt 0.274175 0.412545
vt 0.266735 0.412007
vt 0.266609 0.406447
vt 0.273655 0.420133
vt 0.266749 0.419636
vt 0.266513 0.403782
vt 0.274688 0.404074
vt 0.266254 0.402827
vt 0.274741 0.403045
vt 0.258676 0.437091
vt 0.252118 0.436470
vt 0.256181 0.507265
vt 0.249727 0.507083
vt 0.243334 0.506908
vt 0.245440 0.435780
vt 0.272776 0.437858
vt 0.265547 0.437586
vt 0.270524 0.507682
vt 0.263112 0.507466
vt 0.262704 0.799474
vt 0.261722 0.872427
vt 0.255582 0.874671
vt 0.256049 0.800115
vt 0.263581 0.895855
vt 0.257913 0.899415
vt 0.252922 0.902459
vt 0.249954 0.876499
vt 0.249791 0.800610
vt 0.244100 0.878046
vt 0.243563 0.800992
vt 0.247655 0.905271
vt 0.241785 0.907411
vt 0.237847 0.878997
vt 0.237174 0.801138
vt 0.267919 0.910181
vt 0.262563 0.914201
vt 0.273770 0.922410
vt 0.268504 0.927139
vt 0.264010 0.931451
vt 0.257940 0.917858
vt 0.253158 0.921397
vt 0.259859 0.935299
vt 0.255442 0.938599
vt 0.247803 0.924412
vt 0.710657 0.558662
vt 0.711341 0.480816
vt 0.717594 0.481771
vt 0.717045 0.558807
vt 0.715299 0.452394
vt 0.721164 0.454546
vt 0.726421 0.457368
vt 0.723446 0.483324
vt 0.723272 0.559188
vt 0.721316 0.435380
vt 0.726663 0.438407
vt 0.728973 0.421187
vt 0.733385 0.424491
vt 0.737517 0.428340
vt 0.731426 0.441958
vt 0.729072 0.485156
vt 0.729528 0.559681
vt 0.731395 0.460422
vt 0.737041 0.463994
vt 0.735191 0.487408
vt 0.736182 0.560320
vt 0.736022 0.445628
vt 0.741984 0.432658
vt 0.747228 0.437405
vt 0.741358 0.449666
vt 0.742218 0.490104
vt 0.743276 0.561105
vt 0.744037 0.468201
vt 0.751418 0.472003
vt 0.749463 0.492452
vt 0.750404 0.561761
vt 0.748011 0.454202
vt 0.753296 0.442407
vt 0.759604 0.446980
vt 0.755071 0.458419
vt 0.756316 0.493700
vt 0.757244 0.562033
vt 0.758230 0.474368
vt 0.764702 0.475693
vt 0.762864 0.494173
vt 0.763734 0.562005
vt 0.761561 0.461501
vt 0.765544 0.450522
vt 0.770992 0.452764
vt 0.767701 0.463535
vt 0.290261 0.797767
vt 0.289532 0.865612
vt 0.282996 0.866137
vt 0.283770 0.797749
vt 0.291291 0.884088
vt 0.284854 0.885491
vt 0.278127 0.887936
vt 0.276193 0.867442
vt 0.276928 0.798028
vt 0.294123 0.896279
vt 0.288031 0.898375
vt 0.297273 0.907071
vt 0.291892 0.909413
vt 0.286071 0.912941
vt 0.281596 0.901466
vt 0.268831 0.869754
vt 0.269800 0.798688
vt 0.270642 0.891680
vt 0.274566 0.905670
vt 0.279826 0.917446
vt 0.291246 0.919424
vt 0.286294 0.925200
vt 0.294564 0.922968
vt 0.292132 0.929303
vt 0.286615 0.938206
vt 0.280705 0.931927
vt 0.299640 0.913813
vt 0.295822 0.915612
vt 0.300419 0.919904
vt 0.297817 0.920973
vt 0.274879 0.938249
vt 0.279544 0.945810
vt 0.274195 0.948906
vt 0.270009 0.943215
vt 0.290984 0.941937
vt 0.281306 0.951514
vt 0.280838 0.949687
vt 0.289521 0.940863
vt 0.272348 0.954913
vt 0.273120 0.952512
vt 0.297717 0.929986
vt 0.295743 0.929984
vt 0.760164 0.421583
vt 0.753089 0.413983
vt 0.754391 0.410112
vt 0.763079 0.418936
vt 0.747746 0.410885
vt 0.746676 0.407278
vt 0.745906 0.404875
vt 0.754865 0.408288
vt 0.764548 0.417870
vt 0.768184 0.436823
vt 0.765709 0.430487
vt 0.769333 0.429814
vt 0.771463 0.438823
vt 0.771314 0.429820
vt 0.774080 0.439900
vt 0.737660 0.409553
vt 0.740280 0.412620
vt 0.743548 0.416570
vt 0.266731 0.947167
vt 0.264110 0.950233
vt 0.748404 0.421535
vt 0.754224 0.427859
vt 0.764854 0.440392
vt 0.769496 0.444209
vt 0.773348 0.446006
vt 0.759837 0.434600
vt 0.286985 0.418646
vt 0.286994 0.437617
vt 0.280030 0.437839
vt 0.280559 0.419680
vt 0.285035 0.508095
vt 0.277966 0.507896
vt 0.299068 0.416575
vt 0.300419 0.437152
vt 0.293695 0.437350
vt 0.292994 0.417501
vt 0.298092 0.508469
vt 0.291667 0.508280
vt 0.296266 0.402979
vt 0.297625 0.407988
vt 0.293164 0.409215
vt 0.293533 0.404252
vt 0.288122 0.410763
vt 0.289233 0.405617
vt 0.281661 0.412064
vt 0.282514 0.406516
vt 0.762912 0.954096
vt 0.761799 0.948952
vt 0.766840 0.950497
vt 0.767213 0.955460
vt 0.760658 0.941071
vt 0.766667 0.942212
vt 0.772740 0.943135
vt 0.771302 0.951722
vt 0.769945 0.956731
vt 0.760657 0.922103
vt 0.767357 0.922366
vt 0.758662 0.851637
vt 0.765293 0.851448
vt 0.771717 0.851256
vt 0.774080 0.922560
vt 0.748212 0.952900
vt 0.747853 0.947178
vt 0.755338 0.947654
vt 0.756194 0.953201
vt 0.747329 0.939591
vt 0.754232 0.940040
vt 0.746441 0.921869
vt 0.753694 0.921884
vt 0.744153 0.852057
vt 0.751594 0.851839
vt 0.733746 0.954238
vt 0.734122 0.949075
vt 0.740414 0.947719
vt 0.740292 0.953278
vt 0.734147 0.941265
vt 0.740425 0.940091
vt 0.732344 0.922643
vt 0.739213 0.922145
vt 0.729813 0.852481
vt 0.736743 0.852276
vt 0.727063 0.957078
vt 0.725062 0.952373
vt 0.729332 0.950754
vt 0.729659 0.955649
vt 0.722511 0.944171
vt 0.728398 0.942686
vt 0.719110 0.923961
vt 0.725787 0.923268
vt 0.716968 0.852845
vt 0.723360 0.852667
vt 0.740196 0.955943
vt 0.733776 0.956601
vt 0.748371 0.955646
vt 0.748424 0.956676
vt 0.739938 0.956898
vt 0.734655 0.957184
vt 0.730157 0.957716
vt 0.728458 0.959006
vt 0.732511 0.958088
vt 0.731412 0.959673
vt 0.739083 0.958002
vt 0.748477 0.957728
vt 0.748512 0.959114
vt 0.738639 0.959489
vt 0.264953 0.400236
vt 0.265399 0.401723
vt 0.274828 0.400606
vt 0.274794 0.401992
vt 0.284818 0.400327
vt 0.284288 0.401813
vt 0.292186 0.400212
vt 0.290984 0.401788
vt 0.288696 0.402677
vt 0.283300 0.402914
vt 0.756982 0.956803
vt 0.757970 0.957902
vt 0.762377 0.957037
vt 0.764665 0.957924
vt 0.765868 0.959499
vt 0.758501 0.959388
vt 0.293310 0.402160
vt 0.295122 0.400913
vt 0.289505 0.403262
vt 0.766991 0.957550
vt 0.763185 0.956451
vt 0.768803 0.958797
vt 0.282929 0.403861
vt 0.756610 0.955856
vt 0.280675 0.653576
vt 0.273590 0.653459
vt 0.266331 0.653337
vt 0.293900 0.653865
vt 0.287437 0.653708
vt 0.754228 0.706178
vt 0.760989 0.706042
vt 0.767451 0.705883
vt 0.739885 0.706425
vt 0.747143 0.706299
vt 0.726128 0.706696
vt 0.732796 0.706563
vt 0.713354 0.706937
vt 0.719750 0.706813
vt 0.252572 0.653073
vt 0.246193 0.652959
vt 0.239796 0.652838
vt 0.259241 0.653203
vn -0.9086 0.3875 0.1559
vn -0.9350 0.3543 -0.0164
vn -1.0000 -0.0036 -0.0047
vn -0.9852 -0.0091 0.1710
vn -0.9326 0.3016 -0.1982
vn -0.9802 0.0035 -0.1979
vn -0.9073 -0.4204 -0.0027
vn -0.8628 -0.4785 0.1628
vn -0.9225 -0.3375 -0.1873
vn -0.7252 0.6317 0.2738
vn -0.7755 0.6210 0.1138
vn -0.8635 0.4070 0.2979
vn -0.8055 0.5897 -0.0578
vn -0.8219 0.5252 -0.2205
vn -0.8217 0.4495 -0.3502
vn -0.8914 0.2565 -0.3736
vn -0.9232 0.0117 -0.3841
vn -0.8919 -0.2622 -0.3684
vn -0.7815 -0.5315 -0.3267
vn -0.7352 -0.6540 -0.1780
vn -0.6473 -0.7622 -0.0101
vn -0.5500 -0.8238 0.1371
vn -0.8050 -0.5181 0.2890
vn -0.4560 -0.8563 0.2422
vn -0.9508 -0.0131 0.3094
vn 0.0646 -0.9962 0.0586
vn -0.0637 -0.9967 -0.0495
vn -0.0667 -0.9969 -0.0407
vn 0.0514 -0.9976 0.0463
vn -0.2957 -0.9357 -0.1922
vn -0.2824 -0.9428 -0.1770
vn -0.0558 -0.9976 -0.0403
vn 0.0325 -0.9983 0.0474
vn -0.2202 -0.9561 -0.1933
vn 0.1326 -0.9602 0.2458
vn 0.0681 -0.9929 0.0974
vn 0.1380 -0.9728 0.1861
vn -0.0432 -0.9976 -0.0548
vn -0.2341 -0.9436 -0.2338
vn -0.5089 -0.7292 -0.4574
vn -0.6047 -0.7094 -0.3619
vn -0.5758 -0.7363 -0.3554
vn -0.4617 -0.7805 -0.4215
vn -0.2363 -0.8146 -0.5297
vn -0.1087 -0.9665 -0.2325
vn -0.0290 -0.9983 -0.0496
vn 0.0125 -0.9987 0.0491
vn 0.0734 -0.9909 0.1126
vn 0.0306 -0.9937 0.1072
vn 0.1116 -0.9843 0.1362
vn 0.3340 -0.4431 -0.8319
vn 0.3619 0.0033 -0.9322
vn 0.1161 -0.0042 -0.9932
vn 0.1140 -0.4670 -0.8769
vn 0.3329 0.3453 -0.8775
vn 0.1132 0.3509 -0.9295
vn -0.1639 -0.0094 -0.9864
vn -0.1368 -0.4621 -0.8762
vn -0.1401 0.3403 -0.9298
vn 0.2795 -0.7960 -0.5368
vn 0.4088 -0.4226 -0.8089
vn 0.2262 -0.8115 -0.5388
vn 0.4420 0.0116 -0.8969
vn 0.4054 0.3444 -0.8467
vn 0.3446 0.5524 -0.7590
vn 0.2899 0.5502 -0.7830
vn 0.1189 0.5588 -0.8207
vn -0.0891 0.5553 -0.8268
vn -0.1994 0.5557 -0.8071
vn -0.2579 0.3362 -0.9058
vn -0.2864 -0.0105 -0.9580
vn -0.2524 -0.4558 -0.8535
vn -0.0675 -0.8268 -0.5584
vn -0.1524 -0.8198 -0.5520
vn 0.0881 -0.8296 -0.5513
vn -0.5278 0.8301 -0.1800
vn -0.5049 0.7916 -0.3442
vn -0.6044 0.7588 -0.2427
vn -0.6174 0.7837 -0.0680
vn -0.4987 0.7309 -0.4659
vn -0.6072 0.6969 -0.3816
vn -0.6935 0.7069 -0.1390
vn -0.6829 0.7296 0.0366
vn -0.7044 0.6467 -0.2924
vn -0.4086 0.9127 -0.0018
vn -0.4123 0.8696 -0.2718
vn -0.5213 0.8498 0.0782
vn -0.3881 0.8161 -0.4281
vn -0.3644 0.7536 -0.5470
vn -0.3638 0.6233 -0.6922
vn -0.5397 0.5934 -0.5971
vn -0.6580 0.5515 -0.5127
vn -0.7516 0.4996 -0.4306
vn -0.6437 0.7291 0.2326
vn -0.5965 0.7851 0.1662
vn 0.0519 -0.7765 0.6279
vn 0.0411 -0.8167 0.5756
vn 0.1089 -0.3252 0.9394
vn 0.1063 -0.2884 0.9516
vn 0.0312 -0.8424 0.5379
vn 0.1028 -0.3536 0.9297
vn 0.1340 0.1259 0.9829
vn 0.1241 0.1380 0.9826
vn 0.1324 0.1190 0.9840
vn 0.0547 -0.9121 0.4063
vn 0.0347 -0.9351 0.3526
vn 0.0797 -0.7363 0.6719
vn 0.0174 -0.9533 0.3013
vn 0.0017 -0.9632 0.2686
vn -0.0058 -0.9666 0.2560
vn 0.0323 -0.8492 0.5271
vn 0.0988 -0.3570 0.9288
vn 0.1236 0.1236 0.9846
vn 0.1293 0.2731 0.9532
vn 0.1296 0.2739 0.9530
vn 0.1243 0.2843 0.9506
vn 0.1117 0.2977 0.9481
vn 0.1348 0.1522 0.9791
vn 0.1134 0.3142 0.9425
vn 0.1282 -0.2542 0.9586
vn -0.5938 -0.3781 -0.7102
vn -0.7246 -0.3258 -0.6072
vn -0.7629 0.0220 -0.6461
vn -0.6380 0.0234 -0.7697
vn -0.8158 -0.2746 -0.5090
vn -0.8471 0.0183 -0.5310
vn -0.7273 0.3144 -0.6100
vn -0.6032 0.3535 -0.7150
vn -0.8153 0.2735 -0.5103
vn -0.2681 -0.7858 -0.5573
vn -0.4389 -0.7483 -0.4974
vn -0.3671 -0.4160 -0.8320
vn -0.5725 -0.6874 -0.4468
vn -0.6903 -0.6080 -0.3922
vn -0.3838 0.3838 -0.8398
vn -0.3975 0.0245 -0.9173
vn -0.6624 -0.4104 -0.6267
vn -0.7935 -0.3642 -0.4875
vn -0.8527 0.0152 -0.5222
vn -0.7234 0.0229 -0.6901
vn -0.8184 -0.3334 -0.4679
vn -0.8712 0.0168 -0.4906
vn -0.8105 0.3083 -0.4980
vn -0.6784 0.3606 -0.6401
vn -0.8324 0.2826 -0.4767
vn -0.3540 -0.4424 -0.8239
vn -0.7154 -0.3426 -0.6088
vn -0.7655 0.0271 -0.6428
vn -0.7251 0.3052 -0.6173
vn -0.6520 0.5035 -0.5669
vn -0.7547 0.4741 -0.4535
vn -0.7291 0.5080 -0.4585
vn -0.5979 0.5780 -0.5553
vn -0.3677 0.4108 -0.8343
vn -0.3257 0.6389 -0.6969
vn -0.3932 0.0361 -0.9187
vn 0.2102 -0.6393 0.7396
vn 0.1323 -0.6673 0.7329
vn 0.1508 -0.1881 0.9705
vn 0.1835 -0.1559 0.9705
vn 0.1042 -0.6994 0.7071
vn 0.1480 -0.2239 0.9633
vn 0.1263 0.1920 0.9732
vn 0.1130 0.2228 0.9683
vn 0.1456 0.1678 0.9750
vn 0.2855 -0.8387 0.4636
vn 0.1912 -0.8616 0.4701
vn 0.2951 -0.6128 0.7330
vn 0.1000 -0.8792 0.4657
vn 0.0672 -0.8934 0.4442
vn 0.1179 0.3352 0.9347
vn 0.0874 0.3599 0.9289
vn 0.0445 0.3876 0.9207
vn 0.1179 0.2621 0.9578
vn 0.0139 0.4258 0.9047
vn 0.2333 -0.1270 0.9640
vn -0.3764 0.8834 -0.2791
vn -0.4622 0.7825 -0.4170
vn -0.5611 0.7415 -0.3679
vn -0.4441 0.8593 -0.2537
vn -0.5250 0.6977 -0.4874
vn -0.6449 0.6363 -0.4232
vn -0.5755 0.7305 -0.3676
vn -0.4467 0.8556 -0.2616
vn -0.6691 0.6115 -0.4224
vn -0.1667 0.9845 -0.0539
vn -0.2506 0.9120 -0.3245
vn -0.2337 0.9713 -0.0445
vn -0.2830 0.8247 -0.4897
vn -0.2976 0.7555 -0.5836
vn -0.5765 0.6453 -0.5011
vn -0.4935 0.7609 -0.4213
vn -0.3838 0.8759 -0.2923
vn -0.2711 0.9618 -0.0364
vn -0.2413 0.9698 -0.0357
vn -0.2711 0.9618 -0.0386
vn 0.0348 -0.9860 0.1632
vn -0.0234 -0.9992 -0.0303
vn -0.0161 -0.9992 -0.0371
vn 0.0340 -0.9862 0.1618
vn -0.0675 -0.9608 -0.2689
vn -0.0610 -0.9576 -0.2813
vn -0.0239 -0.9986 -0.0474
vn 0.0526 -0.9888 0.1395
vn -0.1313 -0.9537 -0.2705
vn 0.1394 -0.9527 0.2699
vn 0.0503 -0.9875 0.1493
vn 0.0950 -0.9492 0.3001
vn -0.0433 -0.9987 -0.0264
vn -0.1420 -0.9581 -0.2485
vn -0.1036 -0.7916 -0.6022
vn -0.0973 -0.7809 -0.6170
vn -0.2825 -0.7684 -0.5742
vn 0.1004 -0.9525 0.2876
vn 0.0761 -0.9488 0.3065
vn -0.2316 -0.9658 0.1163
vn -0.3613 -0.9322 -0.0185
vn -0.1770 -0.9839 -0.0219
vn -0.0418 -0.9923 0.1166
vn -0.5073 -0.8403 -0.1909
vn -0.3552 -0.9099 -0.2141
vn -0.0835 -0.9962 -0.0230
vn 0.0398 -0.9905 0.1314
vn -0.2375 -0.9440 -0.2289
vn -0.1256 -0.9704 0.2064
vn 0.1447 -0.9617 0.2325
vn 0.0662 -0.9763 0.2062
vn 0.4472 -0.6417 0.6230
vn 0.4260 -0.5948 0.6816
vn 0.3789 -0.0730 0.9225
vn 0.4761 -0.0384 0.8785
vn 0.3482 -0.5937 0.7255
vn 0.2710 -0.1015 0.9572
vn 0.1748 0.3880 0.9049
vn 0.2326 0.5093 0.8285
vn 0.1197 0.3093 0.9434
vn 0.0759 -0.8998 0.4295
vn 0.3041 -0.8626 0.4043
vn -0.0364 -0.7462 0.6647
vn 0.3521 -0.8312 0.4303
vn 0.3324 -0.8239 0.4590
vn -0.0150 0.4778 0.8784
vn -0.0242 0.5645 0.8250
vn -0.0279 0.6723 0.7397
vn -0.1672 0.6152 0.7704
vn -0.1715 0.7238 0.6683
vn -0.0982 -0.0654 0.9930
vn -0.4045 -0.3809 -0.8314
vn -0.1072 -0.3975 -0.9113
vn -0.1048 0.0372 -0.9938
vn -0.4347 0.0396 -0.8997
vn -0.1221 -0.4163 -0.9009
vn -0.1260 0.0291 -0.9916
vn -0.1258 0.3720 -0.9197
vn -0.4172 0.3547 -0.8367
vn -0.1415 0.3854 -0.9118
vn -0.1826 0.6213 -0.7620
vn -0.1748 0.5966 -0.7833
vn -0.3968 0.5642 -0.7240
vn -0.3019 0.8964 -0.3246
vn -0.3529 0.8009 -0.4837
vn -0.2611 0.8219 -0.5061
vn -0.2606 0.9040 -0.3390
vn -0.3796 0.7024 -0.6020
vn -0.2280 0.7348 -0.6387
vn -0.2832 0.8277 -0.4844
vn -0.3034 0.8964 -0.3232
vn -0.2375 0.7547 -0.6116
vn -0.2133 0.9758 -0.0473
vn -0.2853 0.9574 -0.0453
vn -0.2138 0.9753 -0.0555
vn -0.2400 -0.4674 -0.8509
vn -0.2688 -0.0094 -0.9631
vn -0.1508 -0.0056 -0.9885
vn -0.1374 -0.4877 -0.8621
vn -0.2436 0.3498 -0.9046
vn -0.1337 0.3762 -0.9168
vn 0.1044 -0.0006 -0.9945
vn 0.0830 -0.5065 -0.8582
vn 0.0984 0.4061 -0.9085
vn -0.1523 -0.8263 -0.5423
vn -0.1933 0.5758 -0.7944
vn -0.0994 0.6098 -0.7862
vn 0.0926 0.6446 -0.7588
vn 0.3931 0.6445 -0.6558
vn 0.4618 0.4069 -0.7881
vn 0.5002 0.0034 -0.8659
vn 0.4364 -0.4957 -0.7509
vn 0.0414 -0.8546 -0.5176
vn 0.2703 -0.8471 -0.4575
vn -0.0906 -0.8406 -0.5340
vn -0.0246 -0.9983 0.0533
vn 0.0242 -0.9984 -0.0496
vn 0.0100 -0.9988 -0.0481
vn -0.0175 -0.9983 0.0560
vn 0.1058 -0.9658 -0.2365
vn 0.0468 -0.9705 -0.2363
vn -0.0025 -0.9988 -0.0483
vn -0.0052 -0.9983 0.0580
vn -0.0174 -0.9706 -0.2400
vn -0.0561 -0.9899 0.1297
vn -0.0252 -0.9983 0.0524
vn -0.0564 -0.9884 0.1412
vn 0.0317 -0.9982 -0.0508
vn 0.1310 -0.9619 -0.2399
vn -0.0584 -0.9688 -0.2409
vn -0.0109 -0.9987 -0.0497
vn 0.0056 -0.9984 0.0570
vn -0.0164 -0.9872 0.1584
vn 0.0084 -0.9875 0.1575
vn -0.0419 -0.9875 0.1521
vn -0.0930 0.9453 0.3126
vn -0.0929 0.7343 0.6724
vn -0.0883 0.7249 0.6831
vn -0.0785 0.9427 0.3242
vn -0.0482 0.4204 0.9060
vn -0.0630 0.4085 0.9106
vn -0.0599 0.7206 0.6907
vn -0.0405 0.9416 0.3342
vn -0.0677 0.4009 0.9136
vn -0.0166 0.9983 -0.0554
vn -0.0878 0.9484 0.3046
vn -0.0130 0.9983 -0.0561
vn -0.0839 0.7456 0.6610
vn -0.0358 0.4353 0.8995
vn 0.0100 0.2453 0.9694
vn -0.0060 0.2291 0.9734
vn -0.0296 0.2148 0.9762
vn -0.0524 0.2014 0.9781
vn -0.0668 0.1913 0.9792
vn -0.0563 0.3996 0.9149
vn -0.0199 0.7210 0.6926
vn 0.0034 0.9422 0.3349
vn -0.0032 0.9983 -0.0574
vn 0.0061 0.9980 -0.0620
vn -0.0094 0.9984 -0.0556
vn 0.0194 0.1282 0.9915
vn 0.0245 -0.2589 0.9656
vn 0.0063 -0.2503 0.9681
vn -0.0037 0.1187 0.9929
vn 0.0078 -0.7736 0.6336
vn 0.0016 -0.7593 0.6507
vn -0.0131 -0.2420 0.9702
vn -0.0272 0.1100 0.9935
vn -0.0072 -0.7474 0.6643
vn 0.0369 0.1384 0.9897
vn 0.0379 -0.2706 0.9619
vn 0.0116 -0.7885 0.6148
vn -0.0127 -0.9521 0.3054
vn -0.0141 -0.9463 0.3227
vn -0.0139 -0.9400 0.3409
vn -0.0107 -0.9344 0.3560
vn -0.0029 -0.9322 0.3620
vn -0.0129 -0.7452 0.6666
vn -0.0321 -0.2464 0.9686
vn -0.0516 0.0982 0.9938
vn 0.0313 0.9513 0.3066
vn -0.1228 0.7736 0.6216
vn -0.1164 0.7706 0.6265
vn 0.0457 0.9476 0.3160
vn -0.2135 0.4812 0.8502
vn -0.2044 0.4889 0.8480
vn -0.1101 0.7632 0.6366
vn 0.0595 0.9409 0.3335
vn -0.2052 0.4977 0.8427
vn 0.1651 0.9856 -0.0350
vn 0.0437 0.9493 0.3112
vn 0.2264 0.9740 -0.0099
vn -0.0702 0.7645 0.6407
vn -0.1583 0.4624 0.8724
vn -0.2058 0.2182 0.9539
vn -0.2550 0.2370 0.9374
vn -0.2526 0.2575 0.9326
vn -0.2633 0.2886 0.9205
vn -0.3015 0.3255 0.8962
vn -0.2319 0.5109 0.8277
vn -0.1209 0.7572 0.6418
vn 0.0578 0.9352 0.3494
vn 0.2963 0.9547 0.0262
vn 0.2948 0.9549 0.0360
vn 0.2716 0.9623 0.0105
vn 0.0096 -0.9984 0.0549
vn -0.0139 -0.9987 -0.0496
vn -0.0098 -0.9988 -0.0477
vn 0.0069 -0.9985 0.0536
vn -0.0644 -0.9695 -0.2363
vn -0.0406 -0.9726 -0.2290
vn 0.0018 -0.9990 -0.0453
vn -0.0015 -0.9987 0.0515
vn 0.0137 -0.9757 -0.2185
vn 0.0194 -0.9884 0.1506
vn 0.1141 -0.9742 -0.1947
vn 0.0273 -0.9988 -0.0398
vn -0.0134 -0.9987 0.0482
vn -0.0032 -0.9910 0.1336
vn -0.0348 -0.9913 0.1266
vn 0.0145 -0.9898 0.1418
vn 0.0363 0.9441 0.3275
vn 0.0076 0.7297 0.6837
vn 0.0182 0.7395 0.6729
vn 0.0587 0.9440 0.3247
vn -0.0485 0.4091 0.9112
vn -0.0492 0.4220 0.9052
vn 0.0005 0.7495 0.6620
vn 0.0637 0.9449 0.3211
vn -0.0767 0.4397 0.8948
vn 0.0252 0.9977 -0.0627
vn -0.0823 0.1888 0.9785
vn -0.0941 0.1912 0.9770
vn -0.1274 0.2005 0.9714
vn 0.1044 0.9932 -0.0509
vn 0.0589 0.9965 -0.0596
vn -0.0784 0.0819 0.9935
vn -0.0556 -0.2688 0.9616
vn -0.0829 -0.2994 0.9505
vn -0.0991 0.0663 0.9929
vn -0.0228 -0.7566 0.6534
vn -0.0425 -0.7757 0.6297
vn -0.1267 -0.3247 0.9373
vn -0.1407 0.0596 0.9883
vn -0.0684 -0.7940 0.6041
vn 0.0002 -0.9344 0.3563
vn -0.0081 -0.9395 0.3424
vn -0.0182 -0.9446 0.3275
vn -0.0276 -0.9470 0.3201
vn -0.0952 -0.8029 0.5884
vn -0.1893 -0.3389 0.9215
vn -0.2178 0.0610 0.9741
vn 0.9210 -0.2570 -0.2929
vn 0.9514 0.0533 -0.3033
vn 0.9908 0.0372 -0.1299
vn 0.9688 -0.2140 -0.1246
vn 0.9111 0.3011 -0.2814
vn 0.9616 0.2461 -0.1216
vn 0.9997 0.0227 0.0043
vn 0.9850 -0.1727 0.0034
vn 0.9811 0.1932 0.0046
vn 0.6227 -0.6774 -0.3916
vn 0.8001 -0.2937 -0.5230
vn 0.7518 -0.6201 -0.2243
vn 0.8365 0.0696 -0.5436
vn 0.7953 0.3515 -0.4939
vn 0.7244 0.5594 -0.4028
vn 0.8327 0.5048 -0.2274
vn 0.8946 0.4385 -0.0863
vn 0.9309 0.3640 0.0291
vn 0.9466 0.2995 0.1193
vn 0.9790 0.1601 0.1263
vn 0.9916 0.0093 0.1290
vn 0.9787 -0.1605 0.1276
vn 0.8945 -0.4464 0.0249
vn 0.9247 -0.3629 0.1150
vn 0.8363 -0.5410 -0.0886
vn -0.2688 0.0679 0.9608
vn -0.2344 -0.3334 0.9132
vn -0.2612 -0.3094 0.9143
vn -0.2818 0.0865 0.9556
vn -0.1189 -0.7961 0.5933
vn -0.1475 -0.7768 0.6122
vn -0.3012 -0.2683 0.9150
vn -0.3065 0.1233 0.9438
vn -0.1893 -0.7490 0.6349
vn -0.0433 -0.9447 0.3250
vn -0.0670 -0.9379 0.3404
vn -0.0989 -0.9277 0.3598
vn -0.1352 -0.9166 0.3763
vn -0.2382 -0.7226 0.6489
vn -0.3545 -0.2276 0.9069
vn -0.3521 0.1651 0.9213
vn 0.7331 -0.4358 -0.5221
vn 0.8117 0.0070 -0.5839
vn 0.9340 0.0102 -0.3570
vn 0.8748 -0.3490 -0.3360
vn 0.7602 0.3547 -0.5443
vn 0.8936 0.2838 -0.3476
vn 0.9703 0.0124 -0.2414
vn 0.9317 -0.2748 -0.2376
vn 0.9427 0.2252 -0.2458
vn 0.4990 -0.7958 -0.3429
vn 0.6629 0.5766 -0.4776
vn 0.8109 0.4789 -0.3363
vn 0.8809 0.3954 -0.2600
vn 0.9018 0.3516 -0.2513
vn 0.9529 0.1945 -0.2325
vn 0.9745 0.0143 -0.2236
vn 0.9466 -0.2315 -0.2244
vn 0.7446 -0.6360 -0.2027
vn 0.7851 -0.5832 -0.2086
vn 0.6507 -0.7165 -0.2511
vn -0.0291 -0.9985 0.0453
vn 0.0564 -0.9979 -0.0307
vn 0.0798 -0.9964 -0.0284
vn -0.0472 -0.9979 0.0437
vn 0.2301 -0.9606 -0.1559
vn 0.3283 -0.9356 -0.1295
vn 0.0993 -0.9945 -0.0327
vn -0.0679 -0.9964 0.0503
vn 0.4054 -0.9060 -0.1217
vn -0.0757 -0.9891 0.1263
vn 0.4386 -0.8878 -0.1393
vn 0.1041 -0.9937 -0.0404
vn -0.0909 -0.9934 0.0699
vn -0.1624 -0.9730 0.1640
vn -0.1957 -0.9611 0.1950
vn -0.1182 -0.9832 0.1386
vn 0.7863 -0.3843 0.4837
vn 0.8769 -0.3046 0.3716
vn 0.9222 -0.0144 0.3864
vn 0.8598 -0.0248 0.5099
vn 0.9423 -0.2214 0.2511
vn 0.9663 -0.0031 0.2572
vn 0.9019 0.2199 0.3718
vn 0.8296 0.2571 0.4955
vn 0.9513 0.1809 0.2496
vn 0.3727 -0.8317 0.4115
vn 0.5355 -0.7573 0.3736
vn 0.6842 -0.4554 0.5697
vn 0.7055 -0.6442 0.2955
vn 0.8459 -0.4942 0.2005
vn 0.9105 0.3591 0.2051
vn 0.8474 0.4245 0.3189
vn 0.7550 0.4791 0.4476
vn 0.7392 0.2956 0.6051
vn 0.6320 0.5281 0.5671
vn 0.7859 -0.0332 0.6174
vn -0.0913 -0.9931 0.0731
vn 0.1462 -0.9892 -0.0050
vn 0.2564 -0.9647 0.0606
vn -0.0081 -0.9934 0.1140
vn 0.4455 -0.8888 -0.1078
vn 0.5629 -0.8263 -0.0142
vn 0.4527 -0.8758 0.1677
vn 0.2069 -0.9540 0.2170
vn 0.6917 -0.7162 0.0924
vn -0.2611 -0.9552 0.1394
vn -0.1009 -0.9926 0.0667
vn -0.2685 -0.9568 0.1117
vn 0.0892 -0.9950 -0.0440
vn 0.3370 -0.9207 -0.1966
vn 0.0153 -0.9744 0.2242
vn -0.1929 -0.9728 0.1277
vn 0.2437 0.7937 0.5574
vn -0.0200 0.7420 0.6700
vn 0.0520 0.7557 0.6528
vn 0.2880 0.7474 0.5986
vn -0.2829 0.7074 0.6477
vn -0.2008 0.7729 0.6018
vn 0.1675 0.7515 0.6381
vn 0.3638 0.6997 0.6149
vn -0.0487 0.8015 0.5959
vn 0.4210 0.8796 0.2212
vn 0.1900 0.8549 0.4826
vn 0.4725 0.8124 0.3416
vn -0.0785 0.7501 0.6566
vn -0.3285 0.6493 0.6859
vn -0.5469 0.5710 0.6122
vn -0.5288 0.6521 0.5432
vn -0.4577 0.7617 0.4586
vn -0.2555 0.8327 0.4911
vn -0.0092 0.7613 0.6483
vn 0.1572 0.7224 0.6734
vn 0.3452 0.6562 0.6709
vn 0.4963 0.5848 0.6417
vn 0.5428 0.6649 0.5130
vn 0.5021 0.7434 0.4417
vn -0.7547 0.5277 0.3898
vn -0.9875 0.0197 0.1561
vn -0.9981 0.0347 -0.0504
vn -0.6872 0.6902 0.2264
vn -0.7573 -0.6529 0.0047
vn -0.6825 -0.7261 -0.0831
vn -0.8272 -0.0343 0.5607
vn -0.4314 0.7580 0.4892
vn -0.4554 -0.8350 0.3088
vn -0.7495 0.4107 0.5192
vn -0.9296 -0.0565 0.3642
vn -0.7508 -0.6480 0.1283
vn -0.5002 -0.8658 0.0139
vn -0.5043 -0.8628 -0.0356
vn -0.4433 -0.8956 -0.0372
vn -0.2980 -0.9489 0.1039
vn -0.0847 -0.9272 0.3647
vn -0.0279 -0.7262 0.6869
vn -0.0149 -0.0528 0.9985
vn 0.0189 0.5891 0.8078
vn -0.6637 0.2738 0.6961
vn -0.7385 -0.1478 0.6579
vn -0.8110 -0.1392 0.5682
vn -0.6923 0.3010 0.6558
vn -0.5810 -0.6815 0.4449
vn -0.6493 -0.6814 0.3376
vn -0.8793 -0.1163 0.4618
vn -0.7305 0.3452 0.5893
vn -0.7088 -0.6684 0.2253
vn -0.5611 0.4278 0.7086
vn -0.6367 0.2591 0.7262
vn -0.5708 0.4436 0.6910
vn -0.6786 -0.1542 0.7181
vn -0.5119 -0.6825 0.5216
vn -0.2977 -0.8995 0.3197
vn -0.3527 -0.8988 0.2604
vn -0.4123 -0.8934 0.1782
vn -0.4641 -0.8813 0.0894
vn -0.5519 0.5080 0.6613
vn -0.5599 0.4657 0.6853
vn -0.0083 0.9499 0.3123
vn -0.2609 0.7964 0.5456
vn -0.2158 0.7953 0.5664
vn 0.0385 0.9410 0.3360
vn -0.4541 0.5965 0.6618
vn -0.4193 0.6063 0.6757
vn -0.1456 0.7765 0.6130
vn 0.1144 0.9104 0.3976
vn -0.3732 0.6173 0.6925
vn 0.1983 0.9801 -0.0062
vn -0.0239 0.9493 0.3134
vn 0.2258 0.9742 0.0047
vn -0.2653 0.7883 0.5551
vn -0.4520 0.5830 0.6751
vn 0.3469 0.9312 0.1120
vn 0.2752 0.9606 0.0395
vn -0.0771 -0.9916 0.1036
vn 0.0011 -0.9958 -0.0913
vn 0.0208 -0.9962 -0.0838
vn -0.0822 -0.9927 0.0884
vn 0.0775 -0.9266 -0.3678
vn 0.1378 -0.9329 -0.3328
vn 0.0500 -0.9964 -0.0688
vn -0.0904 -0.9930 0.0751
vn 0.2273 -0.9338 -0.2763
vn -0.1472 -0.9548 0.2581
vn -0.0772 -0.9900 0.1179
vn -0.1581 -0.9577 0.2403
vn -0.0063 -0.9960 -0.0890
vn 0.0591 -0.9240 -0.3778
vn 0.1265 -0.6727 -0.7290
vn 0.1621 -0.6816 -0.7135
vn 0.2787 -0.6990 -0.6586
vn 0.4459 -0.7037 -0.5531
vn -0.2189 -0.9590 0.1799
vn -0.1827 -0.9597 0.2136
vn 0.2173 -0.2866 -0.9331
vn 0.2401 0.0744 -0.9679
vn 0.4013 0.0794 -0.9125
vn 0.3734 -0.3023 -0.8770
vn 0.2621 0.3453 -0.9011
vn 0.4051 0.3682 -0.8368
vn 0.6266 0.0793 -0.7753
vn 0.5919 -0.3092 -0.7443
vn 0.6037 0.3763 -0.7028
vn 0.1710 -0.2781 -0.9452
vn 0.1947 0.0686 -0.9784
vn 0.2229 0.3262 -0.9186
vn 0.2662 0.5256 -0.8080
vn 0.2965 0.5496 -0.7810
vn 0.4114 0.5762 -0.7062
vn 0.5675 0.5857 -0.5787
vn -0.2685 -0.9310 0.2472
vn -0.2430 -0.9272 0.2848
vn -0.2913 -0.9265 0.2382
vn -0.3250 -0.9280 0.1820
vn -0.2148 -0.9312 0.2945
vn -0.2524 -0.9315 0.2619
vn -0.3523 -0.9204 0.1692
vn -0.3819 -0.9182 0.1046
vn -0.3066 -0.9284 0.2100
vn -0.2318 -0.9296 0.2866
vn -0.2174 -0.9259 0.3088
vn -0.1947 -0.9293 0.3138
vn -0.3580 -0.9224 0.1446
vn -0.3992 -0.9119 0.0952
vn -0.4201 -0.9069 0.0302
vn 0.3423 0.6963 -0.6308
vn 0.3786 0.7985 -0.4680
vn 0.4420 0.8032 -0.3992
vn 0.4271 0.7153 -0.5531
vn 0.3571 0.8940 -0.2707
vn 0.4116 0.8846 -0.2192
vn 0.5275 0.7947 -0.3001
vn 0.5413 0.7181 -0.4374
vn 0.4837 0.8649 -0.1341
vn 0.3195 0.6749 -0.6652
vn 0.3548 0.7892 -0.5012
vn 0.3280 0.8979 -0.2937
vn 0.5611 0.8275 -0.0164
vn 0.6200 0.7648 -0.1751
vn 0.6602 0.6921 -0.2917
vn 0.7518 0.6431 -0.1456
vn 0.6932 0.7196 -0.0391
vn 0.7443 0.6610 0.0952
vn 0.8152 0.5789 -0.0148
vn 0.6189 0.7761 0.1207
vn 0.6536 0.7136 0.2522
vn 0.7896 0.5730 0.2195
vn 0.8615 0.4967 0.1048
vn 0.6892 0.6270 0.3630
vn -0.4200 -0.9073 -0.0197
vn -0.4014 -0.9149 0.0414
vn -0.3307 -0.9429 0.0389
vn -0.3597 -0.9330 -0.0101
vn -0.3649 -0.9260 0.0970
vn -0.2936 -0.9508 0.0986
vn -0.1567 -0.9787 0.1324
vn -0.2129 -0.9721 0.0979
vn -0.1007 -0.9769 0.1882
vn 0.2524 -0.8811 0.3999
vn 0.1591 -0.9147 0.3715
vn 0.0422 -0.9292 0.3672
vn 0.2846 -0.6119 0.7379
vn 0.4836 -0.5726 0.6620
vn 0.6034 -0.0371 0.7966
vn 0.3614 -0.0354 0.9317
vn 0.5935 -0.5194 0.6148
vn 0.7161 -0.0371 0.6970
vn 0.5241 0.4059 0.7487
vn 0.3162 0.4674 0.8256
vn 0.6459 0.3450 0.6809
vn -0.0495 -0.9589 0.2794
vn -0.0837 -0.9559 0.2816
vn -0.1230 -0.9500 0.2869
vn -0.0779 -0.9550 0.2862
vn -0.1008 -0.9679 0.2301
vn -0.1505 -0.9579 0.2443
vn -0.1588 -0.9424 0.2945
vn -0.1096 -0.9489 0.2959
vn -0.1916 -0.9459 0.2620
vn -0.0224 -0.9598 0.2796
vn -0.0393 -0.9584 0.2828
vn -0.0471 -0.9728 0.2267
vn -0.2185 -0.9352 0.2785
vn -0.1863 -0.9345 0.3031
vn -0.1403 -0.9414 0.3067
vn -0.1346 0.7018 -0.6995
vn -0.0747 0.8043 -0.5895
vn -0.0109 0.8217 -0.5698
vn -0.0555 0.7336 -0.6773
vn -0.0172 0.9201 -0.3912
vn 0.0291 0.9249 -0.3791
vn 0.1159 0.8377 -0.5337
vn 0.1007 0.7641 -0.6372
vn 0.1205 0.9272 -0.3547
vn -0.1317 0.6836 -0.7179
vn -0.0645 0.7957 -0.6022
vn -0.0121 0.9189 -0.3943
vn 0.2559 0.9168 -0.3064
vn 0.3067 0.8321 -0.4620
vn 0.3413 0.7621 -0.5501
vn 0.0098 -0.9542 0.2989
vn 0.0162 -0.9547 0.2970
vn 0.0126 -0.9561 0.2926
vn 0.0058 -0.9562 0.2927
vn 0.0210 -0.9675 0.2519
vn 0.0158 -0.9699 0.2428
vn -0.0044 -0.9578 0.2875
vn -0.0042 -0.9585 0.2851
vn -0.0058 -0.9724 0.2333
vn -0.0020 -0.9542 0.2993
vn -0.0009 -0.9549 0.2969
vn 0.0042 -0.9664 0.2568
vn 0.5715 0.7009 -0.4266
vn 0.4899 0.7904 -0.3679
vn 0.6080 0.7374 -0.2943
vn 0.7146 0.6171 -0.3294
vn 0.3862 0.8901 -0.2419
vn 0.4696 0.8609 -0.1956
vn 0.6766 0.6920 -0.2517
vn 0.7942 0.5438 -0.2712
vn 0.5162 0.8388 -0.1729
vn 0.5238 0.8336 -0.1750
vn 0.6986 0.6696 -0.2521
vn 0.8209 0.5062 -0.2644
vn 0.2486 0.6703 -0.6991
vn 0.1975 0.7833 -0.5894
vn 0.1309 0.7888 -0.6005
vn 0.1311 0.6778 -0.7235
vn 0.1085 0.9179 -0.3817
vn 0.0837 0.9187 -0.3858
vn 0.0215 0.7933 -0.6084
vn -0.0298 0.6805 -0.7321
vn 0.0334 0.9192 -0.3924
vn 0.2792 0.6756 -0.6823
vn 0.2051 0.7868 -0.5821
vn 0.1017 0.9202 -0.3780
vn -0.0407 -0.9619 0.2702
vn -0.0672 -0.9583 0.2777
vn -0.0555 -0.9567 0.2858
vn -0.0363 -0.9584 0.2831
vn -0.0746 -0.9686 0.2371
vn -0.0587 -0.9669 0.2483
vn -0.0303 -0.9557 0.2926
vn -0.0219 -0.9557 0.2934
vn -0.0282 -0.9664 0.2553
vn -0.0370 -0.9657 0.2571
vn -0.0642 -0.9610 0.2688
vn -0.0724 -0.9721 0.2229
vn 0.0697 0.5085 0.8582
vn -0.0060 0.7549 0.6558
vn -0.0400 0.7551 0.6544
vn 0.0341 0.5240 0.8510
vn -0.1046 0.9419 0.3192
vn -0.1295 0.9388 0.3192
vn -0.1326 0.7451 0.6536
vn -0.0353 0.5364 0.8432
vn -0.2240 0.9187 0.3252
vn 0.0686 0.4957 0.8657
vn -0.0052 0.7552 0.6555
vn -0.1065 0.9424 0.3170
vn -0.3494 0.8690 0.3502
vn -0.2348 0.7199 0.6532
vn -0.1015 0.5517 0.8278
vn 0.1608 -0.9373 0.3093
vn 0.0564 -0.9546 0.2926
vn 0.2155 -0.9330 0.2882
vn 0.2786 -0.9034 0.3259
vn -0.0326 -0.9639 0.2642
vn 0.1493 -0.9550 0.2561
vn 0.2724 -0.9124 0.3055
vn 0.3058 -0.8867 0.3467
vn 0.2210 -0.9344 0.2793
vn -0.1321 -0.9187 0.3721
vn -0.2570 -0.8998 0.3526
vn -0.3607 -0.8776 0.3158
vn 0.2052 -0.9246 0.3208
vn 0.2482 -0.9076 0.3384
vn 0.2715 -0.8909 0.3640
vn 0.1804 -0.9046 0.3861
vn 0.1666 -0.9121 0.3745
vn 0.0992 -0.9156 0.3896
vn 0.0955 -0.9139 0.3944
vn 0.1390 -0.9228 0.3593
vn 0.0961 -0.9228 0.3730
vn 0.0960 -0.9201 0.3798
vn 0.0738 -0.9213 0.3818
vn 0.1111 -0.9257 0.3616
vn 0.1449 -0.9312 0.3343
vn 0.1192 -0.9269 0.3559
vn 0.0795 -0.9326 0.3521
vn 0.1051 0.4813 0.8702
vn 0.0408 0.7835 0.6200
vn 0.0205 0.7752 0.6314
vn 0.0920 0.4848 0.8697
vn -0.0729 0.9607 0.2679
vn -0.0983 0.9548 0.2804
vn 0.0063 0.7641 0.6451
vn 0.0774 0.4877 0.8696
vn -0.1070 0.9484 0.2985
vn 0.1204 0.4810 0.8684
vn 0.0674 0.7860 0.6145
vn -0.0394 0.9627 0.2675
vn -0.1559 0.5775 0.8013
vn -0.3134 0.6946 0.6475
vn -0.3656 0.6894 0.6254
vn -0.1987 0.6286 0.7519
vn -0.4488 0.8043 0.3895
vn -0.5093 0.7509 0.4204
vn -0.4207 0.7010 0.5757
vn -0.2527 0.7007 0.6671
vn -0.5542 0.7154 0.4255
vn -0.6452 0.6399 0.4175
vn -0.5359 0.6630 0.5226
vn -0.3911 0.7053 0.5912
vn 0.0736 -0.9466 0.3140
vn 0.1263 -0.9363 0.3275
vn 0.1087 -0.9478 0.2996
vn 0.0544 -0.9583 0.2805
vn 0.1580 -0.9421 0.2956
vn 0.1375 -0.9583 0.2506
vn 0.0755 -0.9585 0.2750
vn 0.0292 -0.9659 0.2570
vn 0.0924 -0.9730 0.2115
vn 0.0390 -0.9810 0.1897
vn 0.0328 -0.9656 0.2579
vn 0.0052 -0.9700 0.2428
vn -0.6010 0.5296 0.5985
vn -0.7227 0.4605 0.5154
vn -0.8448 -0.0213 0.5347
vn -0.7465 -0.0337 0.6645
vn -0.8018 0.4265 0.4185
vn -0.9041 -0.0176 0.4269
vn -0.6539 -0.5955 0.4667
vn -0.5213 -0.6676 0.5315
vn -0.7364 -0.5532 0.3893
vn -0.0137 -0.9714 0.2371
vn -0.0078 -0.9679 0.2513
vn -0.0339 -0.9668 0.2532
vn -0.0226 -0.9708 0.2388
vn -0.0052 -0.9824 0.1865
vn -0.0350 -0.9804 0.1939
vn -0.0515 -0.9642 0.2601
vn -0.0293 -0.9688 0.2460
vn -0.0570 -0.9766 0.2073
vn -0.0083 -0.9655 0.2601
vn -0.0049 -0.9940 0.1088
vn -0.0286 -0.9932 0.1129
vn -0.0453 -0.9917 0.1199
vn -0.0091 -0.9572 0.2891
vn -0.0073 -0.9619 0.2732
vn -0.0425 0.7618 -0.6464
vn -0.0810 0.8362 -0.5424
vn 0.0699 0.8208 -0.5669
vn 0.1359 0.7317 -0.6680
vn -0.1083 0.9282 -0.3560
vn 0.0004 0.9291 -0.3697
vn 0.1621 0.8007 -0.5766
vn 0.2385 0.6982 -0.6750
vn 0.0673 0.9246 -0.3748
vn -0.0100 0.6417 -0.7669
vn -0.0999 0.9934 -0.0565
vn -0.0546 0.9971 -0.0531
vn -0.0283 0.9982 -0.0528
vn 0.3086 0.5735 -0.7588
vn 0.1984 0.6074 -0.7692
vn 0.1024 0.1406 0.9847
vn 0.0853 -0.3333 0.9389
vn 0.0625 -0.3076 0.9495
vn 0.0688 0.1497 0.9863
vn 0.0318 -0.8394 0.5426
vn 0.0250 -0.8225 0.5682
vn 0.0473 -0.2861 0.9570
vn 0.0474 0.1473 0.9879
vn 0.0173 -0.8046 0.5935
vn 0.1099 0.2789 0.9540
vn 0.0239 0.2629 0.9645
vn 0.0604 0.2765 0.9591
vn -0.0381 0.9593 0.2799
vn 0.0480 0.7801 0.6238
vn -0.0192 0.7677 0.6405
vn -0.0617 0.9539 0.2936
vn 0.1016 0.4792 0.8718
vn 0.0337 0.4677 0.8832
vn -0.0639 0.7552 0.6524
vn -0.0760 0.9509 0.3001
vn -0.0175 0.4512 0.8922
vn -0.0022 -0.9987 0.0512
vn 0.0034 -0.9985 -0.0542
vn 0.0222 -0.9983 -0.0537
vn -0.0132 -0.9985 0.0525
vn 0.0125 -0.9673 -0.2534
vn 0.0867 -0.9635 -0.2533
vn 0.0307 -0.9981 -0.0522
vn -0.0210 -0.9984 0.0526
vn 0.1232 -0.9612 -0.2467
vn 0.0227 -0.8158 -0.5779
vn 0.1834 -0.8011 -0.5697
vn 0.2614 -0.7930 -0.5503
vn 0.0248 -0.4402 -0.8975
vn 0.0205 0.0417 -0.9989
vn 0.2848 0.0343 -0.9580
vn 0.2659 -0.4233 -0.8661
vn 0.0104 0.4139 -0.9102
vn 0.2528 0.3846 -0.8878
vn 0.4090 0.0222 -0.9123
vn 0.3799 -0.4162 -0.8260
vn 0.3717 0.3582 -0.8564
vn 0.7823 0.5259 -0.3338
vn 0.6600 0.6872 -0.3035
vn 0.5502 0.7370 -0.3924
vn 0.6378 0.5991 -0.4840
vn 0.4890 0.8491 -0.1999
vn 0.4203 0.8751 -0.2396
vn 0.4189 0.7744 -0.4741
vn 0.4313 0.6542 -0.6213
vn 0.3526 0.8929 -0.2800
vn 0.8661 0.3676 -0.3386
vn 0.2698 0.9623 0.0331
vn 0.2307 0.9728 0.0183
vn 0.1999 0.9798 0.0000
vn 0.4221 0.5098 -0.7496
vn 0.7015 0.4499 -0.5527
vn -0.1650 -0.9347 0.3147
vn -0.1994 -0.9285 0.3133
vn -0.2044 -0.9251 0.3200
vn -0.1859 -0.9306 0.3152
vn -0.2238 -0.9288 0.2954
vn -0.2131 -0.9264 0.3103
vn -0.2079 -0.9246 0.3193
vn -0.2076 -0.9290 0.3063
vn -0.1978 -0.9272 0.3181
vn -0.1730 -0.9077 0.3821
vn -0.2029 -0.9532 0.2240
vn -0.1849 -0.9508 0.2485
vn -0.1590 -0.9521 0.2613
vn -0.2520 -0.9001 0.3555
vn -0.2113 -0.9026 0.3750
vn 0.9142 -0.2310 -0.3329
vn 0.9424 0.0223 -0.3337
vn 0.7680 0.0439 -0.6389
vn 0.7303 -0.2748 -0.6254
vn 0.9190 0.2067 -0.3356
vn 0.7470 0.2712 -0.6070
vn 0.3988 0.0623 -0.9149
vn 0.3630 -0.2907 -0.8853
vn 0.4108 0.3174 -0.8546
vn 0.7462 -0.5936 -0.3012
vn 0.2618 -0.6916 -0.6731
vn 0.5479 -0.6699 -0.5010
vn -0.1062 -0.9897 0.0963
vn 0.0817 -0.9955 -0.0480
vn 0.0361 -0.9978 -0.0555
vn -0.1036 -0.9873 0.1199
vn 0.3938 -0.8990 -0.1917
vn 0.2555 -0.9286 -0.2690
vn 0.0057 -0.9974 -0.0715
vn -0.0874 -0.9880 0.1271
vn 0.1204 -0.9324 -0.3407
vn 0.0402 0.9352 0.3518
vn -0.1484 0.7582 0.6349
vn -0.1888 0.7673 0.6128
vn 0.0090 0.9403 0.3402
vn -0.2785 0.5288 0.8017
vn -0.3376 0.5491 0.7645
vn -0.2348 0.7782 0.5825
vn -0.0175 0.9459 0.3239
vn -0.4043 0.5680 0.7169
vn -0.3594 0.3602 0.8608
vn -0.4316 0.3889 0.8139
vn -0.5088 0.4111 0.7563
vn -0.4138 0.1985 0.8884
vn -0.4200 -0.2022 0.8847
vn -0.5049 -0.1856 0.8430
vn -0.4923 0.2235 0.8412
vn -0.2937 -0.7068 0.6435
vn -0.3601 -0.6977 0.6193
vn -0.6005 -0.1708 0.7812
vn -0.5776 0.2436 0.7791
vn -0.4343 -0.6912 0.5776
vn -0.9999 -0.0086 0.0042
vn -0.9790 -0.0078 -0.2036
vn -0.8417 -0.4294 -0.3271
vn -0.8780 -0.4658 -0.1097
vn -0.7919 0.0117 -0.6105
vn -0.6616 -0.3225 -0.6769
vn -0.4796 -0.5189 -0.7076
vn -0.5461 -0.6460 -0.5333
vn -0.5987 -0.7552 -0.2669
vn 0.0038 -0.9102 -0.4141
vn -0.0559 -0.6875 -0.7240
vn 0.1646 -0.6848 -0.7099
vn 0.2902 -0.8634 -0.4127
vn -0.1331 -0.5012 -0.8550
vn 0.0469 -0.5188 -0.8535
vn 0.2629 -0.5511 -0.7919
vn 0.4328 -0.6498 -0.6248
vn 0.5800 -0.7323 -0.3567
vn 0.9987 0.0075 -0.0503
vn 0.9414 0.0628 -0.3314
vn 0.7476 0.6294 -0.2119
vn 0.8475 0.5298 0.0324
vn 0.5698 0.1484 -0.8082
vn 0.3671 0.6420 -0.6731
vn 0.1332 0.8438 -0.5198
vn 0.3492 0.8975 -0.2694
vn 0.5136 0.8580 -0.0088
vn -0.1699 0.9742 -0.1484
vn -0.2801 0.8324 -0.4782
vn -0.4711 0.7431 -0.4752
vn -0.4353 0.8827 -0.1772
vn -0.3508 0.6624 -0.6619
vn -0.4903 0.5842 -0.6467
vn -0.6124 0.5448 -0.5728
vn -0.6655 0.6409 -0.3824
vn -0.6764 0.7220 -0.1450
vn 0.1534 0.8072 0.5700
vn -0.0581 0.6904 0.7211
vn -0.1180 0.6903 0.7138
vn -0.0020 0.6830 0.7304
vn 0.0002 0.6317 0.7752
vn 0.0006 0.6663 0.7456
vn 0.0001 0.4676 0.8839
vn -0.1554 0.4368 0.8860
vn -0.1947 0.3674 0.9095
vn -0.3111 0.0713 -0.9477
vn -0.5082 0.0398 -0.8603
vn -0.5110 0.3136 -0.8003
vn -0.3592 0.3780 -0.8533
vn -0.7228 0.3393 -0.6020
vn -0.0308 0.1096 -0.9935
vn -0.1335 0.4871 -0.8631
vn -0.1511 0.7642 -0.6270
vn 0.0002 -0.6317 0.7752
vn -0.0581 -0.6904 0.7211
vn -0.1180 -0.6903 0.7138
vn 0.0006 -0.6663 0.7456
vn 0.1534 -0.8072 0.5700
vn -0.0020 -0.6830 0.7304
vn -0.1947 -0.3674 0.9095
vn -0.1554 -0.4368 0.8860
vn 0.0001 -0.4676 0.8839
vn -0.0206 0.9149 -0.4032
vn 0.1506 0.9850 -0.0844
vn -0.2744 -0.6874 -0.6724
vn -0.2883 -0.8839 -0.3681
vn -0.3109 -0.5002 -0.8081
vn 0.0583 0.6887 0.7226
vn 0.1196 0.6870 0.7167
vn -0.1565 0.8122 0.5620
vn 0.0002 0.6845 0.7290
vn 0.1973 0.3552 0.9137
vn 0.1573 0.4299 0.8890
vn -0.0233 -0.2461 -0.9689
vn 0.4071 -0.3504 -0.8435
vn -0.2355 -0.2231 -0.9459
vn -0.4181 -0.2339 -0.8778
vn 0.6601 -0.6779 0.3235
vn 0.3566 -0.5196 0.7764
vn 0.9825 0.0000 0.1859
vn 0.6920 0.0000 0.7219
vn -0.0969 0.0000 0.9953
vn -0.1236 -0.1850 0.9749
vn 0.7519 -0.4503 -0.4815
vn 0.8551 -0.4656 -0.2279
vn -0.8796 0.4080 -0.2443
vn -0.8978 0.4378 -0.0473
vn -0.3687 0.8156 0.4458
vn -0.7888 0.5903 0.1711
vn -0.6639 0.6910 0.2858
vn -0.5499 0.8142 0.1861
vn -0.8721 0.4869 0.0484
vn -0.9998 0.0000 -0.0194
vn -1.0000 0.0000 0.0008
vn -0.9915 0.0000 0.1299
vn 0.3631 -0.8085 0.4631
vn 0.7862 -0.5796 0.2144
vn 0.5473 -0.8113 0.2057
vn 0.8728 -0.4806 0.0847
vn 0.9997 0.0000 0.0242
vn 0.9982 0.0000 0.0593
vn -0.1565 -0.8122 0.5620
vn -0.3687 -0.8156 0.4458
vn -0.0833 -0.7844 0.6146
vn 0.0583 -0.6887 0.7226
vn -0.5499 -0.8142 0.1861
vn -0.2292 -0.9300 0.2874
vn -0.0007 -0.9465 0.3226
vn -0.0009 -0.7431 0.6691
vn 0.3630 0.8085 0.4631
vn 0.0794 0.7821 0.6181
vn 0.5473 0.8113 0.2057
vn 0.2257 0.9287 0.2942
vn -0.0007 0.9465 0.3226
vn -0.0009 0.7431 0.6691
vn -0.0833 0.7844 0.6146
vn -0.2292 0.9300 0.2874
vn 0.7862 0.5796 0.2144
vn 0.6601 0.6779 0.3235
vn 0.8728 0.4806 0.0847
vn 0.0794 -0.7821 0.6181
vn 0.2257 -0.9287 0.2942
vn -0.7888 -0.5903 0.1711
vn -0.6639 -0.6910 0.2858
vn -0.8721 -0.4869 0.0484
vn -0.6627 0.7489 -0.0040
vn -0.6762 0.7367 0.0017
vn -0.9117 0.4108 -0.0019
vn -0.9121 0.4099 -0.0055
vn -1.0000 -0.0023 -0.0034
vn -1.0000 0.0000 -0.0059
vn 0.6373 -0.7706 -0.0028
vn 0.6395 -0.7642 -0.0829
vn 0.8895 -0.4537 -0.0534
vn 0.8957 -0.4446 -0.0020
vn 0.9999 -0.0113 -0.0002
vn 1.0000 -0.0002 0.0011
vn -0.6600 -0.7512 -0.0044
vn -0.6473 -0.7611 -0.0410
vn -0.3130 -0.9474 -0.0661
vn -0.3265 -0.9452 -0.0029
vn 0.0142 -0.9963 -0.0840
vn -0.0000 -1.0000 -0.0020
vn 0.6274 0.7787 0.0057
vn 0.6096 0.7890 0.0761
vn 0.2645 0.9617 0.0715
vn 0.3028 0.9530 0.0051
vn -0.0694 0.9964 0.0477
vn -0.0158 0.9998 0.0024
vn -0.3782 0.9255 0.0194
vn -0.3360 0.9418 -0.0011
vn 0.8899 0.4531 0.0526
vn 0.8936 0.4489 0.0043
vn 0.3324 -0.9387 -0.0912
vn 0.3188 -0.9478 -0.0022
vn -0.9062 -0.4224 -0.0162
vn -0.9119 -0.4103 -0.0055
vn 0.0009 0.0000 1.0000
vn -0.1808 0.0000 0.9835
vn -0.1804 0.0287 0.9832
vn 0.0007 0.1034 0.9946
vn -0.1236 0.1850 0.9749
vn 0.0971 0.0000 0.9953
vn 0.1829 0.0000 0.9831
vn 0.1820 0.0198 0.9831
vn 0.1254 0.1798 0.9756
vn 0.1973 -0.3552 0.9137
vn 0.1573 -0.4299 0.8890
vn 0.1820 -0.0197 0.9831
vn 0.1254 -0.1798 0.9756
vn 0.0007 -0.1034 0.9946
vn -0.1804 -0.0287 0.9832
vn 0.1195 -0.6870 0.7167
vn 0.0002 -0.6845 0.7290
vn 0.3566 0.5196 0.7764
vn -0.3675 0.5283 0.7654
vn -0.7140 0.0000 0.7001
vn -0.3675 -0.5283 0.7654
vn -0.9999 0.0000 -0.0146
vn -0.9029 -0.4297 -0.0060
vn -1.0000 0.0000 -0.0072
vn -0.9085 -0.4177 -0.0069
vn -0.6457 -0.7635 -0.0060
vn -0.6295 -0.7768 0.0149
vn -0.0004 -0.9991 0.0432
vn 0.2927 -0.9554 0.0393
vn -0.0009 -1.0000 -0.0037
vn 0.3047 -0.9524 -0.0031
vn 0.6356 -0.7720 -0.0023
vn 0.6260 -0.7794 0.0260
vn 1.0000 0.0000 0.0049
vn 0.9032 0.4291 0.0111
vn 1.0000 0.0000 -0.0002
vn 0.9042 0.4271 -0.0009
vn 0.6356 0.7720 -0.0023
vn 0.6260 0.7794 0.0260
vn -0.0004 0.9991 0.0432
vn -0.2964 0.9544 0.0345
vn -0.0009 1.0000 -0.0037
vn -0.3112 0.9503 -0.0046
vn -0.6457 0.7635 -0.0060
vn -0.6295 0.7768 0.0149
vn 0.2927 0.9554 0.0393
vn 0.3047 0.9524 -0.0031
vn -0.2964 -0.9544 0.0345
vn -0.3112 -0.9503 -0.0046
vn 0.9032 -0.4291 0.0111
vn 0.9042 -0.4271 -0.0009
vn -0.9029 0.4297 -0.0060
vn -0.9085 0.4177 -0.0069
vn -1.0000 0.0000 -0.0053
vn -0.9102 -0.4142 -0.0047
vn -0.6525 -0.7577 -0.0030
vn -0.0013 -1.0000 -0.0001
vn 0.3086 -0.9512 -0.0002
vn 0.6325 -0.7745 -0.0006
vn 1.0000 0.0000 -0.0005
vn 0.8986 0.4387 -0.0007
vn 0.6325 0.7745 -0.0006
vn -0.0013 1.0000 -0.0001
vn -0.3184 0.9479 -0.0011
vn -0.6525 0.7577 -0.0030
vn 0.3086 0.9512 -0.0002
vn -0.3184 -0.9479 -0.0011
vn 0.8986 -0.4387 -0.0007
vn -0.9102 0.4142 -0.0047
vn -0.1621 0.8074 0.5672
vn -0.6720 0.6739 0.3071
vn -0.3685 0.5181 0.7718
vn 0.0059 0.6847 0.7288
vn -0.9869 0.0000 0.1610
vn -0.7013 0.0000 0.7129
vn 0.1110 0.0000 0.9938
vn 0.1405 0.1730 0.9748
vn 0.2183 0.3450 0.9128
vn -0.3853 0.8029 0.4548
vn -0.7990 0.5687 0.1952
vn -0.5751 0.7946 0.1944
vn -0.8822 0.4660 0.0674
vn -1.0000 0.0000 0.0070
vn -0.9992 0.0000 0.0394
vn 0.0054 0.6318 0.7751
vn 0.0023 0.7434 0.6688
vn -0.0887 0.7829 0.6158
vn 0.0657 0.6893 0.7215
vn -0.0017 0.9467 0.3219
vn -0.2462 0.9250 0.2895
vn 0.1332 0.6863 0.7150
vn 0.0060 0.6662 0.7457
vn 0.1758 0.4254 0.8878
vn 0.0060 0.4674 0.8840
vn -0.6525 0.7575 0.0200
vn -0.9103 0.4139 0.0036
vn -0.6572 0.7537 -0.0036
vn -0.9114 0.4115 -0.0025
vn -1.0000 0.0000 -0.0020
vn -1.0000 0.0000 -0.0030
vn -0.0039 0.9991 0.0429
vn -0.3151 0.9484 0.0360
vn -0.0045 1.0000 -0.0034
vn -0.3204 0.9473 -0.0041
vn -0.0047 1.0000 0.0001
vn -0.3105 0.9506 -0.0009
vn 0.0041 0.9998 0.0209
vn -0.3008 0.9535 0.0202
vn -0.6373 0.7704 0.0164
vn -0.6445 0.7646 -0.0012
vn -0.9058 0.4238 -0.0010
vn -0.9030 0.4296 0.0099
vn -1.0000 -0.0038 0.0023
vn -1.0000 0.0000 -0.0008
vn 0.0289 0.9973 0.0670
vn -0.2503 0.9635 0.0949
vn 0.0363 0.9993 -0.0065
vn -0.1760 0.9842 0.0164
vn -0.4953 0.8640 0.0903
vn -0.6047 0.7864 0.1257
vn -0.8998 0.4230 0.1066
vn -0.8496 0.4899 0.1953
vn -0.9871 -0.0363 0.1558
vn -0.9988 -0.0281 0.0401
vn -0.9058 -0.4238 -0.0010
vn -0.9114 -0.4115 -0.0025
vn -0.9001 -0.4357 -0.0045
vn -0.6348 -0.7726 -0.0091
vn -0.6445 -0.7646 -0.0012
vn -0.6572 -0.7537 -0.0036
vn -0.8841 -0.4653 -0.0435
vn -0.8457 -0.5140 -0.1432
vn -0.5510 -0.7409 -0.3840
vn -0.6156 -0.7808 -0.1066
vn -0.3105 -0.9506 -0.0009
vn -0.3204 -0.9473 -0.0041
vn -0.3055 -0.9521 -0.0106
vn -0.0093 -0.9999 -0.0096
vn -0.0047 -1.0000 0.0001
vn -0.0045 -1.0000 -0.0034
vn -0.3068 -0.9419 -0.1365
vn -0.2918 -0.8248 -0.4843
vn -0.0857 -0.8584 -0.5058
vn -0.0331 -0.9894 -0.1409
vn 0.2806 -0.9598 0.0022
vn 0.2929 -0.9561 -0.0009
vn 0.2677 -0.9634 -0.0066
vn 0.5970 -0.8022 -0.0013
vn 0.6098 -0.7925 0.0057
vn 0.6253 -0.7804 0.0034
vn 0.2350 -0.9633 -0.1294
vn 0.1386 -0.8656 -0.4812
vn 0.4716 -0.7893 -0.3932
vn 0.5685 -0.8167 -0.0991
vn 0.8989 -0.4381 0.0092
vn 0.9044 -0.4266 0.0077
vn 0.8941 -0.4478 0.0061
vn 0.9999 -0.0012 0.0130
vn 0.9999 0.0000 0.0106
vn 0.9999 0.0000 0.0093
vn 0.8821 -0.4691 -0.0420
vn 0.8447 -0.4965 -0.1997
vn 0.9998 -0.0010 0.0159
vn 0.9997 -0.0115 0.0228
vn 0.8989 0.4381 0.0092
vn 0.9044 0.4266 0.0077
vn 0.8953 0.4451 0.0178
vn 0.6024 0.7979 0.0199
vn 0.6098 0.7925 0.0057
vn 0.6253 0.7804 0.0034
vn 0.8855 0.4597 0.0674
vn 0.8392 0.5347 0.0992
vn 0.5280 0.8453 0.0814
vn 0.5851 0.8081 0.0685
vn 0.2806 0.9598 0.0022
vn 0.2929 0.9561 -0.0009
vn 0.2809 0.9595 0.0203
vn 0.2943 0.9538 0.0598
vn 0.2721 0.9620 0.0199
vn 0.4240 0.8943 -0.1427
vn 0.1715 0.9534 -0.2481
vn 0.2308 0.8203 -0.5232
vn 0.0262 0.7887 -0.6142
vn -0.0573 0.7560 -0.6520
vn 0.0020 0.9486 -0.3164
vn 0.9502 0.0527 -0.3070
vn 0.7894 0.5935 -0.1568
vn 0.5241 0.1807 -0.8322
vn 0.4037 0.5993 -0.6912
vn -0.1400 0.9405 -0.3097
vn -0.1417 0.7579 -0.6368
vn -0.3359 0.7692 -0.5436
vn -0.4553 0.8685 -0.1959
vn -0.1366 0.1783 -0.9744
vn -0.2101 0.1573 -0.9649
vn -0.1781 0.4805 -0.8587
vn -0.1070 0.4777 -0.8720
vn -0.6881 0.1139 -0.7166
vn -0.5370 0.5604 -0.6305
vn -0.0421 0.1968 -0.9795
vn -0.0348 0.4978 -0.8666
vn -0.1536 -0.3850 -0.9100
vn -0.1827 -0.3999 -0.8982
vn -0.1803 -0.1455 -0.9728
vn -0.1534 -0.1129 -0.9817
vn -0.2828 -0.4673 -0.8376
vn -0.4629 -0.3149 -0.8285
vn 0.1038 -0.4766 -0.8730
vn -0.0886 -0.4103 -0.9076
vn -0.0874 -0.1106 -0.9900
vn 0.3276 -0.2467 -0.9120
vn -0.9918 -0.0122 -0.1272
vn -0.7834 -0.5035 -0.3642
vn -0.4327 -0.6296 -0.6453
vn -0.8313 0.5536 -0.0490
vn -0.2312 -0.5911 -0.7727
vn -0.1333 -0.5881 -0.7977
vn 0.3087 -0.6637 -0.6813
vn 0.7439 -0.4469 -0.4969
vn -0.0005 -0.6326 -0.7744
vn 0.5476 0.8121 0.2015
vn 0.6226 0.7820 0.0273
vn 0.2902 0.9561 0.0392
vn 0.2276 0.9289 0.2922
vn 0.9998 0.0000 0.0166
vn 0.9999 0.0000 0.0080
vn 0.9032 0.4289 0.0138
vn 0.8736 0.4803 0.0781
vn 0.9844 0.0000 0.1759
vn 0.9989 0.0000 0.0472
vn 0.7893 0.5787 0.2049
vn 0.6646 0.6766 0.3168
vn 0.3669 0.8093 0.4586
vn 0.1571 0.8076 0.5684
vn 0.0830 0.7825 0.6171
vn -0.0560 0.6899 0.7217
vn 0.1571 -0.8076 0.5684
vn 0.3669 -0.8093 0.4586
vn 0.7893 -0.5787 0.2049
vn 0.6647 -0.6766 0.3168
vn 0.5476 -0.8121 0.2015
vn 0.8736 -0.4803 0.0781
vn 0.6226 -0.7820 0.0273
vn 0.9032 -0.4289 0.0138
vn 0.0054 -0.6318 0.7751
vn 0.0023 -0.7434 0.6688
vn 0.0830 -0.7825 0.6171
vn -0.0560 -0.6899 0.7217
vn -0.0017 -0.9467 0.3219
vn 0.2276 -0.9289 0.2922
vn -0.0039 -0.9991 0.0429
vn 0.2902 -0.9561 0.0392
vn -0.1621 -0.8074 0.5672
vn -0.3853 -0.8029 0.4548
vn -0.0887 -0.7829 0.6158
vn 0.0657 -0.6893 0.7215
vn -0.5751 -0.7946 0.1944
vn -0.2462 -0.9250 0.2895
vn -0.6525 -0.7575 0.0200
vn -0.3151 -0.9484 0.0360
vn -0.7990 -0.5687 0.1952
vn -0.6720 -0.6739 0.3071
vn -0.8822 -0.4660 0.0674
vn -0.9103 -0.4139 0.0036
vn 0.1332 -0.6863 0.7150
vn 0.0059 -0.6847 0.7288
vn 0.0060 -0.6662 0.7458
vn 0.0060 -0.4674 0.8840
vn 0.1758 -0.4254 0.8878
vn 0.2183 -0.3450 0.9128
vn -0.3685 -0.5181 0.7718
vn 0.1406 -0.1730 0.9748
vn 0.2018 -0.0130 0.9793
vn 0.0068 -0.1028 0.9947
vn 0.0070 0.0000 1.0000
vn 0.2025 0.0000 0.9793
vn 0.2018 0.0130 0.9793
vn 0.0069 0.1028 0.9947
vn -0.1791 0.0000 0.9838
vn -0.1791 0.0309 0.9833
vn -0.0935 0.0000 0.9956
vn -0.1200 0.1879 0.9748
vn -0.1919 0.3703 0.9089
vn -0.1546 0.4372 0.8859
vn -0.1546 -0.4373 0.8859
vn -0.1791 -0.0309 0.9833
vn -0.1919 -0.3703 0.9089
vn -0.1200 -0.1879 0.9748
vn 0.3634 0.5200 0.7729
vn 0.6959 0.0000 0.7181
vn 0.0017 0.6846 0.7289
vn 0.3634 -0.5200 0.7729
vn 0.0017 -0.6846 0.7289
vn -0.1171 0.6899 0.7143
vn -0.1171 -0.6899 0.7143
vn -0.1665 0.8056 0.5686
vn -0.6791 0.6642 0.3124
vn -0.3752 0.5133 0.7718
vn 0.0042 0.6858 0.7277
vn -0.9859 0.0000 0.1672
vn -0.6980 0.0000 0.7161
vn 0.1126 0.0000 0.9936
vn 0.1414 0.1751 0.9743
vn 0.2209 0.3494 0.9105
vn -0.3917 0.7979 0.4580
vn -0.8044 0.5583 0.2029
vn -0.5837 0.7877 0.1968
vn -0.8867 0.4564 0.0733
vn -0.9999 0.0000 0.0153
vn -0.9987 0.0000 0.0509
vn -0.0003 0.6317 0.7752
vn 0.0002 0.7441 0.6680
vn -0.0923 0.7819 0.6166
vn 0.0668 0.6895 0.7212
vn 0.0003 0.9472 0.3207
vn -0.2546 0.9226 0.2899
vn 0.1367 0.6868 0.7139
vn -0.0008 0.6658 0.7461
vn 0.1808 0.4263 0.8863
vn -0.0012 0.4670 0.8842
vn -0.6624 0.7489 0.0188
vn -0.9144 0.4048 0.0023
vn -0.6724 0.7401 -0.0078
vn -0.9168 0.3991 -0.0089
vn -0.9999 0.0000 -0.0091
vn -1.0000 0.0000 -0.0042
vn -0.0002 0.9991 0.0425
vn -0.3263 0.9446 0.0351
vn -0.0018 1.0000 -0.0033
vn -0.3362 0.9418 -0.0059
vn -0.0050 1.0000 0.0001
vn -0.3348 0.9423 -0.0031
vn 0.0091 0.9998 0.0201
vn -0.3216 0.9467 0.0186
vn -0.6693 0.7429 0.0127
vn -0.6710 0.7414 -0.0063
vn -0.9149 0.4037 -0.0086
vn -0.9153 0.4026 0.0026
vn -0.9999 -0.0035 -0.0075
vn -0.9999 0.0000 -0.0094
vn 0.0496 0.9969 0.0601
vn -0.2517 0.9641 0.0840
vn 0.0585 0.9906 -0.1233
vn -0.1545 0.9829 -0.0996
vn -0.5134 0.8577 -0.0277
vn -0.6325 0.7672 0.1060
vn -0.9156 0.3951 0.0746
vn -0.8807 0.4719 0.0412
vn -0.9999 -0.0085 -0.0053
vn -0.9997 -0.0208 0.0085
vn -0.9149 -0.4037 -0.0086
vn -0.9168 -0.3991 -0.0089
vn -0.9155 -0.4019 -0.0141
vn -0.6802 -0.7328 -0.0155
vn -0.6710 -0.7414 -0.0063
vn -0.6724 -0.7401 -0.0078
vn -0.9132 -0.4037 -0.0555
vn -0.8903 -0.4017 -0.2141
vn -0.6343 -0.6562 -0.4088
vn -0.6858 -0.7205 -0.1028
vn -0.3348 -0.9423 -0.0031
vn -0.3362 -0.9418 -0.0059
vn -0.3459 -0.9382 -0.0125
vn -0.0161 -0.9998 -0.0076
vn -0.0050 -1.0000 0.0001
vn -0.0018 -1.0000 -0.0033
vn -0.3619 -0.9240 -0.1234
vn -0.3390 -0.8007 -0.4938
vn -0.0836 -0.8617 -0.5005
vn -0.0439 -0.9918 -0.1196
vn 0.3046 -0.9525 0.0043
vn 0.3263 -0.9452 0.0009
vn 0.2797 -0.9601 -0.0012
vn 0.6081 -0.7938 0.0088
vn 0.6360 -0.7716 0.0106
vn 0.6641 -0.7476 0.0075
vn 0.2395 -0.9659 -0.0982
vn 0.1521 -0.8783 -0.4533
vn 0.4865 -0.8122 -0.3218
vn 0.5710 -0.8193 -0.0524
vn 0.9068 -0.4212 0.0167
vn 0.9170 -0.3987 0.0136
vn 0.8972 -0.4412 0.0202
vn 0.9996 -0.0012 0.0278
vn 0.9998 0.0000 0.0189
vn 0.9998 0.0000 0.0158
vn 0.8832 -0.4686 0.0188
vn 0.8553 -0.5153 -0.0547
vn 0.9841 -0.0011 0.1776
vn 0.9969 -0.0041 0.0781
vn 0.9068 0.4212 0.0167
vn 0.9170 0.3987 0.0136
vn 0.8978 0.4392 0.0307
vn 0.6095 0.7923 0.0276
vn 0.6360 0.7716 0.0106
vn 0.6641 0.7476 0.0075
vn 0.8823 0.4616 0.0919
vn 0.8485 0.4971 0.1814
vn 0.5348 0.8444 0.0321
vn 0.5846 0.8082 0.0705
vn 0.3046 0.9525 0.0043
vn 0.3263 0.9452 0.0009
vn 0.2906 0.9566 0.0222
vn 0.2926 0.9545 0.0569
vn 0.2597 0.9619 -0.0854
vn 0.4443 0.8658 -0.2301
vn 0.1596 0.8939 -0.4189
vn 0.2111 0.7462 -0.6313
vn 0.0296 0.6965 -0.7169
vn -0.0278 0.6666 -0.7448
vn 0.0251 0.8684 -0.4952
vn 0.9767 0.0783 -0.1996
vn 0.8011 0.5880 -0.1115
vn 0.5242 0.1976 -0.8283
vn 0.3834 0.5761 -0.7219
vn -0.0881 0.8670 -0.4905
vn -0.0852 0.6642 -0.7427
vn -0.2475 0.6784 -0.6918
vn -0.4037 0.8184 -0.4088
vn -0.0997 0.2344 -0.9670
vn -0.1884 0.2167 -0.9579
vn -0.1344 0.4397 -0.8880
vn -0.0694 0.4504 -0.8901
vn -0.5708 0.1697 -0.8033
vn -0.4439 0.4884 -0.7512
vn -0.0121 0.2296 -0.9732
vn -0.0130 0.4604 -0.8876
vn -0.1309 -0.2964 -0.9460
vn -0.2060 -0.2848 -0.9362
vn -0.1934 -0.0167 -0.9810
vn -0.1226 -0.0116 -0.9924
vn -0.3576 -0.3068 -0.8820
vn -0.4793 -0.1249 -0.8687
vn 0.1459 -0.4249 -0.8933
vn -0.0541 -0.3413 -0.9384
vn -0.0450 -0.0320 -0.9985
vn 0.3696 -0.2037 -0.9066
vn -0.9385 0.0720 -0.3377
vn -0.8066 -0.3149 -0.5002
vn -0.5139 -0.4867 -0.7064
vn -0.7998 0.5146 -0.3089
vn -0.2565 -0.5193 -0.8151
vn -0.1140 -0.5475 -0.8290
vn 0.3644 -0.6818 -0.6342
vn 0.8047 -0.4549 -0.3815
vn 0.0265 -0.6173 -0.7862
vn 0.5940 0.7804 0.1955
vn 0.6684 0.7432 0.0279
vn 0.3277 0.9440 0.0391
vn 0.2587 0.9214 0.2898
vn 0.9999 0.0000 0.0121
vn 0.9999 0.0000 0.0111
vn 0.9188 0.3943 0.0159
vn 0.8937 0.4431 0.0699
vn 0.9890 0.0000 0.1480
vn 0.9994 0.0000 0.0350
vn 0.8154 0.5468 0.1900
vn 0.6921 0.6560 0.3010
vn 0.4034 0.7950 0.4530
vn 0.1739 0.8055 0.5665
vn 0.0956 0.7823 0.6155
vn -0.0676 0.6890 0.7215
vn 0.1739 -0.8055 0.5665
vn 0.4034 -0.7950 0.4530
vn 0.8154 -0.5468 0.1900
vn 0.6921 -0.6560 0.3010
vn 0.5940 -0.7804 0.1955
vn 0.8937 -0.4431 0.0699
vn 0.6684 -0.7432 0.0279
vn 0.9188 -0.3943 0.0159
vn -0.0003 -0.6317 0.7752
vn 0.0002 -0.7441 0.6680
vn 0.0956 -0.7823 0.6155
vn -0.0676 -0.6890 0.7215
vn 0.0003 -0.9472 0.3207
vn 0.2587 -0.9214 0.2898
vn -0.0002 -0.9991 0.0425
vn 0.3277 -0.9440 0.0391
vn -0.1665 -0.8056 0.5686
vn -0.3917 -0.7979 0.4580
vn -0.0923 -0.7819 0.6166
vn 0.0668 -0.6895 0.7212
vn -0.5837 -0.7877 0.1968
vn -0.2546 -0.9226 0.2899
vn -0.6624 -0.7489 0.0188
vn -0.3263 -0.9446 0.0351
vn -0.8044 -0.5583 0.2029
vn -0.6791 -0.6642 0.3124
vn -0.8867 -0.4564 0.0733
vn -0.9144 -0.4047 0.0023
vn 0.1367 -0.6868 0.7138
vn 0.0042 -0.6858 0.7277
vn -0.0008 -0.6659 0.7461
vn -0.0012 -0.4670 0.8842
vn 0.1808 -0.4263 0.8863
vn 0.2209 -0.3494 0.9105
vn -0.3752 -0.5133 0.7718
vn 0.1414 -0.1751 0.9743
vn 0.2065 -0.0158 0.9783
vn -0.0004 -0.1013 0.9948
vn -0.0001 0.0000 1.0000
vn 0.2064 0.0000 0.9785
vn 0.2065 0.0158 0.9783
vn -0.0004 0.1013 0.9948
vn -0.2100 0.0000 0.9777
vn -0.2106 0.0212 0.9773
vn -0.1173 0.0000 0.9931
vn -0.1448 0.1765 0.9736
vn -0.2250 0.3530 0.9081
vn -0.1844 0.4282 0.8846
vn -0.1844 -0.4282 0.8846
vn -0.2106 -0.0212 0.9773
vn -0.2250 -0.3530 0.9081
vn -0.1448 -0.1765 0.9736
vn 0.3888 0.5101 0.7672
vn 0.7023 0.0000 0.7119
vn -0.0022 0.6878 0.7259
vn 0.3888 -0.5101 0.7672
vn -0.0022 -0.6878 0.7259
vn -0.1393 0.6865 0.7136
vn -0.1393 -0.6865 0.7136
vn -0.1753 0.8033 0.5691
vn -0.6901 0.6527 0.3125
vn -0.3855 0.5083 0.7700
vn 0.0028 0.6880 0.7257
vn -0.9861 0.0000 0.1661
vn -0.6978 0.0000 0.7163
vn 0.1169 0.0000 0.9931
vn 0.1460 0.1747 0.9737
vn 0.2291 0.3481 0.9090
vn -0.4073 0.7901 0.4581
vn -0.8147 0.5430 0.2037
vn -0.6019 0.7739 0.1968
vn -0.8947 0.4403 0.0749
vn -0.9998 0.0000 0.0191
vn -0.9985 0.0000 0.0551
vn -0.0030 0.6318 0.7751
vn -0.0023 0.7445 0.6676
vn -0.1004 0.7810 0.6163
vn 0.0675 0.6896 0.7211
vn -0.0014 0.9471 0.3210
vn -0.2682 0.9186 0.2900
vn 0.1421 0.6866 0.7130
vn -0.0030 0.6656 0.7463
vn 0.1886 0.4260 0.8848
vn -0.0036 0.4669 0.8843
vn -0.6786 0.7342 0.0194
vn -0.9205 0.3907 0.0037
vn -0.6836 0.7298 -0.0081
vn -0.9214 0.3885 -0.0086
vn -0.9999 0.0000 -0.0087
vn -1.0000 0.0000 -0.0023
vn -0.0009 0.9991 0.0432
vn -0.3400 0.9397 0.0355
vn -0.0019 1.0000 -0.0033
vn -0.3456 0.9383 -0.0064
vn -0.0039 1.0000 0.0001
vn -0.3356 0.9420 -0.0045
vn -0.0054 0.9999 0.0106
vn -0.3290 0.9443 -0.0002
vn -0.6601 0.7511 -0.0102
vn -0.6720 0.7405 -0.0084
vn -0.9162 0.4006 -0.0108
vn -0.9096 0.4150 -0.0175
vn -0.9998 -0.0007 -0.0212
vn -0.9999 0.0000 -0.0115
vn -0.0108 0.9990 0.0435
vn -0.3212 0.9469 0.0112
vn -0.0161 0.9964 -0.0831
vn -0.2814 0.9519 -0.1208
vn -0.5762 0.8066 -0.1316
vn -0.6413 0.7671 -0.0134
vn -0.8994 0.4354 -0.0377
vn -0.8509 0.5087 -0.1309
vn -0.9862 0.0076 -0.1652
vn -0.9977 -0.0085 -0.0677
vn -0.9162 -0.4006 -0.0108
vn -0.9214 -0.3885 -0.0086
vn -0.9081 -0.4180 -0.0213
vn -0.6539 -0.7564 -0.0176
vn -0.6720 -0.7405 -0.0084
vn -0.6836 -0.7298 -0.0081
vn -0.8877 -0.4507 -0.0938
vn -0.8354 -0.4898 -0.2495
vn -0.5390 -0.7836 -0.3089
vn -0.6191 -0.7786 -0.1021
vn -0.3356 -0.9420 -0.0045
vn -0.3456 -0.9383 -0.0064
vn -0.3210 -0.9470 -0.0107
vn -0.0059 -1.0000 -0.0018
vn -0.0039 -1.0000 0.0001
vn -0.0019 -1.0000 -0.0033
vn -0.3007 -0.9492 -0.0927
vn -0.2501 -0.9111 -0.3276
vn -0.0183 -0.9502 -0.3112
vn -0.0131 -0.9975 -0.0696
vn 0.3077 -0.9514 0.0062
vn 0.3322 -0.9432 0.0018
vn 0.2833 -0.9590 0.0097
vn 0.5816 -0.8131 0.0247
vn 0.6193 -0.7850 0.0145
vn 0.6591 -0.7519 0.0098
vn 0.2552 -0.9663 -0.0339
vn 0.2089 -0.9445 -0.2535
vn 0.5058 -0.8533 -0.1269
vn 0.5497 -0.8352 0.0184
vn 0.8861 -0.4628 0.0234
vn 0.9083 -0.4179 0.0179
vn 0.8648 -0.5004 0.0415
vn 0.9987 -0.0010 0.0513
vn 0.9996 0.0000 0.0276
vn 0.9998 0.0000 0.0214
vn 0.8468 -0.5241 0.0902
vn 0.8311 -0.5492 0.0867
vn 0.9611 -0.0182 0.2753
vn 0.9872 -0.0157 0.1589
vn 0.8861 0.4628 0.0234
vn 0.9083 0.4179 0.0179
vn 0.8674 0.4954 0.0457
vn 0.5908 0.8061 0.0330
vn 0.6193 0.7850 0.0145
vn 0.6591 0.7519 0.0098
vn 0.8551 0.4894 0.1709
vn 0.8156 0.5100 0.2731
vn 0.5202 0.8437 0.1318
vn 0.5766 0.8058 0.1350
vn 0.3077 0.9514 0.0062
vn 0.3322 0.9432 0.0018
vn 0.2933 0.9558 0.0211
vn 0.2825 0.9553 0.0867
vn 0.2341 0.9722 -0.0036
vn 0.4341 0.8980 -0.0715
vn 0.1421 0.9547 -0.2614
vn 0.2723 0.8787 -0.3921
vn 0.0502 0.8512 -0.5224
vn -0.0434 0.8294 -0.5569
vn -0.0295 0.9384 -0.3441
vn 0.9998 0.0129 0.0121
vn 0.8005 0.5953 0.0690
vn 0.7274 0.1330 -0.6732
vn 0.5251 0.6606 -0.5365
vn -0.2102 0.9181 -0.3359
vn -0.1463 0.8297 -0.5387
vn -0.3552 0.8274 -0.4349
vn -0.4944 0.8221 -0.2823
vn -0.0592 0.1944 -0.9791
vn -0.2069 0.1825 -0.9612
vn -0.1588 0.5783 -0.8002
vn -0.0553 0.5796 -0.8130
vn -0.6540 0.1455 -0.7423
vn -0.5200 0.6221 -0.5853
vn 0.0948 0.1874 -0.9777
vn 0.0500 0.5930 -0.8036
vn -0.0392 -0.6464 -0.7619
vn -0.1325 -0.6457 -0.7519
vn -0.1622 -0.2764 -0.9472
vn -0.0528 -0.2670 -0.9622
vn -0.3112 -0.6542 -0.6893
vn -0.4949 -0.3713 -0.7856
vn 0.2762 -0.7138 -0.6436
vn 0.0513 -0.6645 -0.7455
vn 0.0600 -0.2834 -0.9571
vn 0.5343 -0.4280 -0.7289
vn -0.9271 0.0547 -0.3707
vn -0.7458 -0.4845 -0.4570
vn -0.4265 -0.7411 -0.5186
vn -0.7836 0.5590 -0.2711
vn -0.1746 -0.8064 -0.5649
vn -0.0291 -0.8194 -0.5724
vn 0.4242 -0.8303 -0.3613
vn 0.8130 -0.5649 -0.1411
vn 0.1239 -0.8451 -0.5201
vn 0.5996 0.7755 0.1974
vn 0.6717 0.7402 0.0301
vn 0.3357 0.9411 0.0403
vn 0.2654 0.9192 0.2908
vn 0.9998 0.0000 0.0179
vn 0.9998 0.0000 0.0159
vn 0.9169 0.3985 0.0198
vn 0.8940 0.4418 0.0742
vn 0.9879 0.0000 0.1552
vn 0.9991 0.0000 0.0434
vn 0.8158 0.5445 0.1950
vn 0.6914 0.6546 0.3055
vn 0.4064 0.7924 0.4548
vn 0.1731 0.8048 0.5678
vn 0.0967 0.7820 0.6157
vn -0.0730 0.6888 0.7212
vn 0.1731 -0.8048 0.5678
vn 0.4064 -0.7924 0.4548
vn 0.8158 -0.5445 0.1950
vn 0.6915 -0.6546 0.3055
vn 0.5996 -0.7755 0.1974
vn 0.8940 -0.4418 0.0742
vn 0.6717 -0.7402 0.0301
vn 0.9169 -0.3985 0.0198
vn -0.0030 -0.6318 0.7751
vn -0.0023 -0.7445 0.6676
vn 0.0967 -0.7820 0.6157
vn -0.0730 -0.6888 0.7212
vn -0.0014 -0.9471 0.3210
vn 0.2654 -0.9192 0.2908
vn -0.0009 -0.9991 0.0432
vn 0.3357 -0.9411 0.0403
vn -0.1753 -0.8033 0.5691
vn -0.4073 -0.7901 0.4581
vn -0.1004 -0.7810 0.6163
vn 0.0675 -0.6896 0.7211
vn -0.6019 -0.7739 0.1968
vn -0.2682 -0.9186 0.2900
vn -0.6786 -0.7342 0.0194
vn -0.3400 -0.9397 0.0355
vn -0.8147 -0.5430 0.2037
vn -0.6901 -0.6527 0.3125
vn -0.8947 -0.4403 0.0749
vn -0.9205 -0.3907 0.0037
vn 0.1421 -0.6866 0.7130
vn 0.0028 -0.6880 0.7257
vn -0.0030 -0.6656 0.7463
vn -0.0036 -0.4669 0.8843
vn 0.1886 -0.4260 0.8848
vn 0.2291 -0.3481 0.9090
vn -0.3855 -0.5083 0.7700
vn 0.1460 -0.1747 0.9737
vn 0.2148 -0.0163 0.9765
vn -0.0036 -0.1009 0.9949
vn -0.0035 0.0000 1.0000
vn 0.2142 0.0000 0.9768
vn 0.2148 0.0163 0.9765
vn -0.0036 0.1009 0.9949
vn -0.2210 0.0000 0.9752
vn -0.2217 0.0149 0.9750
vn -0.1241 0.0000 0.9922
vn -0.1529 0.1726 0.9731
vn -0.2357 0.3450 0.9085
vn -0.1955 0.4237 0.8844
vn -0.1954 -0.4237 0.8844
vn -0.2217 -0.0149 0.9750
vn -0.2357 -0.3450 0.9085
vn -0.1529 -0.1726 0.9731
vn 0.3858 0.5091 0.7694
vn 0.6991 0.0000 0.7150
vn -0.0066 0.6878 0.7259
vn 0.3858 -0.5091 0.7694
vn -0.0066 -0.6878 0.7259
vn -0.1477 0.6851 0.7132
vn -0.1477 -0.6851 0.7132
vn -0.1632 0.8037 0.5721
vn -0.6740 0.6621 0.3274
vn -0.3670 0.5126 0.7762
vn 0.0034 0.6851 0.7284
vn -0.9820 0.0000 0.1887
vn -0.6891 0.0000 0.7246
vn 0.1064 0.0000 0.9943
vn 0.1338 0.1826 0.9740
vn 0.2098 0.3631 0.9078
vn -0.3862 0.7980 0.4626
vn -0.8020 0.5578 0.2136
vn -0.5766 0.7915 0.2026
vn -0.8862 0.4567 0.0777
vn -0.9998 0.0000 0.0183
vn -0.9980 0.0000 0.0628
vn -0.0005 0.6299 0.7767
vn 0.0002 0.7422 0.6702
vn -0.0890 0.7808 0.6184
vn 0.0625 0.6901 0.7209
vn -0.0009 0.9449 0.3274
vn -0.2464 0.9228 0.2961
vn 0.1282 0.6898 0.7125
vn -0.0014 0.6652 0.7467
vn 0.1693 0.4349 0.8844
vn -0.0014 0.4688 0.8833
vn -0.6537 0.7564 0.0217
vn -0.9138 0.4061 0.0036
vn -0.6619 0.7495 -0.0074
vn -0.9159 0.4013 -0.0076
vn -1.0000 0.0000 -0.0075
vn -1.0000 0.0000 -0.0035
vn -0.0005 0.9989 0.0472
vn -0.3148 0.9483 0.0393
vn -0.0011 1.0000 -0.0041
vn -0.3229 0.9464 -0.0062
vn -0.0056 1.0000 0.0000
vn -0.0102 0.9999 -0.0007
vn -0.3236 0.9459 -0.0222
vn -0.3205 0.9472 -0.0077
vn -0.0132 0.9998 0.0092
vn -0.3252 0.9449 -0.0373
vn -0.6594 0.7465 -0.0888
vn -0.6620 0.7481 -0.0455
vn -0.6598 0.7512 -0.0159
vn -0.9117 0.4059 -0.0629
vn -0.9138 0.4056 -0.0221
vn -0.9028 0.4104 -0.1282
vn -0.9896 0.0116 -0.1435
vn -0.9976 0.0030 -0.0686
vn -0.9997 0.0003 -0.0242
vn -0.0133 0.9983 0.0559
vn -0.3227 0.9464 -0.0124
vn 0.0069 0.9995 -0.0317
vn -0.2783 0.9569 -0.0826
vn -0.6058 0.7845 -0.1322
vn -0.6525 0.7519 -0.0938
vn -0.8913 0.4228 -0.1636
vn -0.8631 0.4705 -0.1834
vn -0.9678 0.0413 -0.2482
vn -0.9781 0.0218 -0.2071
vn -0.9143 -0.4001 -0.0621
vn -0.9140 -0.4051 -0.0221
vn -0.9123 -0.3877 -0.1317
vn -0.6752 -0.7314 -0.0955
vn -0.6662 -0.7445 -0.0442
vn -0.6601 -0.7509 -0.0158
vn -0.9008 -0.3764 -0.2165
vn -0.8682 -0.3810 -0.3179
vn -0.6212 -0.6971 -0.3580
vn -0.6731 -0.7149 -0.1896
vn -0.3256 -0.9452 -0.0210
vn -0.3207 -0.9471 -0.0076
vn -0.3331 -0.9416 -0.0478
vn -0.0140 -0.9999 -0.0065
vn -0.0102 -0.9999 -0.0005
vn -0.0056 -1.0000 0.0000
vn -0.3317 -0.9331 -0.1388
vn -0.2837 -0.8910 -0.3545
vn 0.0096 -0.9490 -0.3151
vn -0.0117 -0.9963 -0.0849
vn 0.2640 -0.9643 0.0199
vn 0.2850 -0.9585 0.0084
vn 0.2424 -0.9697 0.0313
vn 0.5192 -0.8503 0.0859
vn 0.5610 -0.8263 0.0495
vn 0.6014 -0.7986 0.0207
vn 0.2243 -0.9740 -0.0300
vn 0.2099 -0.9471 -0.2427
vn 0.4490 -0.8874 -0.1037
vn 0.4837 -0.8734 0.0558
vn 0.8584 -0.5058 0.0855
vn 0.8859 -0.4626 0.0344
vn 0.8256 -0.5423 0.1554
vn 0.9808 -0.0024 0.1947
vn 0.9946 -0.0003 0.1034
vn 0.9992 -0.0000 0.0405
vn 0.7947 -0.5785 0.1835
vn 0.7628 -0.6318 0.1375
vn 0.9185 -0.0296 0.3942
vn 0.9567 -0.0164 0.2907
vn 0.8592 0.5043 0.0860
vn 0.8860 0.4624 0.0344
vn 0.8287 0.5347 0.1652
vn 0.5287 0.8425 0.1033
vn 0.5633 0.8247 0.0506
vn 0.6017 0.7985 0.0208
vn 0.7882 0.5499 0.2763
vn 0.7026 0.6086 0.3686
vn 0.4131 0.8926 0.1805
vn 0.4883 0.8522 0.1880
vn 0.2655 0.9639 0.0208
vn 0.2852 0.9584 0.0085
vn 0.2497 0.9670 0.0509
vn 0.2333 0.9658 0.1131
vn 0.2088 0.9770 0.0440
vn 0.3273 0.9434 -0.0529
vn 0.1683 0.9519 -0.2558
vn 0.2252 0.8716 -0.4353
vn 0.1175 0.8030 -0.5843
vn 0.0614 0.7577 -0.6497
vn 0.0443 0.9368 -0.3471
vn 0.9899 0.0377 0.1366
vn 0.6665 0.7255 0.1712
vn 0.8141 0.1714 -0.5547
vn 0.4627 0.7291 -0.5043
vn -0.1682 0.9166 -0.3626
vn -0.0604 0.7479 -0.6611
vn -0.3073 0.7464 -0.5903
vn -0.4858 0.8069 -0.3360
vn 0.0655 0.1921 -0.9792
vn -0.0817 0.1687 -0.9822
vn -0.0513 0.4884 -0.8711
vn 0.0644 0.4971 -0.8653
vn -0.5795 0.1379 -0.8032
vn -0.4591 0.5390 -0.7062
vn 0.1976 0.2155 -0.9563
vn 0.1305 0.5440 -0.8289
vn 0.0525 -0.5144 -0.8560
vn -0.0576 -0.5077 -0.8596
vn -0.0483 -0.1797 -0.9825
vn 0.0600 -0.1549 -0.9861
vn -0.2928 -0.5267 -0.7980
vn -0.4458 -0.2811 -0.8498
vn 0.3094 -0.6446 -0.6991
vn 0.1346 -0.5598 -0.8176
vn 0.1562 -0.1746 -0.9722
vn 0.5467 -0.4087 -0.7308
vn -0.9039 0.0727 -0.4215
vn -0.7703 -0.3836 -0.5094
vn -0.4817 -0.6491 -0.5887
vn -0.7753 0.5316 -0.3411
vn -0.1680 -0.7555 -0.6333
vn 0.0396 -0.7834 -0.6202
vn 0.3974 -0.8391 -0.3713
vn 0.7567 -0.6460 -0.1002
vn 0.1747 -0.8192 -0.5462
vn 0.5701 0.7978 0.1961
vn 0.6472 0.7617 0.0310
vn 0.3123 0.9490 0.0434
vn 0.2438 0.9239 0.2950
vn 0.6496 0.7602 0.0057
vn 0.3154 0.9489 -0.0002
vn 1.0000 0.0000 -0.0016
vn 0.9092 0.4159 0.0171
vn 0.8811 0.4688 0.0622
vn 0.9999 0.0000 0.0133
vn 0.9103 0.4138 0.0113
vn 0.9959 0.0000 0.0905
vn 0.9999 0.0000 -0.0136
vn 0.8022 0.5752 0.1602
vn 0.6845 0.6805 0.2615
vn 0.3852 0.8080 0.4457
vn 0.1681 0.8123 0.5585
vn 0.0894 0.7819 0.6169
vn -0.0638 0.6853 0.7255
vn 0.1681 -0.8123 0.5585
vn 0.3852 -0.8080 0.4457
vn 0.8022 -0.5752 0.1602
vn 0.6845 -0.6804 0.2615
vn 0.5701 -0.7978 0.1961
vn 0.8811 -0.4688 0.0622
vn 0.6472 -0.7617 0.0310
vn 0.9092 -0.4159 0.0171
vn 0.6496 -0.7602 0.0057
vn 0.9103 -0.4138 0.0113
vn -0.0005 -0.6299 0.7767
vn 0.0002 -0.7422 0.6702
vn 0.0894 -0.7819 0.6169
vn -0.0638 -0.6853 0.7255
vn -0.0009 -0.9449 0.3274
vn 0.2438 -0.9239 0.2950
vn -0.0005 -0.9989 0.0472
vn 0.3123 -0.9490 0.0434
vn -0.0011 -1.0000 -0.0041
vn 0.3154 -0.9489 -0.0002
vn -0.1632 -0.8037 0.5721
vn -0.3862 -0.7980 0.4626
vn -0.0890 -0.7808 0.6184
vn 0.0625 -0.6901 0.7209
vn -0.5766 -0.7915 0.2026
vn -0.2464 -0.9228 0.2961
vn -0.6537 -0.7564 0.0217
vn -0.3148 -0.9483 0.0393
vn -0.6619 -0.7495 -0.0074
vn -0.3229 -0.9464 -0.0062
vn -0.8020 -0.5578 0.2136
vn -0.6740 -0.6621 0.3274
vn -0.8862 -0.4567 0.0777
vn -0.9138 -0.4061 0.0036
vn -0.9159 -0.4013 -0.0076
vn 0.1282 -0.6898 0.7125
vn 0.0034 -0.6851 0.7284
vn -0.0014 -0.6652 0.7467
vn -0.0014 -0.4688 0.8833
vn 0.1693 -0.4349 0.8844
vn 0.2098 -0.3631 0.9078
vn -0.3670 -0.5126 0.7762
vn 0.1338 -0.1826 0.9740
vn 0.1956 -0.0261 0.9803
vn -0.0008 -0.1049 0.9945
vn -0.0006 0.0000 1.0000
vn 0.1957 0.0000 0.9807
vn 0.1956 0.0261 0.9803
vn -0.0008 0.1049 0.9945
vn -0.1966 0.0000 0.9805
vn -0.1965 0.0249 0.9802
vn -0.1079 0.0000 0.9941
vn -0.1354 0.1808 0.9741
vn -0.2108 0.3564 0.9102
vn -0.1713 0.4295 0.8866
vn -0.1713 -0.4295 0.8866
vn -0.1965 -0.0249 0.9802
vn -0.2108 -0.3564 0.9102
vn -0.1354 -0.1808 0.9741
vn 0.3927 0.5253 0.7549
vn 0.7237 0.0000 0.6901
vn 0.0018 0.6887 0.7250
vn 0.3927 -0.5253 0.7549
vn 0.0018 -0.6887 0.7250
vn -0.1304 0.6838 0.7179
vn -0.1304 -0.6838 0.7179
vn 0.6303 0.7763 0.0103
vn 0.3017 0.9534 0.0043
vn -0.0028 1.0000 0.0001
vn 0.9998 0.0000 0.0186
vn 0.9019 0.4316 0.0163
vn 0.6303 -0.7763 0.0103
vn 0.9019 -0.4316 0.0163
vn -0.0028 -1.0000 0.0001
vn 0.3017 -0.9534 0.0043
vn -0.6584 -0.7526 -0.0070
vn -0.3198 -0.9474 -0.0034
vn -0.9999 0.0000 -0.0107
vn -0.9140 -0.4056 -0.0098
vn -0.6584 0.7526 -0.0070
vn -0.9140 0.4056 -0.0098
vn -0.3198 0.9474 -0.0034
vn -0.1711 0.8045 0.5687
vn -0.6838 0.6603 0.3104
vn -0.3797 0.5118 0.7706
vn 0.0044 0.6865 0.7271
vn -0.9865 0.0000 0.1635
vn -0.7006 0.0000 0.7135
vn 0.1150 0.0000 0.9933
vn 0.1449 0.1716 0.9744
vn 0.2272 0.3427 0.9116
vn -0.4020 0.7924 0.4587
vn -0.8100 0.5501 0.2031
vn -0.5984 0.7757 0.2004
vn -0.8922 0.4451 0.0763
vn -0.9998 0.0000 0.0189
vn -0.9986 0.0000 0.0524
vn -0.0015 0.6320 0.7749
vn -0.0011 0.7447 0.6673
vn -0.0981 0.7812 0.6165
vn 0.0675 0.6900 0.7207
vn -0.0015 0.9458 0.3247
vn -0.2662 0.9178 0.2944
vn 0.1403 0.6865 0.7134
vn -0.0014 0.6655 0.7464
vn 0.1857 0.4245 0.8862
vn -0.0017 0.4654 0.8851
vn -0.6775 0.7351 0.0222
vn -0.9193 0.3935 0.0051
vn -0.6847 0.7288 -0.0087
vn -0.9212 0.3888 -0.0092
vn -0.9999 0.0000 -0.0092
vn -1.0000 0.0000 -0.0016
vn -0.0018 0.9989 0.0465
vn -0.3402 0.9395 0.0393
vn -0.0012 1.0000 -0.0041
vn -0.3480 0.9374 -0.0070
vn -0.0030 1.0000 0.0000
vn -0.0070 1.0000 -0.0002
vn -0.3366 0.9412 -0.0300
vn -0.3384 0.9409 -0.0110
vn -0.0211 0.9997 0.0122
vn -0.3372 0.9397 -0.0575
vn -0.6641 0.7371 -0.1255
vn -0.6699 0.7400 -0.0595
vn -0.6731 0.7392 -0.0216
vn -0.9124 0.4011 -0.0809
vn -0.9162 0.3996 -0.0291
vn -0.9006 0.3982 -0.1742
vn -0.9816 0.0083 -0.1908
vn -0.9961 0.0044 -0.0879
vn -0.9995 0.0016 -0.0316
vn -0.0523 0.9978 0.0409
vn -0.3400 0.9378 -0.0702
vn -0.0663 0.9977 -0.0077
vn -0.3085 0.9427 -0.1269
vn -0.5970 0.7678 -0.2323
vn -0.6516 0.7372 -0.1787
vn -0.8798 0.3974 -0.2608
vn -0.8387 0.4403 -0.3204
vn -0.9217 0.0231 -0.3873
vn -0.9539 0.0093 -0.3001
vn -0.9152 -0.3948 -0.0803
vn -0.9172 -0.3972 -0.0290
vn -0.9048 -0.3877 -0.1761
vn -0.6633 -0.7367 -0.1311
vn -0.6721 -0.7381 -0.0587
vn -0.6739 -0.7385 -0.0213
vn -0.8712 -0.3887 -0.3000
vn -0.8052 -0.4056 -0.4325
vn -0.5076 -0.7477 -0.4280
vn -0.6189 -0.7424 -0.2562
vn -0.3368 -0.9411 -0.0294
vn -0.3385 -0.9409 -0.0108
vn -0.3280 -0.9421 -0.0695
vn -0.0075 -0.9999 -0.0080
vn -0.0070 -1.0000 -0.0001
vn -0.0030 -1.0000 0.0000
vn -0.2799 -0.9427 -0.1816
vn -0.1619 -0.9124 -0.3758
vn 0.1141 -0.9468 -0.3007
vn 0.0268 -0.9947 -0.0991
vn 0.3067 -0.9513 0.0303
vn 0.3233 -0.9462 0.0114
vn 0.2857 -0.9566 0.0567
vn 0.5730 -0.8082 0.1356
vn 0.6193 -0.7823 0.0656
vn 0.6474 -0.7618 0.0240
vn 0.2896 -0.9571 -0.0015
vn 0.3295 -0.9245 -0.1915
vn 0.5247 -0.8512 -0.0115
vn 0.5352 -0.8339 0.1346
vn 0.8832 -0.4583 0.0995
vn 0.9025 -0.4292 0.0349
vn 0.8329 -0.5050 0.2265
vn 0.9573 -0.0080 0.2889
vn 0.9934 -0.0011 0.1147
vn 0.9992 -0.0004 0.0392
vn 0.7612 -0.5613 0.3248
vn 0.7124 -0.6405 0.2869
vn 0.7742 -0.0359 0.6319
vn 0.8632 -0.0181 0.5044
vn 0.8840 0.4566 0.1001
vn 0.9029 0.4284 0.0349
vn 0.8229 0.5052 0.2600
vn 0.5517 0.8162 0.1717
vn 0.6205 0.7814 0.0663
vn 0.6480 0.7613 0.0242
vn 0.6780 0.5704 0.4637
vn 0.5073 0.6526 0.5627
vn 0.2901 0.9012 0.3218
vn 0.4223 0.8555 0.2996
vn 0.3076 0.9510 0.0308
vn 0.3237 0.9461 0.0116
vn 0.2679 0.9597 0.0853
vn 0.1943 0.9679 0.1591
vn 0.1285 0.9819 0.1391
vn 0.2247 0.9570 0.1835
vn 0.1083 0.9937 -0.0300
vn 0.2409 0.9663 -0.0901
vn 0.1575 0.9395 -0.3040
vn 0.0505 0.9076 -0.4168
vn -0.0313 0.9839 -0.1758
vn 0.8834 0.0054 0.4686
vn 0.4678 0.7678 0.4378
vn 0.9754 0.1520 -0.1598
vn 0.5328 0.8311 -0.1589
vn -0.2183 0.9404 -0.2607
vn -0.1011 0.8786 -0.4668
vn -0.3181 0.8283 -0.4612
vn -0.4814 0.8108 -0.3329
vn 0.3345 0.1934 -0.9223
vn 0.0516 0.2355 -0.9705
vn 0.0030 0.6402 -0.7682
vn 0.2029 0.6454 -0.7364
vn -0.4866 0.1776 -0.8554
vn -0.4121 0.6175 -0.6699
vn 0.5747 0.1652 -0.8015
vn 0.3449 0.6988 -0.6266
vn 0.3084 -0.6352 -0.7081
vn 0.1420 -0.6330 -0.7610
vn 0.1444 -0.2487 -0.9577
vn 0.3584 -0.2713 -0.8932
vn -0.1417 -0.6434 -0.7523
vn -0.3211 -0.3226 -0.8904
vn 0.5101 -0.7166 -0.4757
vn 0.4083 -0.6560 -0.6348
vn 0.4858 -0.3465 -0.8025
vn 0.6974 -0.5673 -0.4378
vn -0.8316 0.0702 -0.5508
vn -0.6811 -0.4077 -0.6081
vn -0.3383 -0.7244 -0.6007
vn -0.7315 0.5260 -0.4338
vn 0.0066 -0.8245 -0.5658
vn 0.2194 -0.8268 -0.5178
vn 0.5156 -0.8217 -0.2427
vn 0.7150 -0.6940 0.0836
vn 0.3674 -0.8260 -0.4275
vn 0.5856 0.7879 0.1904
vn 0.6644 0.7469 0.0241
vn 0.3316 0.9425 0.0405
vn 0.2585 0.9211 0.2911
vn 0.6721 0.7404 0.0054
vn 0.3404 0.9402 0.0001
vn 1.0000 0.0000 -0.0050
vn 1.0000 0.0000 -0.0003
vn 0.9131 0.4076 0.0068
vn 0.8853 0.4614 0.0574
vn 0.9999 0.0000 0.0117
vn 0.9152 0.4030 0.0099
vn 0.9892 0.0000 0.1468
vn 0.9997 0.0000 0.0231
vn 0.8036 0.5667 0.1815
vn 0.6763 0.6740 0.2973
vn 0.3934 0.8025 0.4485
vn 0.1644 0.8086 0.5650
vn 0.0937 0.7837 0.6140
vn -0.0702 0.6889 0.7214
vn 0.1644 -0.8086 0.5650
vn 0.3934 -0.8025 0.4485
vn 0.8036 -0.5667 0.1815
vn 0.6763 -0.6740 0.2973
vn 0.5856 -0.7879 0.1904
vn 0.8853 -0.4614 0.0574
vn 0.6644 -0.7469 0.0241
vn 0.9131 -0.4076 0.0068
vn 0.6721 -0.7404 0.0054
vn 0.9151 -0.4030 0.0099
vn -0.0015 -0.6320 0.7749
vn -0.0011 -0.7447 0.6673
vn 0.0937 -0.7837 0.6140
vn -0.0702 -0.6889 0.7214
vn -0.0015 -0.9458 0.3247
vn 0.2585 -0.9211 0.2911
vn -0.0018 -0.9989 0.0465
vn 0.3316 -0.9425 0.0405
vn -0.0012 -1.0000 -0.0041
vn 0.3404 -0.9403 0.0001
vn -0.1711 -0.8045 0.5687
vn -0.4020 -0.7924 0.4587
vn -0.0981 -0.7812 0.6165
vn 0.0675 -0.6900 0.7207
vn -0.5984 -0.7757 0.2004
vn -0.2662 -0.9178 0.2944
vn -0.6775 -0.7351 0.0222
vn -0.3402 -0.9395 0.0393
vn -0.6847 -0.7288 -0.0086
vn -0.3480 -0.9374 -0.0070
vn -0.8100 -0.5501 0.2031
vn -0.6838 -0.6603 0.3104
vn -0.8922 -0.4451 0.0763
vn -0.9193 -0.3935 0.0051
vn -0.9213 -0.3888 -0.0092
vn 0.1403 -0.6865 0.7134
vn 0.0044 -0.6865 0.7271
vn -0.0014 -0.6655 0.7464
vn -0.0017 -0.4654 0.8851
vn 0.1857 -0.4245 0.8862
vn 0.2272 -0.3427 0.9116
vn -0.3797 -0.5118 0.7706
vn 0.1449 -0.1716 0.9744
vn 0.2115 -0.0122 0.9773
vn -0.0024 -0.0993 0.9950
vn -0.0025 0.0000 1.0000
vn 0.2112 0.0000 0.9774
vn 0.2115 0.0122 0.9773
vn -0.0024 0.0993 0.9950
vn -0.2122 0.0000 0.9772
vn -0.2122 0.0083 0.9772
vn -0.1161 0.0000 0.9932
vn -0.1465 0.1710 0.9743
vn -0.2271 0.3383 0.9132
vn -0.1870 0.4209 0.8876
vn -0.1870 -0.4209 0.8876
vn -0.2122 -0.0083 0.9772
vn -0.2271 -0.3384 0.9132
vn -0.1465 -0.1710 0.9743
vn 0.3733 0.5192 0.7688
vn 0.7055 0.0000 0.7087
vn -0.0074 0.6864 0.7272
vn 0.3733 -0.5192 0.7688
vn -0.0074 -0.6864 0.7272
vn -0.1415 0.6846 0.7150
vn -0.1415 -0.6846 0.7150
vn 0.6615 0.7498 0.0123
vn 0.3327 0.9430 0.0059
vn -0.0015 1.0000 0.0001
vn 0.9998 -0.0001 0.0196
vn 0.9102 0.4139 0.0175
vn 0.6613 -0.7500 0.0122
vn 0.9101 -0.4141 0.0175
vn -0.0016 -1.0000 0.0001
vn 0.3326 -0.9431 0.0059
vn -0.6776 -0.7353 -0.0100
vn -0.3419 -0.9397 -0.0052
vn -0.9999 0.0004 -0.0143
vn -0.9186 -0.3950 -0.0132
vn -0.6774 0.7355 -0.0100
vn -0.9183 0.3955 -0.0133
vn -0.3419 0.9397 -0.0052
vn -0.1621 0.8047 0.5710
vn -0.6705 0.6661 0.3267
vn -0.3665 0.5141 0.7754
vn 0.0003 0.6845 0.7289
vn -0.9821 0.0000 0.1880
vn -0.6928 0.0000 0.7211
vn 0.0996 0.0000 0.9950
vn 0.1269 0.1823 0.9750
vn 0.2020 0.3639 0.9092
vn -0.3803 0.7981 0.4673
vn -0.7972 0.5611 0.2228
vn -0.5730 0.7913 0.2136
vn -0.8841 0.4574 0.0954
vn -0.9993 0.0000 0.0378
vn -0.9973 0.0000 0.0724
vn -0.0031 0.6331 0.7741
vn -0.0004 0.7450 0.6670
vn -0.0875 0.7812 0.6181
vn 0.0587 0.6924 0.7191
vn -0.0004 0.9460 0.3242
vn -0.2439 0.9224 0.2994
vn 0.1223 0.6917 0.7117
vn -0.0040 0.6669 0.7451
vn 0.1614 0.4368 0.8850
vn -0.0042 0.4676 0.8839
vn -0.6569 0.7533 0.0315
vn -0.9153 0.4024 0.0164
vn -0.6744 0.7383 -0.0035
vn -0.9208 0.3899 -0.0033
vn -1.0000 0.0000 -0.0032
vn -0.9999 0.0000 0.0100
vn -0.0013 0.9989 0.0459
vn -0.3174 0.9472 0.0443
vn -0.0009 1.0000 -0.0042
vn -0.3337 0.9427 -0.0036
vn -0.0080 0.9999 -0.0002
vn -0.0233 0.9997 0.0007
vn -0.3951 0.9175 -0.0460
vn -0.3706 0.9287 -0.0098
vn -0.0352 0.9993 0.0111
vn -0.3861 0.9165 -0.1046
vn -0.7071 0.6695 -0.2276
vn -0.7386 0.6672 -0.0965
vn -0.7170 0.6966 -0.0222
vn -0.9344 0.3313 -0.1306
vn -0.9346 0.3541 -0.0322
vn -0.8879 0.3385 -0.3116
vn -0.9380 -0.0027 -0.3465
vn -0.9899 0.0001 -0.1420
vn -0.9994 0.0000 -0.0356
vn -0.0164 0.9984 0.0532
vn -0.3314 0.9366 -0.1137
vn 0.0937 0.9926 0.0771
vn -0.1922 0.9776 -0.0855
vn -0.5282 0.8018 -0.2794
vn -0.6377 0.7110 -0.2964
vn -0.8229 0.3712 -0.4302
vn -0.7746 0.4481 -0.4463
vn -0.8248 0.0020 -0.5654
vn -0.8655 -0.0052 -0.5008
vn -0.9345 -0.3311 -0.1306
vn -0.9346 -0.3541 -0.0322
vn -0.8798 -0.3435 -0.3284
vn -0.6934 -0.6738 -0.2551
vn -0.7384 -0.6673 -0.0966
vn -0.7170 -0.6966 -0.0222
vn -0.7732 -0.3834 -0.5050
vn -0.6492 -0.4440 -0.6176
vn -0.3251 -0.7634 -0.5582
vn -0.5495 -0.7183 -0.4266
vn -0.3939 -0.9180 -0.0464
vn -0.3706 -0.9287 -0.0098
vn -0.3716 -0.9186 -0.1346
vn -0.0230 -0.9996 -0.0131
vn -0.0193 -0.9998 -0.0001
vn -0.0070 -1.0000 -0.0003
vn -0.2411 -0.9324 -0.2691
vn -0.0107 -0.9106 -0.4132
vn 0.2144 -0.9461 -0.2425
vn 0.0492 -0.9946 -0.0917
vn 0.3077 -0.9508 0.0357
vn 0.3246 -0.9458 0.0060
vn 0.2712 -0.9587 0.0855
vn 0.5667 -0.8024 0.1872
vn 0.6204 -0.7812 0.0689
vn 0.6361 -0.7715 0.0111
vn 0.2798 -0.9575 0.0688
vn 0.3710 -0.9268 -0.0586
vn 0.5160 -0.8384 0.1753
vn 0.5168 -0.8200 0.2459
vn 0.8850 -0.4555 0.0962
vn 0.8921 -0.4516 0.0152
vn 0.8357 -0.4702 0.2836
vn 0.9448 -0.0078 0.3274
vn 0.9940 -0.0066 0.1085
vn 0.9998 -0.0020 0.0171
vn 0.7505 -0.4990 0.4332
vn 0.6638 -0.5742 0.4792
vn 0.7339 -0.0146 0.6791
vn 0.8498 -0.0090 0.5271
vn 0.8909 0.4431 0.0998
vn 0.8940 0.4476 0.0161
vn 0.8414 0.4565 0.2892
vn 0.5643 0.8020 0.1958
vn 0.6203 0.7809 0.0730
vn 0.6364 0.7713 0.0123
vn 0.7442 0.4833 0.4610
vn 0.6334 0.5423 0.5520
vn 0.4717 0.8135 0.3401
vn 0.4973 0.8109 0.3084
vn 0.2982 0.9538 0.0370
vn 0.3216 0.9468 0.0065
vn 0.2597 0.9606 0.0992
vn 0.2403 0.9546 0.1758
vn 0.3001 0.9328 0.1993
vn 0.5452 0.7816 0.3029
vn 0.4644 0.8711 0.1593
vn 0.6785 0.7037 0.2109
vn 0.6774 0.7309 0.0832
vn 0.6070 0.7930 -0.0506
vn 0.3287 0.9431 0.0506
vn 0.7292 -0.0216 0.6840
vn 0.6366 0.5543 0.5361
vn 0.9233 -0.0164 0.3836
vn 0.8327 0.4749 0.2846
vn 0.0778 0.9934 -0.0840
vn 0.4231 0.8777 -0.2248
vn 0.0683 0.9155 -0.3964
vn -0.3072 0.9053 -0.2932
vn 0.9210 0.0452 -0.3869
vn 0.6907 0.0938 -0.7170
vn 0.6757 0.4987 -0.5428
vn 0.8688 0.4185 -0.2646
vn -0.0522 0.1362 -0.9893
vn 0.0309 0.6269 -0.7785
vn 0.9974 0.0110 -0.0715
vn 0.9166 0.3988 -0.0280
vn 0.6070 -0.6692 -0.4286
vn 0.4960 -0.6458 -0.5804
vn 0.6821 -0.2600 -0.6835
vn 0.8389 -0.3128 -0.4454
vn 0.2603 -0.6554 -0.7090
vn 0.1530 -0.3532 -0.9229
vn 0.6828 -0.7290 -0.0481
vn 0.6712 -0.6990 -0.2467
vn 0.9011 -0.3852 -0.1991
vn 0.8433 -0.5159 0.1501
vn -0.6654 0.0393 -0.7454
vn -0.4258 -0.4739 -0.7708
vn -0.0429 -0.7583 -0.6505
vn -0.6141 0.5692 -0.5467
vn 0.2577 -0.8246 -0.5036
vn 0.4118 -0.8353 -0.3643
vn 0.5723 -0.8169 0.0707
vn 0.6679 -0.6045 0.4341
vn 0.5012 -0.8446 -0.1882
vn 0.5646 0.8081 0.1678
vn 0.6435 0.7654 0.0078
vn 0.3125 0.9493 0.0329
vn 0.2418 0.9282 0.2828
vn 0.6520 0.7582 -0.0053
vn 0.3255 0.9455 -0.0050
vn 0.9981 0.0000 -0.0605
vn 0.9996 0.0000 -0.0275
vn 0.9052 0.4246 -0.0173
vn 0.8763 0.4816 0.0134
vn 1.0000 0.0000 -0.0037
vn 0.9055 0.4242 -0.0044
vn 0.9978 0.0000 0.0663
vn 0.9983 0.0000 -0.0588
vn 0.7958 0.5924 0.1253
vn 0.6716 0.6997 0.2437
vn 0.3811 0.8203 0.4265
vn 0.1610 0.8185 0.5514
vn 0.0882 0.7880 0.6092
vn -0.0641 0.6888 0.7221
vn 0.1610 -0.8185 0.5514
vn 0.3811 -0.8203 0.4265
vn 0.7958 -0.5924 0.1253
vn 0.6716 -0.6997 0.2437
vn 0.5646 -0.8081 0.1678
vn 0.8763 -0.4816 0.0134
vn 0.6435 -0.7654 0.0078
vn 0.9052 -0.4246 -0.0173
vn 0.6520 -0.7582 -0.0053
vn 0.9055 -0.4242 -0.0044
vn -0.0031 -0.6331 0.7741
vn -0.0004 -0.7450 0.6670
vn 0.0882 -0.7880 0.6092
vn -0.0641 -0.6888 0.7221
vn -0.0004 -0.9460 0.3242
vn 0.2418 -0.9282 0.2828
vn -0.0013 -0.9989 0.0459
vn 0.3125 -0.9493 0.0329
vn -0.0009 -1.0000 -0.0042
vn 0.3255 -0.9455 -0.0050
vn -0.1621 -0.8047 0.5710
vn -0.3803 -0.7981 0.4673
vn -0.0875 -0.7812 0.6181
vn 0.0587 -0.6924 0.7191
vn -0.5730 -0.7913 0.2136
vn -0.2439 -0.9224 0.2994
vn -0.6569 -0.7533 0.0315
vn -0.3174 -0.9472 0.0443
vn -0.6744 -0.7383 -0.0035
vn -0.3337 -0.9427 -0.0036
vn -0.7972 -0.5611 0.2228
vn -0.6705 -0.6661 0.3267
vn -0.8841 -0.4574 0.0954
vn -0.9153 -0.4024 0.0164
vn -0.9208 -0.3899 -0.0033
vn 0.1223 -0.6917 0.7117
vn 0.0003 -0.6845 0.7289
vn -0.0040 -0.6669 0.7451
vn -0.0042 -0.4676 0.8839
vn 0.1614 -0.4368 0.8850
vn 0.2020 -0.3639 0.9092
vn -0.3665 -0.5141 0.7754
vn 0.1269 -0.1823 0.9750
vn 0.1868 -0.0268 0.9820
vn -0.0057 -0.1025 0.9947
vn -0.0061 0.0000 1.0000
vn 0.1868 0.0000 0.9824
vn 0.1868 0.0268 0.9820
vn -0.0057 0.1025 0.9947
vn -0.1954 0.0000 0.9807
vn -0.1944 0.0114 0.9808
vn -0.1053 0.0000 0.9944
vn -0.1354 0.1757 0.9751
vn -0.2095 0.3427 0.9158
vn -0.1697 0.4232 0.8900
vn -0.1697 -0.4232 0.8900
vn -0.1944 -0.0114 0.9808
vn -0.2095 -0.3427 0.9158
vn -0.1354 -0.1757 0.9751
vn 0.3823 0.5374 0.7517
vn 0.7356 0.0000 0.6774
vn -0.0018 0.6892 0.7245
vn 0.3823 -0.5374 0.7517
vn -0.0018 -0.6892 0.7245
vn -0.1290 0.6846 0.7174
vn -0.1291 -0.6846 0.7174
vn 0.6418 0.7669 0.0020
vn 0.3248 0.9458 0.0009
vn -0.0027 1.0000 -0.0002
vn 1.0000 0.0000 0.0043
vn 0.8968 0.4424 0.0035
vn 0.6418 -0.7669 0.0020
vn 0.8968 -0.4424 0.0035
vn -0.0027 -1.0000 -0.0002
vn 0.3248 -0.9458 0.0009
vn -0.6881 -0.7255 -0.0063
vn -0.3461 -0.9382 -0.0025
vn -0.9999 0.0000 -0.0109
vn -0.9250 -0.3797 -0.0096
vn -0.6882 0.7255 -0.0063
vn -0.9250 0.3797 -0.0096
vn -0.3461 0.9382 -0.0025
usemtl PoolFloat3
s 1
f 4728/4802/4071 4729/4803/4072 4732/4804/4073 4731/4805/4074
f 4729/4803/4072 4730/4806/4075 4733/4807/4076 4732/4804/4073
f 4731/4808/4074 4732/4809/4073 4735/4810/4077 4734/4811/4078
f 4732/4809/4073 4733/4812/4076 4736/4813/4079 4735/4810/4077
f 4314/4814/4080 4347/4815/4081 4728/4802/4071 4653/4816/4082
f 4347/4815/4081 4348/4817/4083 4729/4803/4072 4728/4802/4071
f 4348/4817/4083 4349/4818/4084 4730/4806/4075 4729/4803/4072
f 4349/4818/4084 4279/4819/4085 4350/4820/4086 4730/4806/4075
f 4730/4806/4075 4350/4820/4086 4351/4821/4087 4733/4807/4076
f 4733/4812/4076 4351/4822/4087 4352/4823/4088 4736/4813/4079
f 4736/4813/4079 4352/4823/4088 4281/4824/4089 4551/4825/4090
f 4735/4810/4077 4736/4813/4079 4551/4825/4090 4552/4826/4091
f 4734/4811/4078 4735/4810/4077 4552/4826/4091 4553/4827/4092
f 4655/4828/4093 4734/4811/4078 4553/4827/4092 4315/4829/4094
f 4654/4830/4095 4731/4808/4074 4734/4811/4078 4655/4828/4093
f 4653/4816/4082 4728/4802/4071 4731/4805/4074 4654/4831/4095
f 4737/4832/4096 4738/4833/4097 4741/4834/4098 4740/4835/4099
f 4738/4833/4097 4739/4836/4100 4742/4837/4101 4741/4834/4098
f 4740/4835/4099 4741/4834/4098 4744/4838/4102 4743/4839/4103
f 4741/4834/4098 4742/4837/4101 4745/4840/4104 4744/4838/4102
f 4319/4841/4105 4565/4842/4106 4737/4832/4096 4650/4843/4107
f 4565/4842/4106 4564/4844/4108 4738/4833/4097 4737/4832/4096
f 4564/4844/4108 4563/4845/4109 4739/4836/4100 4738/4833/4097
f 4563/4845/4109 4287/4846/4110 4359/4847/4111 4739/4836/4100
f 4739/4836/4100 4359/4847/4111 4360/4848/4112 4742/4837/4101
f 4742/4837/4101 4360/4848/4112 4361/4849/4113 4745/4840/4104
f 4745/4840/4104 4361/4849/4113 4285/4850/4114 4554/4851/4115
f 4744/4838/4102 4745/4840/4104 4554/4851/4115 4555/4852/4116
f 4743/4839/4103 4744/4838/4102 4555/4852/4116 4556/4853/4117
f 4652/4854/4118 4743/4839/4103 4556/4853/4117 4316/4855/4119
f 4651/4856/4120 4740/4835/4099 4743/4839/4103 4652/4854/4118
f 4650/4843/4107 4737/4832/4096 4740/4835/4099 4651/4856/4120
f 4746/4857/4121 4747/4858/4122 4750/4859/4123 4749/4860/4124
f 4747/4861/4122 4748/4862/4125 4751/4863/4126 4750/4864/4123
f 4749/4860/4124 4750/4859/4123 4753/4865/4127 4752/4866/4128
f 4750/4864/4123 4751/4863/4126 4754/4867/4129 4753/4868/4127
f 4333/4869/4130 4691/4870/4131 4746/4857/4121 4661/4871/4132
f 4691/4870/4131 4690/4872/4133 4747/4858/4122 4746/4857/4121
f 4690/4873/4133 4689/4874/4134 4748/4862/4125 4747/4861/4122
f 4689/4874/4134 4332/4875/4135 4440/4876/4136 4748/4862/4125
f 4748/4862/4125 4440/4876/4136 4441/4877/4137 4751/4863/4126
f 4751/4863/4126 4441/4877/4137 4442/4878/4138 4754/4867/4129
f 4754/4867/4129 4442/4878/4138 4297/4879/4139 4436/4880/4140
f 4753/4868/4127 4754/4867/4129 4436/4880/4140 4435/4881/4141
f 4752/4866/4128 4753/4865/4127 4435/4882/4141 4434/4883/4142
f 4659/4884/4143 4752/4866/4128 4434/4883/4142 4294/4885/4144
f 4660/4886/4145 4749/4860/4124 4752/4866/4128 4659/4884/4143
f 4661/4871/4132 4746/4857/4121 4749/4860/4124 4660/4886/4145
f 4755/4887/4146 4756/4888/4147 4759/4889/4148 4758/4890/4149
f 4756/4888/4147 4757/4891/4150 4760/4892/4151 4759/4889/4148
f 4758/4890/4149 4759/4889/4148 4762/4893/4152 4761/4894/4153
f 4759/4889/4148 4760/4892/4151 4763/4895/4154 4762/4893/4152
f 4321/4896/4155 4571/4897/4156 4755/4887/4146 4647/4898/4157
f 4571/4897/4156 4570/4899/4158 4756/4888/4147 4755/4887/4146
f 4570/4899/4158 4569/4900/4159 4757/4891/4150 4756/4888/4147
f 4569/4900/4159 4291/4901/4160 4377/4902/4161 4757/4891/4150
f 4757/4891/4150 4377/4902/4161 4378/4903/4162 4760/4892/4151
f 4760/4892/4151 4378/4903/4162 4379/4904/4163 4763/4895/4154
f 4763/4895/4154 4379/4904/4163 4279/4819/4085 4349/4818/4084
f 4762/4893/4152 4763/4895/4154 4349/4818/4084 4348/4817/4083
f 4761/4894/4153 4762/4893/4152 4348/4817/4083 4347/4815/4081
f 4649/4905/4164 4761/4894/4153 4347/4815/4081 4314/4814/4080
f 4648/4906/4165 4758/4890/4149 4761/4894/4153 4649/4905/4164
f 4647/4898/4157 4755/4887/4146 4758/4890/4149 4648/4906/4165
f 4764/4907/4166 4765/4908/4167 4768/4909/4168 4767/4910/4169
f 4765/4908/4167 4766/4911/4170 4769/4912/4171 4768/4909/4168
f 4767/4913/4169 4768/4914/4168 4771/4915/4172 4770/4916/4173
f 4768/4914/4168 4769/4917/4171 4772/4918/4174 4771/4915/4172
f 4286/4919/4175 4382/4920/4176 4764/4907/4166 4395/4921/4177
f 4382/4920/4176 4381/4922/4178 4765/4908/4167 4764/4907/4166
f 4381/4922/4178 4380/4923/4179 4766/4911/4170 4765/4908/4167
f 4380/4923/4179 4284/4924/4180 4367/4925/4181 4766/4911/4170
f 4766/4911/4170 4367/4925/4181 4366/4926/4182 4769/4912/4171
f 4769/4917/4171 4366/4927/4182 4365/4928/4183 4772/4918/4174
f 4772/4918/4174 4365/4928/4183 4282/4929/4184 4376/4930/4185
f 4771/4915/4172 4772/4918/4174 4376/4930/4185 4375/4931/4186
f 4770/4916/4173 4771/4915/4172 4375/4931/4186 4374/4932/4187
f 4397/4933/4188 4770/4916/4173 4374/4932/4187 4288/4934/4189
f 4396/4935/4190 4767/4913/4169 4770/4916/4173 4397/4933/4188
f 4395/4921/4177 4764/4907/4166 4767/4910/4169 4396/4936/4190
f 4773/4937/4191 4774/4938/4192 4777/4939/4193 4776/4940/4194
f 4774/4938/4192 4775/4941/4195 4778/4942/4196 4777/4939/4193
f 4776/4943/4194 4777/4944/4193 4780/4945/4197 4779/4946/4198
f 4777/4944/4193 4778/4947/4196 4781/4948/4199 4780/4945/4197
f 4292/4949/4200 4412/4950/4201 4773/4937/4191 4422/4951/4202
f 4412/4950/4201 4411/4952/4203 4774/4938/4192 4773/4937/4191
f 4411/4952/4203 4410/4953/4204 4775/4941/4195 4774/4938/4192
f 4410/4953/4204 4281/4824/4089 4352/4823/4088 4775/4941/4195
f 4775/4941/4195 4352/4823/4088 4351/4822/4087 4778/4942/4196
f 4778/4947/4196 4351/4821/4087 4350/4820/4086 4781/4948/4199
f 4781/4948/4199 4350/4820/4086 4279/4819/4085 4379/4904/4163
f 4780/4945/4197 4781/4948/4199 4379/4904/4163 4378/4903/4162
f 4779/4946/4198 4780/4945/4197 4378/4903/4162 4377/4902/4161
f 4424/4954/4205 4779/4946/4198 4377/4902/4161 4291/4901/4160
f 4423/4955/4206 4776/4943/4194 4779/4946/4198 4424/4954/4205
f 4422/4951/4202 4773/4937/4191 4776/4940/4194 4423/4956/4206
f 4782/4957/4207 4783/4958/4208 4786/4959/4209 4785/4960/4210
f 4783/4958/4208 4784/4961/4211 4787/4962/4212 4786/4959/4209
f 4785/4963/4210 4786/4964/4209 4789/4965/4213 4788/4966/4214
f 4786/4964/4209 4787/4967/4212 4790/4968/4215 4789/4965/4213
f 4285/4850/4114 4361/4849/4113 4782/4957/4207 4368/4969/4216
f 4361/4849/4113 4360/4848/4112 4783/4958/4208 4782/4957/4207
f 4360/4848/4112 4359/4847/4111 4784/4961/4211 4783/4958/4208
f 4359/4847/4111 4287/4846/4110 4392/4970/4217 4784/4961/4211
f 4784/4961/4211 4392/4970/4217 4393/4971/4218 4787/4962/4212
f 4787/4967/4212 4393/4972/4218 4394/4973/4219 4790/4968/4215
f 4790/4968/4215 4394/4973/4219 4289/4974/4220 4391/4975/4221
f 4789/4965/4213 4790/4968/4215 4391/4975/4221 4390/4976/4222
f 4788/4966/4214 4789/4965/4213 4390/4976/4222 4389/4977/4223
f 4370/4978/4224 4788/4966/4214 4389/4977/4223 4283/4979/4225
f 4369/4980/4226 4785/4963/4210 4788/4966/4214 4370/4978/4224
f 4368/4969/4216 4782/4957/4207 4785/4960/4210 4369/4981/4226
f 4791/4982/4227 4792/4983/4228 4795/4984/4229 4794/4985/4230
f 4792/4983/4228 4793/4986/4231 4796/4987/4232 4795/4984/4229
f 4794/4988/4230 4795/4989/4229 4798/4990/4233 4797/4991/4234
f 4795/4989/4229 4796/4992/4232 4799/4993/4235 4798/4990/4233
f 4290/4994/4236 4406/4995/4237 4791/4982/4227 4419/4996/4238
f 4406/4995/4237 4405/4997/4239 4792/4983/4228 4791/4982/4227
f 4405/4997/4239 4404/4998/4240 4793/4986/4231 4792/4983/4228
f 4404/4998/4240 4286/4919/4175 4395/4921/4177 4793/4986/4231
f 4793/4986/4231 4395/4921/4177 4396/4936/4190 4796/4987/4232
f 4796/4992/4232 4396/4935/4190 4397/4933/4188 4799/4993/4235
f 4799/4993/4235 4397/4933/4188 4288/4934/4189 4388/4999/4241
f 4798/4990/4233 4799/4993/4235 4388/4999/4241 4387/5000/4242
f 4797/4991/4234 4798/4990/4233 4387/5000/4242 4386/5001/4243
f 4421/5002/4244 4797/4991/4234 4386/5001/4243 4293/5003/4245
f 4420/5004/4246 4794/4988/4230 4797/4991/4234 4421/5002/4244
f 4419/4996/4238 4791/4982/4227 4794/4985/4230 4420/5005/4246
f 4800/5006/4247 4801/5007/4248 4804/5008/4249 4803/5009/4250
f 4801/5007/4248 4802/5010/4251 4805/5011/4252 4804/5008/4249
f 4803/5009/4250 4804/5008/4249 4807/5012/4253 4806/5013/4254
f 4804/5008/4249 4805/5011/4252 4808/5014/4255 4807/5012/4253
f 4317/5015/4256 4559/5016/4257 4800/5006/4247 4644/5017/4258
f 4559/5016/4257 4558/5018/4259 4801/5007/4248 4800/5006/4247
f 4558/5018/4259 4557/5019/4260 4802/5010/4251 4801/5007/4248
f 4557/5019/4260 4283/4979/4225 4389/4977/4223 4802/5010/4251
f 4802/5010/4251 4389/4977/4223 4390/4976/4222 4805/5011/4252
f 4805/5011/4252 4390/4976/4222 4391/4975/4221 4808/5014/4255
f 4808/5014/4255 4391/4975/4221 4289/4974/4220 4560/5020/4261
f 4807/5012/4253 4808/5014/4255 4560/5020/4261 4561/5021/4262
f 4806/5013/4254 4807/5012/4253 4561/5021/4262 4562/5022/4263
f 4646/5023/4264 4806/5013/4254 4562/5022/4263 4318/5024/4265
f 4645/5025/4266 4803/5009/4250 4806/5013/4254 4646/5023/4264
f 4644/5017/4258 4800/5006/4247 4803/5009/4250 4645/5025/4266
f 4809/5026/4267 4810/5027/4268 4813/5028/4269 4812/5029/4270
f 4810/5027/4268 4811/5030/4271 4814/5031/4272 4813/5028/4269
f 4812/5029/4270 4813/5028/4269 4816/5032/4273 4815/5033/4274
f 4813/5028/4269 4814/5031/4272 4817/5034/4275 4816/5032/4273
f 4320/5035/4276 4568/5036/4277 4809/5026/4267 4641/5037/4278
f 4568/5036/4277 4567/5038/4279 4810/5027/4268 4809/5026/4267
f 4567/5038/4279 4566/5039/4280 4811/5030/4271 4810/5027/4268
f 4566/5039/4280 4292/4949/4200 4383/5040/4281 4811/5030/4271
f 4811/5030/4271 4383/5040/4281 4384/5041/4282 4814/5031/4272
f 4814/5031/4272 4384/5041/4282 4385/5042/4283 4817/5034/4275
f 4817/5034/4275 4385/5042/4283 4287/4846/4110 4563/4845/4109
f 4816/5032/4273 4817/5034/4275 4563/4845/4109 4564/4844/4108
f 4815/5033/4274 4816/5032/4273 4564/4844/4108 4565/4842/4106
f 4643/5043/4284 4815/5033/4274 4565/4842/4106 4319/4841/4105
f 4642/5044/4285 4812/5029/4270 4815/5033/4274 4643/5043/4284
f 4641/5037/4278 4809/5026/4267 4812/5029/4270 4642/5044/4285
f 4818/5045/4286 4819/5046/4287 4822/5047/4288 4821/5048/4289
f 4819/5046/4287 4820/5049/4290 4823/5050/4291 4822/5047/4288
f 4821/5048/4289 4822/5047/4288 4825/5051/4292 4824/5052/4293
f 4822/5047/4288 4823/5050/4291 4826/5053/4294 4825/5051/4292
f 4315/4829/4094 4553/4827/4092 4818/5045/4286 4638/5054/4295
f 4553/4827/4092 4552/4826/4091 4819/5046/4287 4818/5045/4286
f 4552/4826/4091 4551/4825/4090 4820/5049/4290 4819/5046/4287
f 4551/4825/4090 4281/4824/4089 4410/4953/4204 4820/5049/4290
f 4820/5049/4290 4410/4953/4204 4411/4952/4203 4823/5050/4291
f 4823/5050/4291 4411/4952/4203 4412/4950/4201 4826/5053/4294
f 4826/5053/4294 4412/4950/4201 4292/4949/4200 4566/5039/4280
f 4825/5051/4292 4826/5053/4294 4566/5039/4280 4567/5038/4279
f 4824/5052/4293 4825/5051/4292 4567/5038/4279 4568/5036/4277
f 4640/5055/4296 4824/5052/4293 4568/5036/4277 4320/5035/4276
f 4639/5056/4297 4821/5048/4289 4824/5052/4293 4640/5055/4296
f 4638/5054/4295 4818/5045/4286 4821/5048/4289 4639/5056/4297
f 4827/5057/4298 4828/5058/4299 4831/5059/4300 4830/5060/4301
f 4828/5058/4299 4829/5061/4302 4832/5062/4303 4831/5059/4300
f 4830/5063/4301 4831/5064/4300 4834/5065/4304 4833/5066/4305
f 4831/5064/4300 4832/5067/4303 4835/5068/4306 4834/5065/4304
f 4280/5069/4307 4358/5070/4308 4827/5057/4298 4344/5071/4309
f 4358/5070/4308 4357/5072/4310 4828/5058/4299 4827/5057/4298
f 4357/5072/4310 4356/5073/4311 4829/5061/4302 4828/5058/4299
f 4356/5073/4311 4290/4994/4236 4419/4996/4238 4829/5061/4302
f 4829/5061/4302 4419/4996/4238 4420/5005/4246 4832/5062/4303
f 4832/5067/4303 4420/5004/4246 4421/5002/4244 4835/5068/4306
f 4835/5068/4306 4421/5002/4244 4293/5003/4245 4415/5074/4312
f 4834/5065/4304 4835/5068/4306 4415/5074/4312 4414/5075/4313
f 4833/5066/4305 4834/5065/4304 4414/5075/4313 4413/5076/4314
f 4346/5077/4315 4833/5066/4305 4413/5076/4314 4278/5078/4316
f 4345/5079/4317 4830/5063/4301 4833/5066/4305 4346/5077/4315
f 4344/5071/4309 4827/5057/4298 4830/5060/4301 4345/5080/4317
f 4836/5081/4318 4837/5082/4319 4840/5083/4320 4839/5084/4321
f 4837/5082/4319 4838/5085/4322 4841/5086/4323 4840/5083/4320
f 4839/5087/4321 4840/5088/4320 4843/5089/4324 4842/5090/4325
f 4840/5088/4320 4841/5091/4323 4844/5092/4326 4843/5089/4324
f 4287/4846/4110 4385/5042/4283 4836/5081/4318 4392/4970/4217
f 4385/5042/4283 4384/5041/4282 4837/5082/4319 4836/5081/4318
f 4384/5041/4282 4383/5040/4281 4838/5085/4322 4837/5082/4319
f 4383/5040/4281 4292/4949/4200 4422/4951/4202 4838/5085/4322
f 4838/5085/4322 4422/4951/4202 4423/4956/4206 4841/5086/4323
f 4841/5091/4323 4423/4955/4206 4424/4954/4205 4844/5092/4326
f 4844/5092/4326 4424/4954/4205 4291/4901/4160 4409/5093/4327
f 4843/5089/4324 4844/5092/4326 4409/5093/4327 4408/5094/4328
f 4842/5090/4325 4843/5089/4324 4408/5094/4328 4407/5095/4329
f 4394/4973/4219 4842/5090/4325 4407/5095/4329 4289/4974/4220
f 4393/4972/4218 4839/5087/4321 4842/5090/4325 4394/4973/4219
f 4392/4970/4217 4836/5081/4318 4839/5084/4321 4393/4971/4218
f 4845/5096/4330 4846/5097/4331 4849/5098/4332 4848/5099/4333
f 4846/5097/4331 4847/5100/4334 4850/5101/4335 4849/5098/4332
f 4848/5099/4333 4849/5098/4332 4852/5102/4336 4851/5103/4337
f 4849/5098/4332 4850/5101/4335 4853/5104/4338 4852/5102/4336
f 4318/5024/4265 4562/5022/4263 4845/5096/4330 4635/5105/4339
f 4562/5022/4263 4561/5021/4262 4846/5097/4331 4845/5096/4330
f 4561/5021/4262 4560/5020/4261 4847/5100/4334 4846/5097/4331
f 4560/5020/4261 4289/4974/4220 4407/5095/4329 4847/5100/4334
f 4847/5100/4334 4407/5095/4329 4408/5094/4328 4850/5101/4335
f 4850/5101/4335 4408/5094/4328 4409/5093/4327 4853/5104/4338
f 4853/5104/4338 4409/5093/4327 4291/4901/4160 4569/4900/4159
f 4852/5102/4336 4853/5104/4338 4569/4900/4159 4570/4899/4158
f 4851/5103/4337 4852/5102/4336 4570/4899/4158 4571/4897/4156
f 4637/5106/4340 4851/5103/4337 4571/4897/4156 4321/4896/4155
f 4636/5107/4341 4848/5099/4333 4851/5103/4337 4637/5106/4340
f 4635/5105/4339 4845/5096/4330 4848/5099/4333 4636/5107/4341
f 4854/5108/4342 4855/5109/4343 4858/5110/4344 4857/5111/4345
f 4855/5112/4343 4856/5113/4346 4859/5114/4347 4858/5115/4344
f 4857/5111/4345 4858/5110/4344 4861/5116/4348 4860/5117/4349
f 4858/5115/4344 4859/5114/4347 4862/5118/4350 4861/5119/4348
f 4294/4885/4144 4434/4883/4142 4854/5108/4342 4469/5120/4351
f 4434/4883/4142 4435/4882/4141 4855/5109/4343 4854/5108/4342
f 4435/4881/4141 4436/4880/4140 4856/5113/4346 4855/5112/4343
f 4436/4880/4140 4297/4879/4139 4464/5121/4352 4856/5113/4346
f 4856/5113/4346 4464/5121/4352 4465/5122/4353 4859/5114/4347
f 4859/5114/4347 4465/5122/4353 4466/5123/4354 4862/5118/4350
f 4862/5118/4350 4466/5123/4354 4301/5124/4355 4460/5125/4356
f 4861/5119/4348 4862/5118/4350 4460/5125/4356 4459/5126/4357
f 4860/5117/4349 4861/5116/4348 4459/5127/4357 4458/5128/4358
f 4467/5129/4359 4860/5117/4349 4458/5128/4358 4298/5130/4360
f 4468/5131/4361 4857/5111/4345 4860/5117/4349 4467/5129/4359
f 4469/5120/4351 4854/5108/4342 4857/5111/4345 4468/5131/4361
f 4863/5132/4362 4864/5133/4363 4867/5134/4364 4866/5135/4365
f 4864/5133/4363 4865/5136/4366 4868/5137/4367 4867/5134/4364
f 4866/5135/4365 4867/5134/4364 4870/5138/4368 4869/5139/4369
f 4867/5134/4364 4868/5137/4367 4871/5140/4370 4870/5138/4368
f 4337/5141/4371 4688/5142/4372 4863/5132/4362 4632/5143/4373
f 4688/5142/4372 4687/5144/4374 4864/5133/4363 4863/5132/4362
f 4687/5144/4374 4686/5145/4375 4865/5136/4366 4864/5133/4363
f 4686/5145/4375 4333/4869/4130 4661/4871/4132 4865/5136/4366
f 4865/5136/4366 4661/4871/4132 4660/4886/4145 4868/5137/4367
f 4868/5137/4367 4660/4886/4145 4659/4884/4143 4871/5140/4370
f 4871/5140/4370 4659/4884/4143 4294/4885/4144 4572/5146/4376
f 4870/5138/4368 4871/5140/4370 4572/5146/4376 4573/5147/4377
f 4869/5139/4369 4870/5138/4368 4573/5147/4377 4574/5148/4378
f 4634/5149/4379 4869/5139/4369 4574/5148/4378 4322/5150/4380
f 4633/5151/4381 4866/5135/4365 4869/5139/4369 4634/5149/4379
f 4632/5143/4373 4863/5132/4362 4866/5135/4365 4633/5151/4381
f 4872/5152/4382 4873/5153/4383 4876/5154/4384 4875/5155/4385
f 4873/5153/4383 4874/5156/4386 4877/5157/4387 4876/5154/4384
f 4875/5155/4385 4876/5154/4384 4879/5158/4388 4878/5159/4389
f 4876/5154/4384 4877/5157/4387 4880/5160/4390 4879/5158/4388
f 4336/5161/4391 4685/5162/4392 4872/5152/4382 4629/5163/4393
f 4685/5162/4392 4684/5164/4394 4873/5153/4383 4872/5152/4382
f 4684/5164/4394 4683/5165/4395 4874/5156/4386 4873/5153/4383
f 4683/5165/4395 4335/5166/4396 4449/5167/4397 4874/5156/4386
f 4874/5156/4386 4449/5167/4397 4450/5168/4398 4877/5157/4387
f 4877/5157/4387 4450/5168/4398 4451/5169/4399 4880/5160/4390
f 4880/5160/4390 4451/5169/4399 4296/5170/4400 4439/5171/4401
f 4879/5158/4388 4880/5160/4390 4439/5171/4401 4438/5172/4402
f 4878/5159/4389 4879/5158/4388 4438/5172/4402 4437/5173/4403
f 4631/5174/4404 4878/5159/4389 4437/5173/4403 4323/5175/4405
f 4630/5176/4406 4875/5155/4385 4878/5159/4389 4631/5174/4404
f 4629/5163/4393 4872/5152/4382 4875/5155/4385 4630/5176/4406
f 4881/5177/4407 4882/5178/4408 4885/5179/4409 4884/5180/4410
f 4882/5181/4408 4883/5182/4411 4886/5183/4412 4885/5184/4409
f 4884/5180/4410 4885/5179/4409 4888/5185/4413 4887/5186/4414
f 4885/5184/4409 4886/5183/4412 4889/5187/4415 4888/5188/4413
f 4335/5166/4396 4682/5189/4416 4881/5177/4407 4449/5167/4397
f 4682/5189/4416 4681/5190/4417 4882/5178/4408 4881/5177/4407
f 4681/5191/4417 4680/5192/4418 4883/5182/4411 4882/5181/4408
f 4680/5192/4418 4334/5193/4419 4664/5194/4420 4883/5182/4411
f 4883/5182/4411 4664/5194/4420 4663/5195/4421 4886/5183/4412
f 4886/5183/4412 4663/5195/4421 4662/5196/4422 4889/5187/4415
f 4889/5187/4415 4662/5196/4422 4295/5197/4423 4433/5198/4424
f 4888/5188/4413 4889/5187/4415 4433/5198/4424 4432/5199/4425
f 4887/5186/4414 4888/5185/4413 4432/5200/4425 4431/5201/4426
f 4451/5169/4399 4887/5186/4414 4431/5201/4426 4296/5170/4400
f 4450/5168/4398 4884/5180/4410 4887/5186/4414 4451/5169/4399
f 4449/5167/4397 4881/5177/4407 4884/5180/4410 4450/5168/4398
f 4890/5202/4427 4891/5203/4428 4894/5204/4429 4893/5205/4430
f 4891/5203/4428 4892/5206/4431 4895/5207/4432 4894/5204/4429
f 4893/5205/4430 4894/5204/4429 4897/5208/4433 4896/5209/4434
f 4894/5204/4429 4895/5207/4432 4898/5210/4435 4897/5208/4433
f 4325/5211/4436 4461/5212/4437 4890/5202/4427 4626/5213/4438
f 4461/5212/4437 4462/5214/4439 4891/5203/4428 4890/5202/4427
f 4462/5214/4439 4463/5215/4440 4892/5206/4431 4891/5203/4428
f 4463/5215/4440 4300/5216/4441 4488/5217/4442 4892/5206/4431
f 4892/5206/4431 4488/5217/4442 4489/5218/4443 4895/5207/4432
f 4895/5207/4432 4489/5218/4443 4490/5219/4444 4898/5210/4435
f 4898/5210/4435 4490/5219/4444 4304/5220/4445 4487/5221/4446
f 4897/5208/4433 4898/5210/4435 4487/5221/4446 4486/5222/4447
f 4896/5209/4434 4897/5208/4433 4486/5222/4447 4485/5223/4448
f 4628/5224/4449 4896/5209/4434 4485/5223/4448 4327/5225/4450
f 4627/5226/4451 4893/5205/4430 4896/5209/4434 4628/5224/4449
f 4626/5213/4438 4890/5202/4427 4893/5205/4430 4627/5226/4451
f 4899/5227/4452 4900/5228/4453 4903/5229/4454 4902/5230/4455
f 4900/5228/4453 4901/5231/4456 4904/5232/4457 4903/5229/4454
f 4902/5230/4455 4903/5229/4454 4906/5233/4458 4905/5234/4459
f 4903/5229/4454 4904/5232/4457 4907/5235/4460 4906/5233/4458
f 4322/5150/4380 4574/5148/4378 4899/5227/4452 4623/5236/4461
f 4574/5148/4378 4573/5147/4377 4900/5228/4453 4899/5227/4452
f 4573/5147/4377 4572/5146/4376 4901/5231/4456 4900/5228/4453
f 4572/5146/4376 4294/4885/4144 4469/5120/4351 4901/5231/4456
f 4901/5231/4456 4469/5120/4351 4468/5131/4361 4904/5232/4457
f 4904/5232/4457 4468/5131/4361 4467/5129/4359 4907/5235/4460
f 4907/5235/4460 4467/5129/4359 4298/5130/4360 4578/5237/4462
f 4906/5233/4458 4907/5235/4460 4578/5237/4462 4579/5238/4463
f 4905/5234/4459 4906/5233/4458 4579/5238/4463 4580/5239/4464
f 4625/5240/4465 4905/5234/4459 4580/5239/4464 4324/5241/4466
f 4624/5242/4467 4902/5230/4455 4905/5234/4459 4625/5240/4465
f 4623/5236/4461 4899/5227/4452 4902/5230/4455 4624/5242/4467
f 4908/5243/4468 4909/5244/4469 4912/5245/4470 4911/5246/4471
f 4909/5244/4469 4910/5247/4472 4913/5248/4473 4912/5245/4470
f 4911/5246/4471 4912/5245/4470 4915/5249/4474 4914/5250/4475
f 4912/5245/4470 4913/5248/4473 4916/5251/4476 4915/5249/4474
f 4323/5175/4405 4437/5173/4403 4908/5243/4468 4620/5252/4477
f 4437/5173/4403 4438/5172/4402 4909/5244/4469 4908/5243/4468
f 4438/5172/4402 4439/5171/4401 4910/5247/4472 4909/5244/4469
f 4439/5171/4401 4296/5170/4400 4473/5253/4478 4910/5247/4472
f 4910/5247/4472 4473/5253/4478 4474/5254/4479 4913/5248/4473
f 4913/5248/4473 4474/5254/4479 4475/5255/4480 4916/5251/4476
f 4916/5251/4476 4475/5255/4480 4300/5216/4441 4463/5215/4440
f 4915/5249/4474 4916/5251/4476 4463/5215/4440 4462/5214/4439
f 4914/5250/4475 4915/5249/4474 4462/5214/4439 4461/5212/4437
f 4622/5256/4481 4914/5250/4475 4461/5212/4437 4325/5211/4436
f 4621/5257/4482 4911/5246/4471 4914/5250/4475 4622/5256/4481
f 4620/5252/4477 4908/5243/4468 4911/5246/4471 4621/5257/4482
f 4917/5258/4483 4918/5259/4484 4921/5260/4485 4920/5261/4486
f 4918/5262/4484 4919/5263/4487 4922/5264/4488 4921/5265/4485
f 4920/5261/4486 4921/5260/4485 4924/5266/4489 4923/5267/4490
f 4921/5265/4485 4922/5264/4488 4925/5268/4491 4924/5269/4489
f 4296/5170/4400 4431/5201/4426 4917/5258/4483 4473/5253/4478
f 4431/5201/4426 4432/5200/4425 4918/5259/4484 4917/5258/4483
f 4432/5199/4425 4433/5198/4424 4919/5263/4487 4918/5262/4484
f 4433/5198/4424 4295/5197/4423 4472/5270/4492 4919/5263/4487
f 4919/5263/4487 4472/5270/4492 4471/5271/4493 4922/5264/4488
f 4922/5264/4488 4471/5271/4493 4470/5272/4494 4925/5268/4491
f 4925/5268/4491 4470/5272/4494 4299/5273/4495 4457/5274/4496
f 4924/5269/4489 4925/5268/4491 4457/5274/4496 4456/5275/4497
f 4923/5267/4490 4924/5266/4489 4456/5276/4497 4455/5277/4498
f 4475/5255/4480 4923/5267/4490 4455/5277/4498 4300/5216/4441
f 4474/5254/4479 4920/5261/4486 4923/5267/4490 4475/5255/4480
f 4473/5253/4478 4917/5258/4483 4920/5261/4486 4474/5254/4479
f 4926/5278/4499 4927/5279/4500 4930/5280/4501 4929/5281/4502
f 4927/5282/4500 4928/5283/4503 4931/5284/4504 4930/5285/4501
f 4929/5281/4502 4930/5280/4501 4933/5286/4505 4932/5287/4506
f 4930/5285/4501 4931/5284/4504 4934/5288/4507 4933/5289/4505
f 4311/5290/4508 4547/5291/4509 4926/5278/4499 4529/5292/4510
f 4547/5291/4509 4546/5293/4511 4927/5279/4500 4926/5278/4499
f 4546/5294/4511 4545/5295/4512 4928/5283/4503 4927/5282/4500
f 4545/5295/4512 4310/5296/4513 4512/5297/4514 4928/5283/4503
f 4928/5283/4503 4512/5297/4514 4513/5298/4515 4931/5284/4504
f 4931/5284/4504 4513/5298/4515 4514/5299/4516 4934/5288/4507
f 4934/5288/4507 4514/5299/4516 4309/5300/4517 4508/5301/4518
f 4933/5289/4505 4934/5288/4507 4508/5301/4518 4507/5302/4519
f 4932/5287/4506 4933/5286/4505 4507/5303/4519 4506/5304/4520
f 4527/5305/4521 4932/5287/4506 4506/5304/4520 4306/5306/4522
f 4528/5307/4523 4929/5281/4502 4932/5287/4506 4527/5305/4521
f 4529/5292/4510 4926/5278/4499 4929/5281/4502 4528/5307/4523
f 4935/5308/4524 4936/5309/4525 4939/5310/4526 4938/5311/4527
f 4936/5312/4525 4937/5313/4528 4940/5314/4529 4939/5315/4526
f 4938/5311/4527 4939/5310/4526 4942/5316/4530 4941/5317/4531
f 4939/5315/4526 4940/5314/4529 4943/5318/4532 4942/5319/4530
f 4300/5216/4441 4455/5277/4498 4935/5308/4524 4488/5217/4442
f 4455/5277/4498 4456/5276/4497 4936/5309/4525 4935/5308/4524
f 4456/5275/4497 4457/5274/4496 4937/5313/4528 4936/5312/4525
f 4457/5274/4496 4299/5273/4495 4494/5320/4533 4937/5313/4528
f 4937/5313/4528 4494/5320/4533 4495/5321/4534 4940/5314/4529
f 4940/5314/4529 4495/5321/4534 4496/5322/4535 4943/5318/4532
f 4943/5318/4532 4496/5322/4535 4303/5323/4536 4481/5324/4537
f 4942/5319/4530 4943/5318/4532 4481/5324/4537 4480/5325/4538
f 4941/5317/4531 4942/5316/4530 4480/5326/4538 4479/5327/4539
f 4490/5219/4444 4941/5317/4531 4479/5327/4539 4304/5220/4445
f 4489/5218/4443 4938/5311/4527 4941/5317/4531 4490/5219/4444
f 4488/5217/4442 4935/5308/4524 4938/5311/4527 4489/5218/4443
f 4944/5328/4540 4945/5329/4541 4948/5330/4542 4947/5331/4543
f 4945/5332/4541 4946/5333/4544 4949/5334/4545 4948/5335/4542
f 4947/5331/4543 4948/5330/4542 4951/5336/4546 4950/5337/4547
f 4948/5335/4542 4949/5334/4545 4952/5338/4548 4951/5339/4546
f 4298/5130/4360 4458/5128/4358 4944/5328/4540 4499/5340/4549
f 4458/5128/4358 4459/5127/4357 4945/5329/4541 4944/5328/4540
f 4459/5126/4357 4460/5125/4356 4946/5333/4544 4945/5332/4541
f 4460/5125/4356 4301/5124/4355 4493/5341/4550 4946/5333/4544
f 4946/5333/4544 4493/5341/4550 4492/5342/4551 4949/5334/4545
f 4949/5334/4545 4492/5342/4551 4491/5343/4552 4952/5338/4548
f 4952/5338/4548 4491/5343/4552 4305/5344/4553 4484/5345/4554
f 4951/5339/4546 4952/5338/4548 4484/5345/4554 4483/5346/4555
f 4950/5337/4547 4951/5336/4546 4483/5347/4555 4482/5348/4556
f 4497/5349/4557 4950/5337/4547 4482/5348/4556 4302/5350/4558
f 4498/5351/4559 4947/5331/4543 4950/5337/4547 4497/5349/4557
f 4499/5340/4549 4944/5328/4540 4947/5331/4543 4498/5351/4559
f 4953/5352/4560 4954/5353/4561 4957/5354/4562 4956/5355/4563
f 4954/5353/4561 4955/5356/4564 4958/5357/4565 4957/5354/4562
f 4956/5355/4563 4957/5354/4562 4960/5358/4566 4959/5359/4567
f 4957/5354/4562 4958/5357/4565 4961/5360/4568 4960/5358/4566
f 4324/5241/4466 4580/5239/4464 4953/5352/4560 4617/5361/4569
f 4580/5239/4464 4579/5238/4463 4954/5353/4561 4953/5352/4560
f 4579/5238/4463 4578/5237/4462 4955/5356/4564 4954/5353/4561
f 4578/5237/4462 4298/5130/4360 4499/5340/4549 4955/5356/4564
f 4955/5356/4564 4499/5340/4549 4498/5351/4559 4958/5357/4565
f 4958/5357/4565 4498/5351/4559 4497/5349/4557 4961/5360/4568
f 4961/5360/4568 4497/5349/4557 4302/5350/4558 4584/5362/4570
f 4960/5358/4566 4961/5360/4568 4584/5362/4570 4585/5363/4571
f 4959/5359/4567 4960/5358/4566 4585/5363/4571 4586/5364/4572
f 4619/5365/4573 4959/5359/4567 4586/5364/4572 4326/5366/4574
f 4618/5367/4575 4956/5355/4563 4959/5359/4567 4619/5365/4573
f 4617/5361/4569 4953/5352/4560 4956/5355/4563 4618/5367/4575
f 4962/5368/4576 4963/5369/4577 4966/5370/4578 4965/5371/4579
f 4963/5369/4577 4964/5372/4580 4967/5373/4581 4966/5370/4578
f 4965/5374/4579 4966/5375/4578 4969/5376/4582 4968/5377/4583
f 4966/5375/4578 4967/5378/4581 4970/5379/4584 4969/5376/4582
f 4328/5380/4585 4592/5381/4586 4962/5368/4576 4614/5382/4587
f 4592/5381/4586 4591/5383/4588 4963/5369/4577 4962/5368/4576
f 4591/5383/4588 4590/5384/4589 4964/5372/4580 4963/5369/4577
f 4590/5384/4589 4306/5306/4522 4506/5304/4520 4964/5372/4580
f 4964/5372/4580 4506/5304/4520 4507/5303/4519 4967/5373/4581
f 4967/5378/4581 4507/5302/4519 4508/5301/4518 4970/5379/4584
f 4970/5379/4584 4508/5301/4518 4309/5300/4517 4593/5385/4590
f 4969/5376/4582 4970/5379/4584 4593/5385/4590 4594/5386/4591
f 4968/5377/4583 4969/5376/4582 4594/5386/4591 4595/5387/4592
f 4616/5388/4593 4968/5377/4583 4595/5387/4592 4329/5389/4594
f 4615/5390/4595 4965/5374/4579 4968/5377/4583 4616/5388/4593
f 4614/5382/4587 4962/5368/4576 4965/5371/4579 4615/5391/4595
f 4971/5392/4596 4972/5393/4597 4975/5394/4598 4974/5395/4599
f 4972/5393/4597 4973/5396/4600 4976/5397/4601 4975/5394/4598
f 4974/5395/4599 4975/5394/4598 4978/5398/4602 4977/5399/4603
f 4975/5394/4598 4976/5397/4601 4979/5400/4604 4978/5398/4602
f 4331/5401/4605 4601/5402/4606 4971/5392/4596 4611/5403/4607
f 4601/5402/4606 4600/5404/4608 4972/5393/4597 4971/5392/4596
f 4600/5404/4608 4599/5405/4609 4973/5396/4600 4972/5393/4597
f 4599/5405/4609 4311/5290/4508 4529/5292/4510 4973/5396/4600
f 4973/5396/4600 4529/5292/4510 4528/5307/4523 4976/5397/4601
f 4976/5397/4601 4528/5307/4523 4527/5305/4521 4979/5400/4604
f 4979/5400/4604 4527/5305/4521 4306/5306/4522 4590/5384/4589
f 4978/5398/4602 4979/5400/4604 4590/5384/4589 4591/5383/4588
f 4977/5399/4603 4978/5398/4602 4591/5383/4588 4592/5381/4586
f 4613/5406/4610 4977/5399/4603 4592/5381/4586 4328/5380/4585
f 4612/5407/4611 4974/5395/4599 4977/5399/4603 4613/5406/4610
f 4611/5403/4607 4971/5392/4596 4974/5395/4599 4612/5407/4611
f 4980/5408/4612 4981/5409/4613 4984/5410/4614 4983/5411/4615
f 4981/5409/4613 4982/5412/4616 4985/5413/4617 4984/5410/4614
f 4983/5411/4615 4984/5410/4614 4987/5414/4618 4986/5415/4619
f 4984/5410/4614 4985/5413/4617 4988/5416/4620 4987/5414/4618
f 4330/5417/4621 4598/5418/4622 4980/5408/4612 4608/5419/4623
f 4598/5418/4622 4597/5420/4624 4981/5409/4613 4980/5408/4612
f 4597/5420/4624 4596/5421/4625 4982/5412/4616 4981/5409/4613
f 4596/5421/4625 4313/5422/4626 4521/5423/4627 4982/5412/4616
f 4982/5412/4616 4521/5423/4627 4522/5424/4628 4985/5413/4617
f 4985/5413/4617 4522/5424/4628 4523/5425/4629 4988/5416/4620
f 4988/5416/4620 4523/5425/4629 4308/5426/4630 4511/5427/4631
f 4987/5414/4618 4988/5416/4620 4511/5427/4631 4510/5428/4632
f 4986/5415/4619 4987/5414/4618 4510/5428/4632 4509/5429/4633
f 4610/5430/4634 4986/5415/4619 4509/5429/4633 4329/5389/4594
f 4609/5431/4635 4983/5411/4615 4986/5415/4619 4610/5430/4634
f 4608/5419/4623 4980/5408/4612 4983/5411/4615 4609/5431/4635
f 4989/5432/4636 4990/5433/4637 4993/5434/4638 4992/5435/4639
f 4990/5436/4637 4991/5437/4640 4994/5438/4641 4993/5439/4638
f 4992/5435/4639 4993/5434/4638 4996/5440/4642 4995/5441/4643
f 4993/5439/4638 4994/5438/4641 4997/5442/4644 4996/5443/4642
f 4313/5422/4626 4538/5444/4645 4989/5432/4636 4521/5423/4627
f 4538/5444/4645 4537/5445/4646 4990/5433/4637 4989/5432/4636
f 4537/5446/4646 4536/5447/4647 4991/5437/4640 4990/5436/4637
f 4536/5447/4647 4312/5448/4648 4532/5449/4649 4991/5437/4640
f 4991/5437/4640 4532/5449/4649 4531/5450/4650 4994/5438/4641
f 4994/5438/4641 4531/5450/4650 4530/5451/4651 4997/5442/4644
f 4997/5442/4644 4530/5451/4651 4307/5452/4652 4505/5453/4653
f 4996/5443/4642 4997/5442/4644 4505/5453/4653 4504/5454/4654
f 4995/5441/4643 4996/5440/4642 4504/5455/4654 4503/5456/4655
f 4523/5425/4629 4995/5441/4643 4503/5456/4655 4308/5426/4630
f 4522/5424/4628 4992/5435/4639 4995/5441/4643 4523/5425/4629
f 4521/5423/4627 4989/5432/4636 4992/5435/4639 4522/5424/4628
f 4998/5457/4656 4999/5458/4657 5002/5459/4658 5001/5460/4659
f 4999/5461/4657 5000/5462/4660 5003/5463/4661 5002/5464/4658
f 5001/5460/4659 5002/5459/4658 5005/5465/4662 5004/5466/4663
f 5002/5464/4658 5003/5463/4661 5006/5467/4664 5005/5468/4662
f 4341/5469/4665 4727/5470/4666 4998/5457/4656 4533/5471/4667
f 4727/5470/4666 4726/5472/4668 4999/5458/4657 4998/5457/4656
f 4726/5473/4668 4725/5474/4669 5000/5462/4660 4999/5461/4657
f 4725/5474/4669 4339/5475/4670 4697/5476/4671 5000/5462/4660
f 5000/5462/4660 4697/5476/4671 4696/5477/4672 5003/5463/4661
f 5003/5463/4661 4696/5477/4672 4695/5478/4673 5006/5467/4664
f 5006/5467/4664 4695/5478/4673 4312/5448/4648 4536/5447/4647
f 5005/5468/4662 5006/5467/4664 4536/5447/4647 4537/5446/4646
f 5004/5466/4663 5005/5465/4662 4537/5445/4646 4538/5444/4645
f 4535/5479/4674 5004/5466/4663 4538/5444/4645 4313/5422/4626
f 4534/5480/4675 5001/5460/4659 5004/5466/4663 4535/5479/4674
f 4533/5471/4667 4998/5457/4656 5001/5460/4659 4534/5480/4675
f 5007/5481/4676 5008/5482/4677 5011/5483/4678 5010/5484/4679
f 5008/5482/4677 5009/5485/4680 5012/5486/4681 5011/5483/4678
f 5010/5484/4679 5011/5483/4678 5014/5487/4682 5013/5488/4683
f 5011/5483/4678 5012/5486/4681 5015/5489/4684 5014/5487/4682
f 4343/5490/4685 4724/5491/4686 5007/5481/4676 4605/5492/4687
f 4724/5491/4686 4723/5493/4688 5008/5482/4677 5007/5481/4676
f 4723/5493/4688 4722/5494/4689 5009/5485/4680 5008/5482/4677
f 4722/5494/4689 4341/5469/4665 4533/5471/4667 5009/5485/4680
f 5009/5485/4680 4533/5471/4667 4534/5480/4675 5012/5486/4681
f 5012/5486/4681 4534/5480/4675 4535/5479/4674 5015/5489/4684
f 5015/5489/4684 4535/5479/4674 4313/5422/4626 4596/5421/4625
f 5014/5487/4682 5015/5489/4684 4596/5421/4625 4597/5420/4624
f 5013/5488/4683 5014/5487/4682 4597/5420/4624 4598/5418/4622
f 4607/5495/4690 5013/5488/4683 4598/5418/4622 4330/5417/4621
f 4606/5496/4691 5010/5484/4679 5013/5488/4683 4607/5495/4690
f 4605/5492/4687 5007/5481/4676 5010/5484/4679 4606/5496/4691
f 5016/5497/4692 5017/5498/4693 5020/5499/4694 5019/5500/4695
f 5017/5498/4693 5018/5501/4696 5021/5502/4697 5020/5499/4694
f 5019/5500/4695 5020/5499/4694 5023/5503/4698 5022/5504/4699
f 5020/5499/4694 5021/5502/4697 5024/5505/4700 5023/5503/4698
f 4342/5506/4701 4721/5507/4702 5016/5497/4692 4602/5508/4703
f 4721/5507/4702 4720/5509/4704 5017/5498/4693 5016/5497/4692
f 4720/5509/4704 4719/5510/4705 5018/5501/4696 5017/5498/4693
f 4719/5510/4705 4338/5511/4706 4694/5512/4707 5018/5501/4696
f 5018/5501/4696 4694/5512/4707 4693/5513/4708 5021/5502/4697
f 5021/5502/4697 4693/5513/4708 4692/5514/4709 5024/5505/4700
f 5024/5505/4700 4692/5514/4709 4311/5290/4508 4599/5405/4609
f 5023/5503/4698 5024/5505/4700 4599/5405/4609 4600/5404/4608
f 5022/5504/4699 5023/5503/4698 4600/5404/4608 4601/5402/4606
f 4604/5515/4710 5022/5504/4699 4601/5402/4606 4331/5401/4605
f 4603/5516/4711 5019/5500/4695 5022/5504/4699 4604/5515/4710
f 4602/5508/4703 5016/5497/4692 5019/5500/4695 4603/5516/4711
f 5025/5517/4712 5026/5518/4713 5029/5519/4714 5028/5520/4715
f 5026/5521/4713 5027/5522/4716 5030/5523/4717 5029/5524/4714
f 5028/5520/4715 5029/5519/4714 5032/5525/4718 5031/5526/4719
f 5029/5524/4714 5030/5523/4717 5033/5527/4720 5032/5528/4718
f 4338/5511/4706 4718/5529/4721 5025/5517/4712 4694/5512/4707
f 4718/5529/4721 4717/5530/4722 5026/5518/4713 5025/5517/4712
f 4717/5531/4722 4716/5532/4723 5027/5522/4716 5026/5521/4713
f 4716/5532/4723 4340/5533/4724 4524/5534/4725 5027/5522/4716
f 5027/5522/4716 4524/5534/4725 4525/5535/4726 5030/5523/4717
f 5030/5523/4717 4525/5535/4726 4526/5536/4727 5033/5527/4720
f 5033/5527/4720 4526/5536/4727 4310/5296/4513 4545/5295/4512
f 5032/5528/4718 5033/5527/4720 4545/5295/4512 4546/5294/4511
f 5031/5526/4719 5032/5525/4718 4546/5293/4511 4547/5291/4509
f 4692/5514/4709 5031/5526/4719 4547/5291/4509 4311/5290/4508
f 4693/5513/4708 5028/5520/4715 5031/5526/4719 4692/5514/4709
f 4694/5512/4707 5025/5517/4712 5028/5520/4715 4693/5513/4708
f 5034/5537/4728 5035/5538/4729 5038/5539/4730 5037/5540/4731
f 5035/5538/4729 5036/5541/4732 5039/5542/4733 5038/5539/4730
f 5037/5540/4731 5038/5539/4730 5041/5543/4734 5040/5544/4735
f 5038/5539/4730 5039/5542/4733 5042/5545/4736 5041/5543/4734
f 4339/5475/4670 4715/5546/4737 5034/5537/4728 4697/5476/4671
f 4715/5546/4737 4714/5547/4738 5035/5538/4729 5034/5537/4728
f 4714/5547/4738 4713/5548/4739 5036/5541/4732 5035/5538/4729
f 4713/5548/4739 4342/5506/4701 4602/5508/4703 5036/5541/4732
f 5036/5541/4732 4602/5508/4703 4603/5516/4711 5039/5542/4733
f 5039/5542/4733 4603/5516/4711 4604/5515/4710 5042/5545/4736
f 5042/5545/4736 4604/5515/4710 4331/5401/4605 4542/5549/4740
f 5041/5543/4734 5042/5545/4736 4542/5549/4740 4543/5550/4741
f 5040/5544/4735 5041/5543/4734 4543/5550/4741 4544/5551/4742
f 4695/5478/4673 5040/5544/4735 4544/5551/4742 4312/5448/4648
f 4696/5477/4672 5037/5540/4731 5040/5544/4735 4695/5478/4673
f 4697/5476/4671 5034/5537/4728 5037/5540/4731 4696/5477/4672
f 5043/5552/4743 5044/5553/4744 5047/5554/4745 5046/5555/4746
f 5044/5553/4744 5045/5556/4747 5048/5557/4748 5047/5554/4745
f 5046/5555/4746 5047/5554/4745 5050/5558/4749 5049/5559/4750
f 5047/5554/4745 5048/5557/4748 5051/5560/4751 5050/5558/4749
f 4340/5533/4724 4712/5561/4752 5043/5552/4743 4524/5534/4725
f 4712/5561/4752 4711/5562/4753 5044/5553/4744 5043/5552/4743
f 4711/5562/4753 4710/5563/4754 5045/5556/4747 5044/5553/4744
f 4710/5563/4754 4343/5490/4685 4605/5492/4687 5045/5556/4747
f 5045/5556/4747 4605/5492/4687 4606/5496/4691 5048/5557/4748
f 5048/5557/4748 4606/5496/4691 4607/5495/4690 5051/5560/4751
f 5051/5560/4751 4607/5495/4690 4330/5417/4621 4539/5564/4755
f 5050/5558/4749 5051/5560/4751 4539/5564/4755 4540/5565/4756
f 5049/5559/4750 5050/5558/4749 4540/5565/4756 4541/5566/4757
f 4526/5536/4727 5049/5559/4750 4541/5566/4757 4310/5296/4513
f 4525/5535/4726 5046/5555/4746 5049/5559/4750 4526/5536/4727
f 4524/5534/4725 5043/5552/4743 5046/5555/4746 4525/5535/4726
f 5052/5567/4758 5053/5568/4759 5056/5569/4760 5055/5570/4761
f 5053/5568/4759 5054/5571/4762 5057/5572/4763 5056/5569/4760
f 5055/5570/4761 5056/5569/4760 5059/5573/4764 5058/5574/4765
f 5056/5569/4760 5057/5572/4763 5060/5575/4766 5059/5573/4764
f 4310/5296/4513 4541/5566/4757 5052/5567/4758 4512/5297/4514
f 4541/5566/4757 4540/5565/4756 5053/5568/4759 5052/5567/4758
f 4540/5565/4756 4539/5564/4755 5054/5571/4762 5053/5568/4759
f 4539/5564/4755 4330/5417/4621 4608/5419/4623 5054/5571/4762
f 5054/5571/4762 4608/5419/4623 4609/5431/4635 5057/5572/4763
f 5057/5572/4763 4609/5431/4635 4610/5430/4634 5060/5575/4766
f 5060/5575/4766 4610/5430/4634 4329/5389/4594 4595/5387/4592
f 5059/5573/4764 5060/5575/4766 4595/5387/4592 4594/5386/4591
f 5058/5574/4765 5059/5573/4764 4594/5386/4591 4593/5385/4590
f 4514/5299/4516 5058/5574/4765 4593/5385/4590 4309/5300/4517
f 4513/5298/4515 5055/5570/4761 5058/5574/4765 4514/5299/4516
f 4512/5297/4514 5052/5567/4758 5055/5570/4761 4513/5298/4515
f 5061/5576/4767 5062/5577/4768 5065/5578/4769 5064/5579/4770
f 5062/5577/4768 5063/5580/4771 5066/5581/4772 5065/5578/4769
f 5064/5579/4770 5065/5578/4769 5068/5582/4773 5067/5583/4774
f 5065/5578/4769 5066/5581/4772 5069/5584/4775 5068/5582/4773
f 4312/5448/4648 4544/5551/4742 5061/5576/4767 4532/5449/4649
f 4544/5551/4742 4543/5550/4741 5062/5577/4768 5061/5576/4767
f 4543/5550/4741 4542/5549/4740 5063/5580/4771 5062/5577/4768
f 4542/5549/4740 4331/5401/4605 4611/5403/4607 5063/5580/4771
f 5063/5580/4771 4611/5403/4607 4612/5407/4611 5066/5581/4772
f 5066/5581/4772 4612/5407/4611 4613/5406/4610 5069/5584/4775
f 5069/5584/4775 4613/5406/4610 4328/5380/4585 4500/5585/4776
f 5068/5582/4773 5069/5584/4775 4500/5585/4776 4501/5586/4777
f 5067/5583/4774 5068/5582/4773 4501/5586/4777 4502/5587/4778
f 4530/5451/4651 5067/5583/4774 4502/5587/4778 4307/5452/4652
f 4531/5450/4650 5064/5579/4770 5067/5583/4774 4530/5451/4651
f 4532/5449/4649 5061/5576/4767 5064/5579/4770 4531/5450/4650
f 5070/5588/4779 5071/5589/4780 5074/5590/4781 5073/5591/4782
f 5071/5589/4780 5072/5592/4783 5075/5593/4784 5074/5590/4781
f 5073/5594/4782 5074/5595/4781 5077/5596/4785 5076/5597/4786
f 5074/5595/4781 5075/5598/4784 5078/5599/4787 5077/5596/4785
f 4307/5452/4652 4502/5587/4778 5070/5588/4779 4505/5453/4653
f 4502/5587/4778 4501/5586/4777 5071/5589/4780 5070/5588/4779
f 4501/5586/4777 4500/5585/4776 5072/5592/4783 5071/5589/4780
f 4500/5585/4776 4328/5380/4585 4614/5382/4587 5072/5592/4783
f 5072/5592/4783 4614/5382/4587 4615/5391/4595 5075/5593/4784
f 5075/5598/4784 4615/5390/4595 4616/5388/4593 5078/5599/4787
f 5078/5599/4787 4616/5388/4593 4329/5389/4594 4509/5429/4633
f 5077/5596/4785 5078/5599/4787 4509/5429/4633 4510/5428/4632
f 5076/5597/4786 5077/5596/4785 4510/5428/4632 4511/5427/4631
f 4503/5456/4655 5076/5597/4786 4511/5427/4631 4308/5426/4630
f 4504/5455/4654 5073/5594/4782 5076/5597/4786 4503/5456/4655
f 4505/5453/4653 5070/5588/4779 5073/5591/4782 4504/5454/4654
f 5079/5600/4788 5080/5601/4789 5083/5602/4790 5082/5603/4791
f 5080/5601/4789 5081/5604/4792 5084/5605/4793 5083/5602/4790
f 5082/5603/4791 5083/5602/4790 5086/5606/4794 5085/5607/4795
f 5083/5602/4790 5084/5605/4793 5087/5608/4796 5086/5606/4794
f 4299/5273/4495 4454/5609/4797 5079/5600/4788 4494/5320/4533
f 4454/5609/4797 4453/5610/4798 5080/5601/4789 5079/5600/4788
f 4453/5610/4798 4452/5611/4799 5081/5604/4792 5080/5601/4789
f 4452/5611/4799 4324/5241/4466 4617/5361/4569 5081/5604/4792
f 5081/5604/4792 4617/5361/4569 4618/5367/4575 5084/5605/4793
f 5084/5605/4793 4618/5367/4575 4619/5365/4573 5087/5608/4796
f 5087/5608/4796 4619/5365/4573 4326/5366/4574 4476/5612/4800
f 5086/5606/4794 5087/5608/4796 4476/5612/4800 4477/5613/4801
f 5085/5607/4795 5086/5606/4794 4477/5613/4801 4478/5614/4802
f 4496/5322/4535 5085/5607/4795 4478/5614/4802 4303/5323/4536
f 4495/5321/4534 5082/5603/4791 5085/5607/4795 4496/5322/4535
f 4494/5320/4533 5079/5600/4788 5082/5603/4791 4495/5321/4534
f 5088/5615/4803 5089/5616/4804 5092/5617/4805 5091/5618/4806
f 5089/5616/4804 5090/5619/4807 5093/5620/4808 5092/5617/4805
f 5091/5618/4806 5092/5617/4805 5095/5621/4809 5094/5622/4810
f 5092/5617/4805 5093/5620/4808 5096/5623/4811 5095/5621/4809
f 4297/4879/4139 4575/5624/4812 5088/5615/4803 4464/5121/4352
f 4575/5624/4812 4576/5625/4813 5089/5616/4804 5088/5615/4803
f 4576/5625/4813 4577/5626/4814 5090/5619/4807 5089/5616/4804
f 4577/5626/4814 4323/5175/4405 4620/5252/4477 5090/5619/4807
f 5090/5619/4807 4620/5252/4477 4621/5257/4482 5093/5620/4808
f 5093/5620/4808 4621/5257/4482 4622/5256/4481 5096/5623/4811
f 5096/5623/4811 4622/5256/4481 4325/5211/4436 4583/5627/4815
f 5095/5621/4809 5096/5623/4811 4583/5627/4815 4582/5628/4816
f 5094/5622/4810 5095/5621/4809 4582/5628/4816 4581/5629/4817
f 4466/5123/4354 5094/5622/4810 4581/5629/4817 4301/5124/4355
f 4465/5122/4353 5091/5618/4806 5094/5622/4810 4466/5123/4354
f 4464/5121/4352 5088/5615/4803 5091/5618/4806 4465/5122/4353
f 5097/5630/4818 5098/5631/4819 5101/5632/4820 5100/5633/4821
f 5098/5631/4819 5099/5634/4822 5102/5635/4823 5101/5632/4820
f 5100/5633/4821 5101/5632/4820 5104/5636/4824 5103/5637/4825
f 5101/5632/4820 5102/5635/4823 5105/5638/4826 5104/5636/4824
f 4295/5197/4423 4430/5639/4827 5097/5630/4818 4472/5270/4492
f 4430/5639/4827 4429/5640/4828 5098/5631/4819 5097/5630/4818
f 4429/5640/4828 4428/5641/4829 5099/5634/4822 5098/5631/4819
f 4428/5641/4829 4322/5150/4380 4623/5236/4461 5099/5634/4822
f 5099/5634/4822 4623/5236/4461 4624/5242/4467 5102/5635/4823
f 5102/5635/4823 4624/5242/4467 4625/5240/4465 5105/5638/4826
f 5105/5638/4826 4625/5240/4465 4324/5241/4466 4452/5611/4799
f 5104/5636/4824 5105/5638/4826 4452/5611/4799 4453/5610/4798
f 5103/5637/4825 5104/5636/4824 4453/5610/4798 4454/5609/4797
f 4470/5272/4494 5103/5637/4825 4454/5609/4797 4299/5273/4495
f 4471/5271/4493 5100/5633/4821 5103/5637/4825 4470/5272/4494
f 4472/5270/4492 5097/5630/4818 5100/5633/4821 4471/5271/4493
f 5106/5642/4830 5107/5643/4831 5110/5644/4832 5109/5645/4833
f 5107/5643/4831 5108/5646/4834 5111/5647/4835 5110/5644/4832
f 5109/5645/4833 5110/5644/4832 5113/5648/4836 5112/5649/4837
f 5110/5644/4832 5111/5647/4835 5114/5650/4838 5113/5648/4836
f 4301/5124/4355 4581/5629/4817 5106/5642/4830 4493/5341/4550
f 4581/5629/4817 4582/5628/4816 5107/5643/4831 5106/5642/4830
f 4582/5628/4816 4583/5627/4815 5108/5646/4834 5107/5643/4831
f 4583/5627/4815 4325/5211/4436 4626/5213/4438 5108/5646/4834
f 5108/5646/4834 4626/5213/4438 4627/5226/4451 5111/5647/4835
f 5111/5647/4835 4627/5226/4451 4628/5224/4449 5114/5650/4838
f 5114/5650/4838 4628/5224/4449 4327/5225/4450 4589/5651/4839
f 5113/5648/4836 5114/5650/4838 4589/5651/4839 4588/5652/4840
f 5112/5649/4837 5113/5648/4836 4588/5652/4840 4587/5653/4841
f 4491/5343/4552 5112/5649/4837 4587/5653/4841 4305/5344/4553
f 4492/5342/4551 5109/5645/4833 5112/5649/4837 4491/5343/4552
f 4493/5341/4550 5106/5642/4830 5109/5645/4833 4492/5342/4551
f 5115/5654/4842 5116/5655/4843 5119/5656/4844 5118/5657/4845
f 5116/5655/4843 5117/5658/4846 5120/5659/4847 5119/5656/4844
f 5118/5657/4845 5119/5656/4844 5122/5660/4848 5121/5661/4849
f 5119/5656/4844 5120/5659/4847 5123/5662/4850 5122/5660/4848
f 4332/4875/4135 4679/5663/4851 5115/5654/4842 4440/4876/4136
f 4679/5663/4851 4678/5664/4852 5116/5655/4843 5115/5654/4842
f 4678/5664/4852 4677/5665/4853 5117/5658/4846 5116/5655/4843
f 4677/5665/4853 4336/5161/4391 4629/5163/4393 5117/5658/4846
f 5117/5658/4846 4629/5163/4393 4630/5176/4406 5120/5659/4847
f 5120/5659/4847 4630/5176/4406 4631/5174/4404 5123/5662/4850
f 5123/5662/4850 4631/5174/4404 4323/5175/4405 4577/5626/4814
f 5122/5660/4848 5123/5662/4850 4577/5626/4814 4576/5625/4813
f 5121/5661/4849 5122/5660/4848 4576/5625/4813 4575/5624/4812
f 4442/4878/4138 5121/5661/4849 4575/5624/4812 4297/4879/4139
f 4441/4877/4137 5118/5657/4845 5121/5661/4849 4442/4878/4138
f 4440/4876/4136 5115/5654/4842 5118/5657/4845 4441/4877/4137
f 5124/5666/4854 5125/5667/4855 5128/5668/4856 5127/5669/4857
f 5125/5667/4855 5126/5670/4858 5129/5671/4859 5128/5668/4856
f 5127/5669/4857 5128/5668/4856 5131/5672/4860 5130/5673/4861
f 5128/5668/4856 5129/5671/4859 5132/5674/4862 5131/5672/4860
f 4334/5193/4419 4676/5675/4863 5124/5666/4854 4664/5194/4420
f 4676/5675/4863 4675/5676/4864 5125/5667/4855 5124/5666/4854
f 4675/5676/4864 4674/5677/4865 5126/5670/4858 5125/5667/4855
f 4674/5677/4865 4337/5141/4371 4632/5143/4373 5126/5670/4858
f 5126/5670/4858 4632/5143/4373 4633/5151/4381 5129/5671/4859
f 5129/5671/4859 4633/5151/4381 4634/5149/4379 5132/5674/4862
f 5132/5674/4862 4634/5149/4379 4322/5150/4380 4428/5641/4829
f 5131/5672/4860 5132/5674/4862 4428/5641/4829 4429/5640/4828
f 5130/5673/4861 5131/5672/4860 4429/5640/4828 4430/5639/4827
f 4662/5196/4422 5130/5673/4861 4430/5639/4827 4295/5197/4423
f 4663/5195/4421 5127/5669/4857 5130/5673/4861 4662/5196/4422
f 4664/5194/4420 5124/5666/4854 5127/5669/4857 4663/5195/4421
f 5133/5678/4866 5134/5679/4867 5137/5680/4868 5136/5681/4869
f 5134/5679/4867 5135/5682/4870 5138/5683/4871 5137/5680/4868
f 5136/5681/4869 5137/5680/4868 5140/5684/4872 5139/5685/4873
f 5137/5680/4868 5138/5683/4871 5141/5686/4874 5140/5684/4872
f 4288/4934/4189 4400/5687/4875 5133/5678/4866 4388/4999/4241
f 4400/5687/4875 4399/5688/4876 5134/5679/4867 5133/5678/4866
f 4399/5688/4876 4398/5689/4877 5135/5682/4870 5134/5679/4867
f 4398/5689/4877 4318/5024/4265 4635/5105/4339 5135/5682/4870
f 5135/5682/4870 4635/5105/4339 4636/5107/4341 5138/5683/4871
f 5138/5683/4871 4636/5107/4341 4637/5106/4340 5141/5686/4874
f 5141/5686/4874 4637/5106/4340 4321/4896/4155 4425/5690/4878
f 5140/5684/4872 5141/5686/4874 4425/5690/4878 4426/5691/4879
f 5139/5685/4873 5140/5684/4872 4426/5691/4879 4427/5692/4880
f 4386/5001/4243 5139/5685/4873 4427/5692/4880 4293/5003/4245
f 4387/5000/4242 5136/5681/4869 5139/5685/4873 4386/5001/4243
f 4388/4999/4241 5133/5678/4866 5136/5681/4869 4387/5000/4242
f 5142/5693/4881 5143/5694/4882 5146/5695/4883 5145/5696/4884
f 5143/5694/4882 5144/5697/4885 5147/5698/4886 5146/5695/4883
f 5145/5696/4884 5146/5695/4883 5149/5699/4887 5148/5700/4888
f 5146/5695/4883 5147/5698/4886 5150/5701/4889 5149/5699/4887
f 4280/5069/4307 4355/5702/4890 5142/5693/4881 4358/5070/4308
f 4355/5702/4890 4354/5703/4891 5143/5694/4882 5142/5693/4881
f 4354/5703/4891 4353/5704/4892 5144/5697/4885 5143/5694/4882
f 4353/5704/4892 4315/4829/4094 4638/5054/4295 5144/5697/4885
f 5144/5697/4885 4638/5054/4295 4639/5056/4297 5147/5698/4886
f 5147/5698/4886 4639/5056/4297 4640/5055/4296 5150/5701/4889
f 5150/5701/4889 4640/5055/4296 4320/5035/4276 4416/5705/4893
f 5149/5699/4887 5150/5701/4889 4416/5705/4893 4417/5706/4894
f 5148/5700/4888 5149/5699/4887 4417/5706/4894 4418/5707/4895
f 4356/5073/4311 5148/5700/4888 4418/5707/4895 4290/4994/4236
f 4357/5072/4310 5145/5696/4884 5148/5700/4888 4356/5073/4311
f 4358/5070/4308 5142/5693/4881 5145/5696/4884 4357/5072/4310
f 5151/5708/4896 5152/5709/4897 5155/5710/4898 5154/5711/4899
f 5152/5709/4897 5153/5712/4900 5156/5713/4901 5155/5710/4898
f 5154/5711/4899 5155/5710/4898 5158/5714/4902 5157/5715/4903
f 5155/5710/4898 5156/5713/4901 5159/5716/4904 5158/5714/4902
f 4290/4994/4236 4418/5707/4895 5151/5708/4896 4406/4995/4237
f 4418/5707/4895 4417/5706/4894 5152/5709/4897 5151/5708/4896
f 4417/5706/4894 4416/5705/4893 5153/5712/4900 5152/5709/4897
f 4416/5705/4893 4320/5035/4276 4641/5037/4278 5153/5712/4900
f 5153/5712/4900 4641/5037/4278 4642/5044/4285 5156/5713/4901
f 5156/5713/4901 4642/5044/4285 4643/5043/4284 5159/5716/4904
f 5159/5716/4904 4643/5043/4284 4319/4841/4105 4401/5717/4905
f 5158/5714/4902 5159/5716/4904 4401/5717/4905 4402/5718/4906
f 5157/5715/4903 5158/5714/4902 4402/5718/4906 4403/5719/4907
f 4404/4998/4240 5157/5715/4903 4403/5719/4907 4286/4919/4175
f 4405/4997/4239 5154/5711/4899 5157/5715/4903 4404/4998/4240
f 4406/4995/4237 5151/5708/4896 5154/5711/4899 4405/4997/4239
f 5160/5720/4908 5161/5721/4909 5164/5722/4910 5163/5723/4911
f 5161/5721/4909 5162/5724/4912 5165/5725/4913 5164/5722/4910
f 5163/5723/4911 5164/5722/4910 5167/5726/4914 5166/5727/4915
f 5164/5722/4910 5165/5725/4913 5168/5728/4916 5167/5726/4914
f 4282/4929/4184 4373/5729/4917 5160/5720/4908 4376/4930/4185
f 4373/5729/4917 4372/5730/4918 5161/5721/4909 5160/5720/4908
f 4372/5730/4918 4371/5731/4919 5162/5724/4912 5161/5721/4909
f 4371/5731/4919 4317/5015/4256 4644/5017/4258 5162/5724/4912
f 5162/5724/4912 4644/5017/4258 4645/5025/4266 5165/5725/4913
f 5165/5725/4913 4645/5025/4266 4646/5023/4264 5168/5728/4916
f 5168/5728/4916 4646/5023/4264 4318/5024/4265 4398/5689/4877
f 5167/5726/4914 5168/5728/4916 4398/5689/4877 4399/5688/4876
f 5166/5727/4915 5167/5726/4914 4399/5688/4876 4400/5687/4875
f 4374/4932/4187 5166/5727/4915 4400/5687/4875 4288/4934/4189
f 4375/4931/4186 5163/5723/4911 5166/5727/4915 4374/4932/4187
f 4376/4930/4185 5160/5720/4908 5163/5723/4911 4375/4931/4186
f 5169/5732/4920 5170/5733/4921 5173/5734/4922 5172/5735/4923
f 5170/5733/4921 5171/5736/4924 5174/5737/4925 5173/5734/4922
f 5172/5735/4923 5173/5734/4922 5176/5738/4926 5175/5739/4927
f 5173/5734/4922 5174/5737/4925 5177/5740/4928 5176/5738/4926
f 4293/5003/4245 4427/5692/4880 5169/5732/4920 4415/5074/4312
f 4427/5692/4880 4426/5691/4879 5170/5733/4921 5169/5732/4920
f 4426/5691/4879 4425/5690/4878 5171/5736/4924 5170/5733/4921
f 4425/5690/4878 4321/4896/4155 4647/4898/4157 5171/5736/4924
f 5171/5736/4924 4647/4898/4157 4648/4906/4165 5174/5737/4925
f 5174/5737/4925 4648/4906/4165 4649/4905/4164 5177/5740/4928
f 5177/5740/4928 4649/4905/4164 4314/4814/4080 4550/5741/4929
f 5176/5738/4926 5177/5740/4928 4550/5741/4929 4549/5742/4930
f 5175/5739/4927 5176/5738/4926 4549/5742/4930 4548/5743/4931
f 4413/5076/4314 5175/5739/4927 4548/5743/4931 4278/5078/4316
f 4414/5075/4313 5172/5735/4923 5175/5739/4927 4413/5076/4314
f 4415/5074/4312 5169/5732/4920 5172/5735/4923 4414/5075/4313
f 5178/5744/4932 5179/5745/4933 5182/5746/4934 5181/5747/4935
f 5179/5745/4933 5180/5748/4936 5183/5749/4937 5182/5746/4934
f 5181/5747/4935 5182/5746/4934 5185/5750/4938 5184/5751/4939
f 5182/5746/4934 5183/5749/4937 5186/5752/4940 5185/5750/4938
f 4286/4919/4175 4403/5719/4907 5178/5744/4932 4382/4920/4176
f 4403/5719/4907 4402/5718/4906 5179/5745/4933 5178/5744/4932
f 4402/5718/4906 4401/5717/4905 5180/5748/4936 5179/5745/4933
f 4401/5717/4905 4319/4841/4105 4650/4843/4107 5180/5748/4936
f 5180/5748/4936 4650/4843/4107 4651/4856/4120 5183/5749/4937
f 5183/5749/4937 4651/4856/4120 4652/4854/4118 5186/5752/4940
f 5186/5752/4940 4652/4854/4118 4316/4855/4119 4362/5753/4941
f 5185/5750/4938 5186/5752/4940 4362/5753/4941 4363/5754/4942
f 5184/5751/4939 5185/5750/4938 4363/5754/4942 4364/5755/4943
f 4380/4923/4179 5184/5751/4939 4364/5755/4943 4284/4924/4180
f 4381/4922/4178 5181/5747/4935 5184/5751/4939 4380/4923/4179
f 4382/4920/4176 5178/5744/4932 5181/5747/4935 4381/4922/4178
f 5187/5756/4944 5188/5757/4945 5191/5758/4946 5190/5759/4947
f 5188/5757/4945 5189/5760/4948 5192/5761/4949 5191/5758/4946
f 5190/5762/4947 5191/5763/4946 5194/5764/4950 5193/5765/4951
f 5191/5763/4946 5192/5766/4949 5195/5767/4952 5194/5764/4950
f 4278/5078/4316 4548/5743/4931 5187/5756/4944 4346/5077/4315
f 4548/5743/4931 4549/5742/4930 5188/5757/4945 5187/5756/4944
f 4549/5742/4930 4550/5741/4929 5189/5760/4948 5188/5757/4945
f 4550/5741/4929 4314/4814/4080 4653/4816/4082 5189/5760/4948
f 5189/5760/4948 4653/4816/4082 4654/4831/4095 5192/5761/4949
f 5192/5766/4949 4654/4830/4095 4655/4828/4093 5195/5767/4952
f 5195/5767/4952 4655/4828/4093 4315/4829/4094 4353/5704/4892
f 5194/5764/4950 5195/5767/4952 4353/5704/4892 4354/5703/4891
f 5193/5765/4951 5194/5764/4950 4354/5703/4891 4355/5702/4890
f 4344/5071/4309 5193/5765/4951 4355/5702/4890 4280/5069/4307
f 4345/5080/4317 5190/5762/4947 5193/5765/4951 4344/5071/4309
f 4346/5077/4315 5187/5756/4944 5190/5759/4947 4345/5079/4317
f 5196/5768/4953 5197/5769/4954 5200/5770/4955 5199/5771/4956
f 5197/5769/4954 5198/5772/4957 5201/5773/4958 5200/5770/4955
f 5199/5771/4956 5200/5770/4955 5203/5774/4959 5202/5775/4960
f 5200/5770/4955 5201/5773/4958 5204/5776/4961 5203/5774/4959
f 4284/4924/4180 4364/5755/4943 5196/5768/4953 4448/5777/4962
f 4364/5755/4943 4363/5754/4942 5197/5769/4954 5196/5768/4953
f 4363/5754/4942 4362/5753/4941 5198/5772/4957 5197/5769/4954
f 4362/5753/4941 4316/4855/4119 4671/5778/4963 5198/5772/4957
f 5198/5772/4957 4671/5778/4963 4672/5779/4964 5201/5773/4958
f 5201/5773/4958 4672/5779/4964 4673/5780/4965 5204/5776/4961
f 5204/5776/4961 4673/5780/4965 4337/5141/4371 4674/5677/4865
f 5203/5774/4959 5204/5776/4961 4674/5677/4865 4675/5676/4864
f 5202/5775/4960 5203/5774/4959 4675/5676/4864 4676/5675/4863
f 4446/5781/4966 5202/5775/4960 4676/5675/4863 4334/5193/4419
f 4447/5782/4967 5199/5771/4956 5202/5775/4960 4446/5781/4966
f 4448/5777/4962 5196/5768/4953 5199/5771/4956 4447/5782/4967
f 5205/5783/4968 5206/5784/4969 5209/5785/4970 5208/5786/4971
f 5206/5784/4969 5207/5787/4972 5210/5788/4973 5209/5785/4970
f 5208/5786/4971 5209/5785/4970 5212/5789/4974 5211/5790/4975
f 5209/5785/4970 5210/5788/4973 5213/5791/4976 5212/5789/4974
f 4283/4979/4225 4557/5019/4260 5205/5783/4968 4656/5792/4977
f 4557/5019/4260 4558/5018/4259 5206/5784/4969 5205/5783/4968
f 4558/5018/4259 4559/5016/4257 5207/5787/4972 5206/5784/4969
f 4559/5016/4257 4317/5015/4256 4668/5793/4978 5207/5787/4972
f 5207/5787/4972 4668/5793/4978 4669/5794/4979 5210/5788/4973
f 5210/5788/4973 4669/5794/4979 4670/5795/4980 5213/5791/4976
f 5213/5791/4976 4670/5795/4980 4336/5161/4391 4677/5665/4853
f 5212/5789/4974 5213/5791/4976 4677/5665/4853 4678/5664/4852
f 5211/5790/4975 5212/5789/4974 4678/5664/4852 4679/5663/4851
f 4658/5796/4981 5211/5790/4975 4679/5663/4851 4332/4875/4135
f 4657/5797/4982 5208/5786/4971 5211/5790/4975 4658/5796/4981
f 4656/5792/4977 5205/5783/4968 5208/5786/4971 4657/5797/4982
f 5214/5798/4983 5215/5799/4984 5218/5800/4985 5217/5801/4986
f 5215/5802/4984 5216/5803/4987 5219/5804/4988 5218/5805/4985
f 5217/5801/4986 5218/5800/4985 5221/5806/4989 5220/5807/4990
f 5218/5805/4985 5219/5804/4988 5222/5808/4991 5221/5809/4989
f 4282/4929/4184 4365/4928/4183 5214/5798/4983 4665/5810/4992
f 4365/4928/4183 4366/4927/4182 5215/5799/4984 5214/5798/4983
f 4366/4926/4182 4367/4925/4181 5216/5803/4987 5215/5802/4984
f 4367/4925/4181 4284/4924/4180 4448/5777/4962 5216/5803/4987
f 5216/5803/4987 4448/5777/4962 4447/5782/4967 5219/5804/4988
f 5219/5804/4988 4447/5782/4967 4446/5781/4966 5222/5808/4991
f 5222/5808/4991 4446/5781/4966 4334/5193/4419 4680/5192/4418
f 5221/5809/4989 5222/5808/4991 4680/5192/4418 4681/5191/4417
f 5220/5807/4990 5221/5806/4989 4681/5190/4417 4682/5189/4416
f 4667/5811/4993 5220/5807/4990 4682/5189/4416 4335/5166/4396
f 4666/5812/4994 5217/5801/4986 5220/5807/4990 4667/5811/4993
f 4665/5810/4992 5214/5798/4983 5217/5801/4986 4666/5812/4994
f 5223/5813/4995 5224/5814/4996 5227/5815/4997 5226/5816/4998
f 5224/5814/4996 5225/5817/4999 5228/5818/5000 5227/5815/4997
f 5226/5816/4998 5227/5815/4997 5230/5819/5001 5229/5820/5002
f 5227/5815/4997 5228/5818/5000 5231/5821/5003 5230/5819/5001
f 4317/5015/4256 4371/5731/4919 5223/5813/4995 4668/5793/4978
f 4371/5731/4919 4372/5730/4918 5224/5814/4996 5223/5813/4995
f 4372/5730/4918 4373/5729/4917 5225/5817/4999 5224/5814/4996
f 4373/5729/4917 4282/4929/4184 4665/5810/4992 5225/5817/4999
f 5225/5817/4999 4665/5810/4992 4666/5812/4994 5228/5818/5000
f 5228/5818/5000 4666/5812/4994 4667/5811/4993 5231/5821/5003
f 5231/5821/5003 4667/5811/4993 4335/5166/4396 4683/5165/4395
f 5230/5819/5001 5231/5821/5003 4683/5165/4395 4684/5164/4394
f 5229/5820/5002 5230/5819/5001 4684/5164/4394 4685/5162/4392
f 4670/5795/4980 5229/5820/5002 4685/5162/4392 4336/5161/4391
f 4669/5794/4979 5226/5816/4998 5229/5820/5002 4670/5795/4980
f 4668/5793/4978 5223/5813/4995 5226/5816/4998 4669/5794/4979
f 5232/5822/5004 5233/5823/5005 5236/5824/5006 5235/5825/5007
f 5233/5823/5005 5234/5826/5008 5237/5827/5009 5236/5824/5006
f 5235/5825/5007 5236/5824/5006 5239/5828/5010 5238/5829/5011
f 5236/5824/5006 5237/5827/5009 5240/5830/5012 5239/5828/5010
f 4316/4855/4119 4556/4853/4117 5232/5822/5004 4671/5778/4963
f 4556/4853/4117 4555/4852/4116 5233/5823/5005 5232/5822/5004
f 4555/4852/4116 4554/4851/4115 5234/5826/5008 5233/5823/5005
f 4554/4851/4115 4285/4850/4114 4445/5831/5013 5234/5826/5008
f 5234/5826/5008 4445/5831/5013 4444/5832/5014 5237/5827/5009
f 5237/5827/5009 4444/5832/5014 4443/5833/5015 5240/5830/5012
f 5240/5830/5012 4443/5833/5015 4333/4869/4130 4686/5145/4375
f 5239/5828/5010 5240/5830/5012 4686/5145/4375 4687/5144/4374
f 5238/5829/5011 5239/5828/5010 4687/5144/4374 4688/5142/4372
f 4673/5780/4965 5238/5829/5011 4688/5142/4372 4337/5141/4371
f 4672/5779/4964 5235/5825/5007 5238/5829/5011 4673/5780/4965
f 4671/5778/4963 5232/5822/5004 5235/5825/5007 4672/5779/4964
f 5241/5834/5016 5242/5835/5017 5245/5836/5018 5244/5837/5019
f 5242/5838/5017 5243/5839/5020 5246/5840/5021 5245/5841/5018
f 5244/5837/5019 5245/5836/5018 5248/5842/5022 5247/5843/5023
f 5245/5841/5018 5246/5840/5021 5249/5844/5024 5248/5845/5022
f 4285/4850/4114 4368/4969/4216 5241/5834/5016 4445/5831/5013
f 4368/4969/4216 4369/4981/4226 5242/5835/5017 5241/5834/5016
f 4369/4980/4226 4370/4978/4224 5243/5839/5020 5242/5838/5017
f 4370/4978/4224 4283/4979/4225 4656/5792/4977 5243/5839/5020
f 5243/5839/5020 4656/5792/4977 4657/5797/4982 5246/5840/5021
f 5246/5840/5021 4657/5797/4982 4658/5796/4981 5249/5844/5024
f 5249/5844/5024 4658/5796/4981 4332/4875/4135 4689/4874/4134
f 5248/5845/5022 5249/5844/5024 4689/4874/4134 4690/4873/4133
f 5247/5843/5023 5248/5842/5022 4690/4872/4133 4691/4870/4131
f 4443/5833/5015 5247/5843/5023 4691/4870/4131 4333/4869/4130
f 4444/5832/5014 5244/5837/5019 5247/5843/5023 4443/5833/5015
f 4445/5831/5013 5241/5834/5016 5244/5837/5019 4444/5832/5014
f 5250/5846/5025 5251/5847/5026 5254/5848/5027 5253/5849/5028
f 5251/5847/5026 5252/5850/5029 5255/5851/5030 5254/5848/5027
f 5253/5849/5028 5254/5848/5027 5257/5852/5031 5256/5853/5032
f 5254/5848/5027 5255/5851/5030 5258/5854/5033 5257/5852/5031
f 4305/5344/4553 4587/5653/4841 5250/5846/5025 4698/5855/5034
f 4587/5653/4841 4588/5652/4840 5251/5847/5026 5250/5846/5025
f 4588/5652/4840 4589/5651/4839 5252/5850/5029 5251/5847/5026
f 4589/5651/4839 4327/5225/4450 4707/5856/5035 5252/5850/5029
f 5252/5850/5029 4707/5856/5035 4708/5857/5036 5255/5851/5030
f 5255/5851/5030 4708/5857/5036 4709/5858/5037 5258/5854/5033
f 5258/5854/5033 4709/5858/5037 4343/5490/4685 4710/5563/4754
f 5257/5852/5031 5258/5854/5033 4710/5563/4754 4711/5562/4753
f 5256/5853/5032 5257/5852/5031 4711/5562/4753 4712/5561/4752
f 4700/5859/5038 5256/5853/5032 4712/5561/4752 4340/5533/4724
f 4699/5860/5039 5253/5849/5028 5256/5853/5032 4700/5859/5038
f 4698/5855/5034 5250/5846/5025 5253/5849/5028 4699/5860/5039
f 5259/5861/5040 5260/5862/5041 5263/5863/5042 5262/5864/5043
f 5260/5862/5041 5261/5865/5044 5264/5866/5045 5263/5863/5042
f 5262/5864/5043 5263/5863/5042 5266/5867/5046 5265/5868/5047
f 5263/5863/5042 5264/5866/5045 5267/5869/5048 5266/5867/5046
f 4303/5323/4536 4478/5614/4802 5259/5861/5040 4520/5870/5049
f 4478/5614/4802 4477/5613/4801 5260/5862/5041 5259/5861/5040
f 4477/5613/4801 4476/5612/4800 5261/5865/5044 5260/5862/5041
f 4476/5612/4800 4326/5366/4574 4704/5871/5050 5261/5865/5044
f 5261/5865/5044 4704/5871/5050 4705/5872/5051 5264/5866/5045
f 5264/5866/5045 4705/5872/5051 4706/5873/5052 5267/5869/5048
f 5267/5869/5048 4706/5873/5052 4342/5506/4701 4713/5548/4739
f 5266/5867/5046 5267/5869/5048 4713/5548/4739 4714/5547/4738
f 5265/5868/5047 5266/5867/5046 4714/5547/4738 4715/5546/4737
f 4518/5874/5053 5265/5868/5047 4715/5546/4737 4339/5475/4670
f 4519/5875/5054 5262/5864/5043 5265/5868/5047 4518/5874/5053
f 4520/5870/5049 5259/5861/5040 5262/5864/5043 4519/5875/5054
f 5268/5876/5055 5269/5877/5056 5272/5878/5057 5271/5879/5058
f 5269/5880/5056 5270/5881/5059 5273/5882/5060 5272/5883/5057
f 5271/5879/5058 5272/5878/5057 5275/5884/5061 5274/5885/5062
f 5272/5883/5057 5273/5882/5060 5276/5886/5063 5275/5887/5061
f 4302/5350/4558 4482/5348/4556 5268/5876/5055 4517/5888/5064
f 4482/5348/4556 4483/5347/4555 5269/5877/5056 5268/5876/5055
f 4483/5346/4555 4484/5345/4554 5270/5881/5059 5269/5880/5056
f 4484/5345/4554 4305/5344/4553 4698/5855/5034 5270/5881/5059
f 5270/5881/5059 4698/5855/5034 4699/5860/5039 5273/5882/5060
f 5273/5882/5060 4699/5860/5039 4700/5859/5038 5276/5886/5063
f 5276/5886/5063 4700/5859/5038 4340/5533/4724 4716/5532/4723
f 5275/5887/5061 5276/5886/5063 4716/5532/4723 4717/5531/4722
f 5274/5885/5062 5275/5884/5061 4717/5530/4722 4718/5529/4721
f 4515/5889/5065 5274/5885/5062 4718/5529/4721 4338/5511/4706
f 4516/5890/5066 5271/5879/5058 5274/5885/5062 4515/5889/5065
f 4517/5888/5064 5268/5876/5055 5271/5879/5058 4516/5890/5066
f 5277/5891/5067 5278/5892/5068 5281/5893/5069 5280/5894/5070
f 5278/5892/5068 5279/5895/5071 5282/5896/5072 5281/5893/5069
f 5280/5894/5070 5281/5893/5069 5284/5897/5073 5283/5898/5074
f 5281/5893/5069 5282/5896/5072 5285/5899/5075 5284/5897/5073
f 4326/5366/4574 4586/5364/4572 5277/5891/5067 4704/5871/5050
f 4586/5364/4572 4585/5363/4571 5278/5892/5068 5277/5891/5067
f 4585/5363/4571 4584/5362/4570 5279/5895/5071 5278/5892/5068
f 4584/5362/4570 4302/5350/4558 4517/5888/5064 5279/5895/5071
f 5279/5895/5071 4517/5888/5064 4516/5890/5066 5282/5896/5072
f 5282/5896/5072 4516/5890/5066 4515/5889/5065 5285/5899/5075
f 5285/5899/5075 4515/5889/5065 4338/5511/4706 4719/5510/4705
f 5284/5897/5073 5285/5899/5075 4719/5510/4705 4720/5509/4704
f 5283/5898/5074 5284/5897/5073 4720/5509/4704 4721/5507/4702
f 4706/5873/5052 5283/5898/5074 4721/5507/4702 4342/5506/4701
f 4705/5872/5051 5280/5894/5070 5283/5898/5074 4706/5873/5052
f 4704/5871/5050 5277/5891/5067 5280/5894/5070 4705/5872/5051
f 5286/5900/5076 5287/5901/5077 5290/5902/5078 5289/5903/5079
f 5287/5901/5077 5288/5904/5080 5291/5905/5081 5290/5902/5078
f 5289/5903/5079 5290/5902/5078 5293/5906/5082 5292/5907/5083
f 5290/5902/5078 5291/5905/5081 5294/5908/5084 5293/5906/5082
f 4327/5225/4450 4485/5223/4448 5286/5900/5076 4707/5856/5035
f 4485/5223/4448 4486/5222/4447 5287/5901/5077 5286/5900/5076
f 4486/5222/4447 4487/5221/4446 5288/5904/5080 5287/5901/5077
f 4487/5221/4446 4304/5220/4445 4701/5909/5085 5288/5904/5080
f 5288/5904/5080 4701/5909/5085 4702/5910/5086 5291/5905/5081
f 5291/5905/5081 4702/5910/5086 4703/5911/5087 5294/5908/5084
f 5294/5908/5084 4703/5911/5087 4341/5469/4665 4722/5494/4689
f 5293/5906/5082 5294/5908/5084 4722/5494/4689 4723/5493/4688
f 5292/5907/5083 5293/5906/5082 4723/5493/4688 4724/5491/4686
f 4709/5858/5037 5292/5907/5083 4724/5491/4686 4343/5490/4685
f 4708/5857/5036 5289/5903/5079 5292/5907/5083 4709/5858/5037
f 4707/5856/5035 5286/5900/5076 5289/5903/5079 4708/5857/5036
f 5295/5912/5088 5296/5913/5089 5299/5914/5090 5298/5915/5091
f 5296/5916/5089 5297/5917/5092 5300/5918/5093 5299/5919/5090
f 5298/5915/5091 5299/5914/5090 5302/5920/5094 5301/5921/5095
f 5299/5919/5090 5300/5918/5093 5303/5922/5096 5302/5923/5094
f 4304/5220/4445 4479/5327/4539 5295/5912/5088 4701/5909/5085
f 4479/5327/4539 4480/5326/4538 5296/5913/5089 5295/5912/5088
f 4480/5325/4538 4481/5324/4537 5297/5917/5092 5296/5916/5089
f 4481/5324/4537 4303/5323/4536 4520/5870/5049 5297/5917/5092
f 5297/5917/5092 4520/5870/5049 4519/5875/5054 5300/5918/5093
f 5300/5918/5093 4519/5875/5054 4518/5874/5053 5303/5922/5096
f 5303/5922/5096 4518/5874/5053 4339/5475/4670 4725/5474/4669
f 5302/5923/5094 5303/5922/5096 4725/5474/4669 4726/5473/4668
f 5301/5921/5095 5302/5920/5094 4726/5472/4668 4727/5470/4666
f 4703/5911/5087 5301/5921/5095 4727/5470/4666 4341/5469/4665
f 4702/5910/5086 5298/5915/5091 5301/5921/5095 4703/5911/5087
f 4701/5909/5085 5295/5912/5088 5298/5915/5091 4702/5910/5086
f 5336/5924/5097 5417/5925/5098 5474/5926/5099 5425/5927/5100
f 5417/5925/5098 5317/5928/5101 5364/5929/5102 5474/5926/5099
f 5474/5926/5099 5364/5929/5102 5307/5930/5103 5411/5931/5104
f 5425/5927/5100 5474/5926/5099 5411/5931/5104 5330/5932/5105
f 5334/5933/5106 5415/5934/5107 5475/5935/5108 5424/5936/5109
f 5415/5934/5107 5313/5937/5110 5367/5938/5111 5475/5935/5108
f 5475/5935/5108 5367/5938/5111 5311/5939/5112 5412/5940/5113
f 5424/5936/5109 5475/5935/5108 5412/5940/5113 5331/5941/5114
f 5335/5942/5115 5416/5943/5116 5476/5944/5117 5423/5945/5118
f 5416/5943/5116 5319/5946/5119 5370/5947/5120 5476/5944/5117
f 5476/5944/5117 5370/5947/5120 5309/5948/5121 5413/5949/5122
f 5423/5945/5118 5476/5944/5117 5413/5949/5122 5332/5950/5123
f 5333/5951/5124 5414/5952/5125 5477/5953/5126 5422/5954/5127
f 5414/5952/5125 5315/5955/5128 5373/5956/5129 5477/5953/5126
f 5477/5953/5126 5373/5956/5129 5305/5957/5130 5363/5958/5131
f 5422/5954/5127 5477/5953/5126 5363/5958/5131 5329/5959/5132
f 5308/5960/5133 5372/5961/5134 5478/5962/5135 5439/5963/5136
f 5372/5961/5134 5314/5964/5137 5379/5965/5138 5478/5962/5135
f 5478/5962/5135 5379/5965/5138 5343/5966/5139 5429/5967/5140
f 5439/5963/5136 5478/5962/5135 5429/5967/5140 5344/5968/5141
f 5320/5969/5142 5390/5970/5143 5479/5971/5144 5378/5972/5145
f 5390/5970/5143 5317/5973/5101 5383/5974/5146 5479/5971/5144
f 5479/5971/5144 5383/5974/5146 5305/5957/5130 5373/5956/5129
f 5378/5972/5145 5479/5971/5144 5373/5956/5129 5315/5955/5128
f 5319/5946/5119 5389/5975/5147 5480/5976/5148 5370/5947/5120
f 5389/5975/5147 5320/5969/5142 5378/5972/5145 5480/5976/5148
f 5480/5976/5148 5378/5972/5145 5315/5955/5128 5377/5977/5149
f 5370/5947/5120 5480/5976/5148 5377/5977/5149 5309/5948/5121
f 5312/5978/5150 5374/5979/5151 5481/5980/5152 5438/5981/5153
f 5374/5979/5151 5310/5982/5154 5388/5983/5155 5481/5980/5152
f 5481/5980/5152 5388/5983/5155 5342/5984/5156 5430/5985/5157
f 5438/5981/5153 5481/5980/5152 5430/5985/5157 5339/5986/5158
f 5332/5950/5123 5413/5949/5122 5482/5987/5159 5421/5988/5160
f 5413/5949/5122 5309/5948/5121 5377/5977/5149 5482/5987/5159
f 5482/5987/5159 5377/5977/5149 5315/5955/5128 5414/5952/5125
f 5421/5988/5160 5482/5987/5159 5414/5952/5125 5333/5951/5124
f 5330/5932/5105 5411/5931/5104 5483/5989/5161 5420/5990/5162
f 5411/5931/5104 5307/5930/5103 5375/5991/5163 5483/5989/5161
f 5483/5989/5161 5375/5991/5163 5313/5937/5110 5415/5934/5107
f 5420/5990/5162 5483/5989/5161 5415/5934/5107 5334/5933/5106
f 5314/5964/5137 5376/5992/5164 5484/5993/5165 5379/5965/5138
f 5376/5992/5164 5304/5994/5166 5387/5995/5167 5484/5993/5165
f 5484/5993/5165 5387/5995/5167 5338/5996/5168 5431/5997/5169
f 5379/5965/5138 5484/5993/5165 5431/5997/5169 5343/5966/5139
f 5311/5939/5112 5367/5938/5111 5485/5998/5170 5385/5999/5171
f 5367/5938/5111 5313/5937/5110 5386/6000/5172 5485/5998/5170
f 5485/5998/5170 5386/6000/5172 5320/6001/5142 5389/6002/5147
f 5385/5999/5171 5485/5998/5170 5389/6002/5147 5319/6003/5119
f 5313/5937/5110 5375/5991/5163 5486/6004/5173 5386/6000/5172
f 5375/5991/5163 5307/5930/5103 5364/5929/5102 5486/6004/5173
f 5486/6004/5173 5364/5929/5102 5317/5928/5101 5390/6005/5143
f 5386/6000/5172 5486/6004/5173 5390/6005/5143 5320/6001/5142
f 5310/5982/5154 5369/6006/5174 5487/6007/5175 5388/5983/5155
f 5369/6006/5174 5318/6008/5176 5391/6009/5177 5487/6007/5175
f 5487/6007/5175 5391/6009/5177 5341/6010/5178 5428/6011/5179
f 5388/5983/5155 5487/6007/5175 5428/6011/5179 5342/5984/5156
f 5331/5941/5114 5412/5940/5113 5488/6012/5180 5419/6013/5181
f 5412/5940/5113 5311/5939/5112 5385/5999/5171 5488/6012/5180
f 5488/6012/5180 5385/5999/5171 5319/6003/5119 5416/6014/5116
f 5419/6013/5181 5488/6012/5180 5416/6014/5116 5335/6015/5115
f 5329/5959/5132 5363/5958/5131 5489/6016/5182 5418/6017/5183
f 5363/5958/5131 5305/5957/5130 5383/5974/5146 5489/6016/5182
f 5489/6016/5182 5383/5974/5146 5317/5973/5101 5417/6018/5098
f 5418/6017/5183 5489/6016/5182 5417/6018/5098 5336/6019/5097
f 5304/5994/5166 5394/6020/5184 5490/6021/5185 5362/6022/5186
f 5394/6020/5184 5321/6023/5187 5402/6024/5188 5490/6021/5185
f 5490/6021/5185 5402/6024/5188 5328/6025/5189 5393/6026/5190
f 5362/6022/5186 5490/6021/5185 5393/6026/5190 5316/6027/5191
f 5310/5982/5154 5368/6028/5192 5491/6029/5193 5369/6006/5174
f 5368/6028/5192 5323/6030/5194 5403/6031/5195 5491/6029/5193
f 5491/6029/5193 5403/6031/5195 5327/6032/5196 5392/6033/5197
f 5369/6006/5174 5491/6029/5193 5392/6033/5197 5318/6008/5176
f 5306/6034/5198 5365/6035/5199 5492/6036/5200 5366/6037/5201
f 5365/6035/5199 5322/6038/5202 5404/6039/5203 5492/6036/5200
f 5492/6036/5200 5404/6039/5203 5326/6040/5204 5381/6041/5205
f 5366/6037/5201 5492/6036/5200 5381/6041/5205 5312/5978/5150
f 5308/5960/5133 5371/6042/5206 5493/6043/5207 5372/5961/5134
f 5371/6042/5206 5324/6044/5208 5405/6045/5209 5493/6043/5207
f 5493/6043/5207 5405/6045/5209 5325/6046/5210 5380/6047/5211
f 5372/5961/5134 5493/6043/5207 5380/6047/5211 5314/5964/5137
f 5314/5964/5137 5380/6047/5211 5494/6048/5212 5376/5992/5164
f 5380/6047/5211 5325/6046/5210 5406/6049/5213 5494/6048/5212
f 5494/6048/5212 5406/6049/5213 5321/6023/5187 5394/6020/5184
f 5376/5992/5164 5494/6048/5212 5394/6020/5184 5304/5994/5166
f 5318/6050/5176 5392/6051/5197 5495/6052/5214 5384/6053/5215
f 5392/6051/5197 5327/6054/5196 5407/6055/5216 5495/6052/5214
f 5495/6052/5214 5407/6055/5216 5324/6044/5208 5371/6042/5206
f 5384/6053/5215 5495/6052/5214 5371/6042/5206 5308/5960/5133
f 5312/5978/5150 5381/6041/5205 5496/6056/5217 5374/5979/5151
f 5381/6041/5205 5326/6040/5204 5408/6057/5218 5496/6056/5217
f 5496/6056/5217 5408/6057/5218 5323/6030/5194 5368/6028/5192
f 5374/5979/5151 5496/6056/5217 5368/6028/5192 5310/5982/5154
f 5316/6058/5191 5393/6059/5190 5497/6060/5219 5382/6061/5220
f 5393/6059/5190 5328/6062/5189 5409/6063/5221 5497/6060/5219
f 5497/6060/5219 5409/6063/5221 5322/6038/5202 5365/6035/5199
f 5382/6061/5220 5497/6060/5219 5365/6035/5199 5306/6034/5198
f 5354/6064/5222 5410/6065/5223 5498/6066/5224 5473/6067/5225
f 5410/6065/5223 5329/5959/5132 5418/6017/5183 5498/6066/5224
f 5498/6066/5224 5418/6017/5183 5336/6019/5097 5465/6068/5226
f 5473/6067/5225 5498/6066/5224 5465/6068/5226 5361/6069/5227
f 5356/6070/5228 5460/6071/5229 5499/6072/5230 5472/6073/5231
f 5460/6071/5229 5331/5941/5114 5419/6013/5181 5499/6072/5230
f 5499/6072/5230 5419/6013/5181 5335/6015/5115 5464/6074/5232
f 5472/6073/5231 5499/6072/5230 5464/6074/5232 5360/6075/5233
f 5355/6076/5234 5459/6077/5235 5500/6078/5236 5471/6079/5237
f 5459/6077/5235 5330/5932/5105 5420/5990/5162 5500/6078/5236
f 5500/6078/5236 5420/5990/5162 5334/5933/5106 5463/6080/5238
f 5471/6079/5237 5500/6078/5236 5463/6080/5238 5359/6081/5239
f 5357/6082/5240 5461/6083/5241 5501/6084/5242 5470/6085/5243
f 5461/6083/5241 5332/5950/5123 5421/5988/5160 5501/6084/5242
f 5501/6084/5242 5421/5988/5160 5333/5951/5124 5462/6086/5244
f 5470/6085/5243 5501/6084/5242 5462/6086/5244 5358/6087/5245
f 5358/6087/5245 5462/6086/5244 5502/6088/5246 5469/6089/5247
f 5462/6086/5244 5333/5951/5124 5422/5954/5127 5502/6088/5246
f 5502/6088/5246 5422/5954/5127 5329/5959/5132 5410/6065/5223
f 5469/6089/5247 5502/6088/5246 5410/6065/5223 5354/6064/5222
f 5360/6090/5233 5464/6091/5232 5503/6092/5248 5468/6093/5249
f 5464/6091/5232 5335/5942/5115 5423/5945/5118 5503/6092/5248
f 5503/6092/5248 5423/5945/5118 5332/5950/5123 5461/6083/5241
f 5468/6093/5249 5503/6092/5248 5461/6083/5241 5357/6082/5240
f 5359/6081/5239 5463/6080/5238 5504/6094/5250 5467/6095/5251
f 5463/6080/5238 5334/5933/5106 5424/5936/5109 5504/6094/5250
f 5504/6094/5250 5424/5936/5109 5331/5941/5114 5460/6071/5229
f 5467/6095/5251 5504/6094/5250 5460/6071/5229 5356/6070/5228
f 5361/6096/5227 5465/6097/5226 5505/6098/5252 5466/6099/5253
f 5465/6097/5226 5336/5924/5097 5425/5927/5100 5505/6098/5252
f 5505/6098/5252 5425/5927/5100 5330/5932/5105 5459/6077/5235
f 5466/6099/5253 5505/6098/5252 5459/6077/5235 5355/6076/5234
f 5345/6100/5254 5437/6101/5255 5506/6102/5256 5432/6103/5257
f 5437/6101/5255 5341/6104/5178 5434/6105/5258 5506/6102/5256
f 5506/6102/5256 5434/6105/5258 5344/5968/5141 5429/5967/5140
f 5432/6103/5257 5506/6102/5256 5429/5967/5140 5343/5966/5139
f 5337/6106/5259 5436/6107/5260 5507/6108/5261 5426/6109/5262
f 5436/6107/5260 5345/6100/5254 5432/6103/5257 5507/6108/5261
f 5507/6108/5261 5432/6103/5257 5343/5966/5139 5431/5997/5169
f 5426/6109/5262 5507/6108/5261 5431/5997/5169 5338/5996/5168
f 5340/6110/5263 5427/6111/5264 5508/6112/5265 5433/6113/5266
f 5427/6111/5264 5339/5986/5158 5435/6114/5267 5508/6112/5265
f 5508/6112/5265 5435/6114/5267 5345/6115/5254 5436/6116/5260
f 5433/6113/5266 5508/6112/5265 5436/6116/5260 5337/6117/5259
f 5339/5986/5158 5430/5985/5157 5509/6118/5268 5435/6114/5267
f 5430/5985/5157 5342/5984/5156 5428/6011/5179 5509/6118/5268
f 5509/6118/5268 5428/6011/5179 5341/6010/5178 5437/6119/5255
f 5435/6114/5267 5509/6118/5268 5437/6119/5255 5345/6115/5254
f 5306/6034/5198 5366/6037/5201 5510/6120/5269 5440/6121/5270
f 5366/6037/5201 5312/5978/5150 5438/5981/5153 5510/6120/5269
f 5510/6120/5269 5438/5981/5153 5339/5986/5158 5427/6111/5264
f 5440/6121/5270 5510/6120/5269 5427/6111/5264 5340/6110/5263
f 5318/6050/5176 5384/6053/5215 5511/6122/5271 5391/6123/5177
f 5384/6053/5215 5308/5960/5133 5439/5963/5136 5511/6122/5271
f 5511/6122/5271 5439/5963/5136 5344/5968/5141 5434/6105/5258
f 5391/6123/5177 5511/6122/5271 5434/6105/5258 5341/6104/5178
f 5304/5994/5166 5362/6022/5186 5512/6124/5272 5387/5995/5167
f 5362/6022/5186 5316/6027/5191 5441/6125/5273 5512/6124/5272
f 5512/6124/5272 5441/6125/5273 5337/6106/5259 5426/6109/5262
f 5387/5995/5167 5512/6124/5272 5426/6109/5262 5338/5996/5168
f 5316/6058/5191 5382/6061/5220 5513/6126/5274 5441/6127/5273
f 5382/6061/5220 5306/6034/5198 5440/6121/5270 5513/6126/5274
f 5513/6126/5274 5440/6121/5270 5340/6110/5263 5433/6113/5266
f 5441/6127/5273 5513/6126/5274 5433/6113/5266 5337/6117/5259
f 5328/6062/5189 5401/6128/5275 5514/6129/5276 5409/6063/5221
f 5401/6128/5275 5352/6130/5277 5450/6131/5278 5514/6129/5276
f 5514/6129/5276 5450/6131/5278 5346/6132/5279 5395/6133/5280
f 5409/6063/5221 5514/6129/5276 5395/6133/5280 5322/6038/5202
f 5326/6040/5204 5399/6134/5281 5515/6135/5282 5408/6057/5218
f 5399/6134/5281 5350/6136/5283 5451/6137/5284 5515/6135/5282
f 5515/6135/5282 5451/6137/5284 5347/6138/5285 5396/6139/5286
f 5408/6057/5218 5515/6135/5282 5396/6139/5286 5323/6030/5194
f 5327/6054/5196 5400/6140/5287 5516/6141/5288 5407/6055/5216
f 5400/6140/5287 5351/6142/5289 5452/6143/5290 5516/6141/5288
f 5516/6141/5288 5452/6143/5290 5348/6144/5291 5397/6145/5292
f 5407/6055/5216 5516/6141/5288 5397/6145/5292 5324/6044/5208
f 5325/6046/5210 5398/6146/5293 5517/6147/5294 5406/6049/5213
f 5398/6146/5293 5349/6148/5295 5453/6149/5296 5517/6147/5294
f 5517/6147/5294 5453/6149/5296 5353/6150/5297 5449/6151/5298
f 5406/6049/5213 5517/6147/5294 5449/6151/5298 5321/6023/5187
f 5324/6044/5208 5397/6145/5292 5518/6152/5299 5405/6045/5209
f 5397/6145/5292 5348/6144/5291 5454/6153/5300 5518/6152/5299
f 5518/6152/5299 5454/6153/5300 5349/6148/5295 5398/6146/5293
f 5405/6045/5209 5518/6152/5299 5398/6146/5293 5325/6046/5210
f 5322/6038/5202 5395/6133/5280 5519/6154/5301 5404/6039/5203
f 5395/6133/5280 5346/6132/5279 5455/6155/5302 5519/6154/5301
f 5519/6154/5301 5455/6155/5302 5350/6136/5283 5399/6134/5281
f 5404/6039/5203 5519/6154/5301 5399/6134/5281 5326/6040/5204
f 5323/6030/5194 5396/6139/5286 5520/6156/5303 5403/6031/5195
f 5396/6139/5286 5347/6138/5285 5456/6157/5304 5520/6156/5303
f 5520/6156/5303 5456/6157/5304 5351/6158/5289 5400/6159/5287
f 5403/6031/5195 5520/6156/5303 5400/6159/5287 5327/6032/5196
f 5321/6023/5187 5449/6151/5298 5521/6160/5305 5402/6024/5188
f 5449/6151/5298 5353/6150/5297 5457/6161/5306 5521/6160/5305
f 5521/6160/5305 5457/6161/5306 5352/6162/5277 5401/6163/5275
f 5402/6024/5188 5521/6160/5305 5401/6163/5275 5328/6025/5189
f 5352/6130/5277 5448/6164/5307 5522/6165/5308 5450/6131/5278
f 5448/6164/5307 5361/6096/5227 5466/6099/5253 5522/6165/5308
f 5522/6165/5308 5466/6099/5253 5355/6076/5234 5442/6166/5309
f 5450/6131/5278 5522/6165/5308 5442/6166/5309 5346/6132/5279
f 5350/6136/5283 5446/6167/5310 5523/6168/5311 5451/6137/5284
f 5446/6167/5310 5359/6081/5239 5467/6095/5251 5523/6168/5311
f 5523/6168/5311 5467/6095/5251 5356/6070/5228 5443/6169/5312
f 5451/6137/5284 5523/6168/5311 5443/6169/5312 5347/6138/5285
f 5351/6142/5289 5447/6170/5313 5524/6171/5314 5452/6143/5290
f 5447/6170/5313 5360/6090/5233 5468/6093/5249 5524/6171/5314
f 5524/6171/5314 5468/6093/5249 5357/6082/5240 5444/6172/5315
f 5452/6143/5290 5524/6171/5314 5444/6172/5315 5348/6144/5291
f 5349/6148/5295 5445/6173/5316 5525/6174/5317 5453/6149/5296
f 5445/6173/5316 5358/6087/5245 5469/6089/5247 5525/6174/5317
f 5525/6174/5317 5469/6089/5247 5354/6064/5222 5458/6175/5318
f 5453/6149/5296 5525/6174/5317 5458/6175/5318 5353/6150/5297
f 5348/6144/5291 5444/6172/5315 5526/6176/5319 5454/6153/5300
f 5444/6172/5315 5357/6082/5240 5470/6085/5243 5526/6176/5319
f 5526/6176/5319 5470/6085/5243 5358/6087/5245 5445/6173/5316
f 5454/6153/5300 5526/6176/5319 5445/6173/5316 5349/6148/5295
f 5346/6132/5279 5442/6166/5309 5527/6177/5320 5455/6155/5302
f 5442/6166/5309 5355/6076/5234 5471/6079/5237 5527/6177/5320
f 5527/6177/5320 5471/6079/5237 5359/6081/5239 5446/6167/5310
f 5455/6155/5302 5527/6177/5320 5446/6167/5310 5350/6136/5283
f 5347/6138/5285 5443/6169/5312 5528/6178/5321 5456/6157/5304
f 5443/6169/5312 5356/6070/5228 5472/6073/5231 5528/6178/5321
f 5528/6178/5321 5472/6073/5231 5360/6075/5233 5447/6179/5313
f 5456/6157/5304 5528/6178/5321 5447/6179/5313 5351/6158/5289
f 5353/6150/5297 5458/6175/5318 5529/6180/5322 5457/6161/5306
f 5458/6175/5318 5354/6064/5222 5473/6067/5225 5529/6180/5322
f 5529/6180/5322 5473/6067/5225 5361/6069/5227 5448/6181/5307
f 5457/6161/5306 5529/6180/5322 5448/6181/5307 5352/6162/5277
f 5530/6182/5323 5588/6183/5324 5700/6184/5325 5590/6185/5326
f 5588/6183/5324 5531/6186/5327 5668/6187/5328 5700/6184/5325
f 5700/6184/5325 5668/6187/5328 5582/6188/5329 5666/6189/5330
f 5590/6185/5326 5700/6184/5325 5666/6189/5330 5533/6190/5331
f 5530/6182/5323 5591/6191/5332 5701/6192/5333 5588/6183/5324
f 5591/6191/5332 5534/6193/5334 5592/6194/5335 5701/6192/5333
f 5701/6192/5333 5592/6194/5335 5535/6195/5336 5699/6196/5337
f 5588/6183/5324 5701/6192/5333 5699/6196/5337 5531/6186/5327
f 5532/6197/5338 5698/6198/5339 5702/6199/5340 5589/6200/5341
f 5698/6198/5339 5536/6201/5342 5593/6202/5343 5702/6199/5340
f 5702/6199/5340 5593/6202/5343 5534/6193/5334 5591/6191/5332
f 5589/6200/5341 5702/6199/5340 5591/6191/5332 5530/6182/5323
f 5532/6197/5338 5589/6200/5341 5703/6203/5344 5679/6204/5345
f 5589/6200/5341 5530/6182/5323 5590/6185/5326 5703/6203/5344
f 5703/6203/5344 5590/6185/5326 5533/6190/5331 5680/6205/5346
f 5679/6204/5345 5703/6203/5344 5680/6205/5346 5584/6206/5347
f 5534/6193/5334 5594/6207/5348 5704/6208/5349 5592/6194/5335
f 5594/6207/5348 5537/6209/5350 5596/6210/5351 5704/6208/5349
f 5704/6208/5349 5596/6210/5351 5539/6211/5352 5696/6212/5353
f 5592/6194/5335 5704/6208/5349 5696/6212/5353 5535/6195/5336
f 5536/6201/5342 5697/6213/5354 5705/6214/5355 5593/6202/5343
f 5697/6213/5354 5538/6215/5356 5595/6216/5357 5705/6214/5355
f 5705/6214/5355 5595/6216/5357 5537/6209/5350 5594/6207/5348
f 5593/6202/5343 5705/6214/5355 5594/6207/5348 5534/6193/5334
f 5538/6215/5356 5695/6217/5358 5706/6218/5359 5595/6216/5357
f 5695/6217/5358 5542/6219/5360 5599/6220/5361 5706/6218/5359
f 5706/6218/5359 5599/6220/5361 5540/6221/5362 5597/6222/5363
f 5595/6216/5357 5706/6218/5359 5597/6222/5363 5537/6209/5350
f 5537/6209/5350 5597/6222/5363 5707/6223/5364 5596/6210/5351
f 5597/6222/5363 5540/6221/5362 5600/6224/5365 5707/6223/5364
f 5707/6223/5364 5600/6224/5365 5543/6225/5366 5601/6226/5367
f 5596/6210/5351 5707/6223/5364 5601/6226/5367 5539/6211/5352
f 5542/6219/5360 5624/6227/5368 5708/6228/5369 5599/6220/5361
f 5624/6227/5368 5561/6229/5370 5623/6230/5371 5708/6228/5369
f 5708/6228/5369 5623/6230/5371 5541/6231/5372 5598/6232/5373
f 5599/6220/5361 5708/6228/5369 5598/6232/5373 5540/6221/5362
f 5540/6221/5362 5598/6232/5373 5709/6233/5374 5600/6224/5365
f 5598/6232/5373 5541/6231/5372 5694/6234/5375 5709/6233/5374
f 5709/6233/5374 5694/6234/5375 5544/6235/5376 5602/6236/5377
f 5600/6224/5365 5709/6233/5374 5602/6236/5377 5543/6225/5366
f 5539/6237/5352 5601/6238/5367 5710/6239/5378 5693/6240/5379
f 5601/6238/5367 5543/6241/5366 5603/6242/5380 5710/6239/5378
f 5710/6239/5378 5603/6242/5380 5545/6243/5381 5604/6244/5382
f 5693/6240/5379 5710/6239/5378 5604/6244/5382 5546/6245/5383
f 5543/6241/5366 5602/6246/5377 5711/6247/5384 5603/6242/5380
f 5602/6246/5377 5544/6248/5376 5692/6249/5385 5711/6247/5384
f 5711/6247/5384 5692/6249/5385 5547/6250/5386 5605/6251/5387
f 5603/6242/5380 5711/6247/5384 5605/6251/5387 5545/6243/5381
f 5546/6245/5383 5604/6244/5382 5712/6252/5388 5691/6253/5389
f 5604/6244/5382 5545/6243/5381 5606/6254/5390 5712/6252/5388
f 5712/6252/5388 5606/6254/5390 5548/6255/5391 5607/6256/5392
f 5691/6253/5389 5712/6252/5388 5607/6256/5392 5549/6257/5393
f 5545/6243/5381 5605/6251/5387 5713/6258/5394 5606/6254/5390
f 5605/6251/5387 5547/6250/5386 5690/6259/5395 5713/6258/5394
f 5713/6258/5394 5690/6259/5395 5550/6260/5396 5608/6261/5397
f 5606/6254/5390 5713/6258/5394 5608/6261/5397 5548/6255/5391
f 5549/6257/5393 5607/6256/5392 5714/6262/5398 5689/6263/5399
f 5607/6256/5392 5548/6255/5391 5609/6264/5400 5714/6262/5398
f 5714/6262/5398 5609/6264/5400 5551/6265/5401 5610/6266/5402
f 5689/6263/5399 5714/6262/5398 5610/6266/5402 5552/6267/5403
f 5548/6255/5391 5608/6261/5397 5715/6268/5404 5609/6264/5400
f 5608/6261/5397 5550/6260/5396 5688/6269/5405 5715/6268/5404
f 5715/6268/5404 5688/6269/5405 5553/6270/5406 5611/6271/5407
f 5609/6264/5400 5715/6268/5404 5611/6271/5407 5551/6265/5401
f 5552/6267/5403 5610/6266/5402 5716/6272/5408 5687/6273/5409
f 5610/6266/5402 5551/6265/5401 5612/6274/5410 5716/6272/5408
f 5716/6272/5408 5612/6274/5410 5554/6275/5411 5613/6276/5412
f 5687/6273/5409 5716/6272/5408 5613/6276/5412 5555/6277/5413
f 5551/6265/5401 5611/6271/5407 5717/6278/5414 5612/6274/5410
f 5611/6271/5407 5553/6270/5406 5686/6279/5415 5717/6278/5414
f 5717/6278/5414 5686/6279/5415 5556/6280/5416 5614/6281/5417
f 5612/6274/5410 5717/6278/5414 5614/6281/5417 5554/6275/5411
f 5555/6282/5413 5613/6283/5412 5718/6284/5418 5644/6285/5419
f 5613/6283/5412 5554/6286/5411 5615/6287/5420 5718/6284/5418
f 5718/6284/5418 5615/6287/5420 5557/6288/5421 5616/6289/5422
f 5644/6285/5419 5718/6284/5418 5616/6289/5422 5558/6290/5423
f 5554/6286/5411 5614/6291/5417 5719/6292/5424 5615/6287/5420
f 5614/6291/5417 5556/6293/5416 5621/6294/5425 5719/6292/5424
f 5719/6292/5424 5621/6294/5425 5559/6295/5426 5617/6296/5427
f 5615/6287/5420 5719/6292/5424 5617/6296/5427 5557/6288/5421
f 5558/6290/5423 5616/6289/5422 5720/6297/5428 5645/6298/5429
f 5616/6289/5422 5557/6288/5421 5618/6299/5430 5720/6297/5428
f 5720/6297/5428 5618/6299/5430 5542/6219/5360 5695/6217/5358
f 5645/6298/5429 5720/6297/5428 5695/6217/5358 5538/6215/5356
f 5557/6288/5421 5617/6296/5427 5721/6300/5431 5618/6299/5430
f 5617/6296/5427 5559/6295/5426 5620/6301/5432 5721/6300/5431
f 5721/6300/5431 5620/6301/5432 5561/6229/5370 5624/6227/5368
f 5618/6299/5430 5721/6300/5431 5624/6227/5368 5542/6219/5360
f 5559/6295/5426 5619/6302/5433 5722/6303/5434 5620/6301/5432
f 5619/6302/5433 5560/6304/5435 5626/6305/5436 5722/6303/5434
f 5722/6303/5434 5626/6305/5436 5562/6306/5437 5622/6307/5438
f 5620/6301/5432 5722/6303/5434 5622/6307/5438 5561/6229/5370
f 5556/6293/5416 5638/6308/5439 5723/6309/5440 5621/6294/5425
f 5638/6308/5439 5566/6310/5441 5636/6311/5442 5723/6309/5440
f 5723/6309/5440 5636/6311/5442 5560/6304/5435 5619/6302/5433
f 5621/6294/5425 5723/6309/5440 5619/6302/5433 5559/6295/5426
f 5561/6229/5370 5622/6307/5438 5724/6312/5443 5623/6230/5371
f 5622/6307/5438 5562/6306/5437 5625/6313/5444 5724/6312/5443
f 5724/6312/5443 5625/6313/5444 5563/6314/5445 5642/6315/5446
f 5623/6230/5371 5724/6312/5443 5642/6315/5446 5541/6231/5372
f 5564/6316/5447 5630/6317/5448 5725/6318/5449 5627/6319/5450
f 5630/6317/5448 5567/6320/5451 5632/6321/5452 5725/6318/5449
f 5725/6318/5449 5632/6321/5452 5563/6314/5445 5625/6313/5444
f 5627/6319/5450 5725/6318/5449 5625/6313/5444 5562/6306/5437
f 5566/6310/5441 5629/6322/5453 5726/6323/5454 5636/6311/5442
f 5629/6322/5453 5564/6316/5447 5627/6319/5450 5726/6323/5454
f 5726/6323/5454 5627/6319/5450 5562/6306/5437 5626/6305/5436
f 5636/6311/5442 5726/6323/5454 5626/6305/5436 5560/6304/5435
f 5565/6324/5455 5634/6325/5456 5727/6326/5457 5628/6327/5458
f 5634/6325/5456 5568/6328/5459 5631/6329/5460 5727/6326/5457
f 5727/6326/5457 5631/6329/5460 5567/6330/5451 5630/6331/5448
f 5628/6327/5458 5727/6326/5457 5630/6331/5448 5564/6332/5447
f 5569/6333/5461 5639/6334/5462 5728/6335/5463 5637/6336/5464
f 5639/6334/5462 5565/6324/5455 5628/6327/5458 5728/6335/5463
f 5728/6335/5463 5628/6327/5458 5564/6332/5447 5629/6337/5453
f 5637/6336/5464 5728/6335/5463 5629/6337/5453 5566/6338/5441
f 5544/6248/5376 5633/6339/5465 5729/6340/5466 5692/6249/5385
f 5633/6339/5465 5567/6330/5451 5631/6329/5460 5729/6340/5466
f 5729/6340/5466 5631/6329/5460 5568/6328/5459 5635/6341/5467
f 5692/6249/5385 5729/6340/5466 5635/6341/5467 5547/6250/5386
f 5541/6231/5372 5642/6315/5446 5730/6342/5468 5694/6234/5375
f 5642/6315/5446 5563/6314/5445 5632/6321/5452 5730/6342/5468
f 5730/6342/5468 5632/6321/5452 5567/6320/5451 5633/6343/5465
f 5694/6234/5375 5730/6342/5468 5633/6343/5465 5544/6235/5376
f 5547/6250/5386 5635/6341/5467 5731/6344/5469 5690/6259/5395
f 5635/6341/5467 5568/6328/5459 5634/6325/5456 5731/6344/5469
f 5731/6344/5469 5634/6325/5456 5565/6324/5455 5641/6345/5470
f 5690/6259/5395 5731/6344/5469 5641/6345/5470 5550/6260/5396
f 5553/6270/5406 5640/6346/5471 5732/6347/5472 5686/6279/5415
f 5640/6346/5471 5569/6333/5461 5637/6336/5464 5732/6347/5472
f 5732/6347/5472 5637/6336/5464 5566/6338/5441 5638/6348/5439
f 5686/6279/5415 5732/6347/5472 5638/6348/5439 5556/6280/5416
f 5550/6260/5396 5641/6345/5470 5733/6349/5473 5688/6269/5405
f 5641/6345/5470 5565/6324/5455 5639/6334/5462 5733/6349/5473
f 5733/6349/5473 5639/6334/5462 5569/6333/5461 5640/6346/5471
f 5688/6269/5405 5733/6349/5473 5640/6346/5471 5553/6270/5406
f 5570/6350/5474 5643/6351/5475 5734/6352/5476 5647/6353/5477
f 5643/6351/5475 5558/6290/5423 5645/6298/5429 5734/6352/5476
f 5734/6352/5476 5645/6298/5429 5538/6215/5356 5697/6213/5354
f 5647/6353/5477 5734/6352/5476 5697/6213/5354 5536/6201/5342
f 5572/6354/5478 5650/6355/5479 5735/6356/5480 5648/6357/5481
f 5650/6355/5479 5555/6282/5413 5644/6285/5419 5735/6356/5480
f 5735/6356/5480 5644/6285/5419 5558/6290/5423 5643/6351/5475
f 5648/6357/5481 5735/6356/5480 5643/6351/5475 5570/6350/5474
f 5573/6358/5482 5649/6359/5483 5736/6360/5484 5684/6361/5485
f 5649/6359/5483 5572/6354/5478 5648/6357/5481 5736/6360/5484
f 5736/6360/5484 5648/6357/5481 5570/6350/5474 5646/6362/5486
f 5684/6361/5485 5736/6360/5484 5646/6362/5486 5571/6363/5487
f 5571/6363/5487 5646/6362/5486 5737/6364/5488 5685/6365/5489
f 5646/6362/5486 5570/6350/5474 5647/6353/5477 5737/6364/5488
f 5737/6364/5488 5647/6353/5477 5536/6201/5342 5698/6198/5339
f 5685/6365/5489 5737/6364/5488 5698/6198/5339 5532/6197/5338
f 5575/6366/5490 5652/6367/5491 5738/6368/5492 5683/6369/5493
f 5652/6367/5491 5574/6370/5494 5651/6371/5495 5738/6368/5492
f 5738/6368/5492 5651/6371/5495 5572/6372/5478 5649/6373/5483
f 5683/6369/5493 5738/6368/5492 5649/6373/5483 5573/6374/5482
f 5574/6370/5494 5653/6375/5496 5739/6376/5497 5651/6371/5495
f 5653/6375/5496 5552/6267/5403 5687/6273/5409 5739/6376/5497
f 5739/6376/5497 5687/6273/5409 5555/6277/5413 5650/6377/5479
f 5651/6371/5495 5739/6376/5497 5650/6377/5479 5572/6372/5478
f 5577/6378/5498 5655/6379/5499 5740/6380/5500 5682/6381/5501
f 5655/6379/5499 5576/6382/5502 5654/6383/5503 5740/6380/5500
f 5740/6380/5500 5654/6383/5503 5574/6370/5494 5652/6367/5491
f 5682/6381/5501 5740/6380/5500 5652/6367/5491 5575/6366/5490
f 5576/6382/5502 5656/6384/5504 5741/6385/5505 5654/6383/5503
f 5656/6384/5504 5549/6257/5393 5689/6263/5399 5741/6385/5505
f 5741/6385/5505 5689/6263/5399 5552/6267/5403 5653/6375/5496
f 5654/6383/5503 5741/6385/5505 5653/6375/5496 5574/6370/5494
f 5579/6386/5506 5658/6387/5507 5742/6388/5508 5661/6389/5509
f 5658/6387/5507 5578/6390/5510 5657/6391/5511 5742/6388/5508
f 5742/6388/5508 5657/6391/5511 5576/6382/5502 5655/6379/5499
f 5661/6389/5509 5742/6388/5508 5655/6379/5499 5577/6378/5498
f 5578/6390/5510 5659/6392/5512 5743/6393/5513 5657/6391/5511
f 5659/6392/5512 5546/6245/5383 5691/6253/5389 5743/6393/5513
f 5743/6393/5513 5691/6253/5389 5549/6257/5393 5656/6384/5504
f 5657/6391/5511 5743/6393/5513 5656/6384/5504 5576/6382/5502
f 5531/6394/5327 5699/6395/5337 5744/6396/5514 5662/6397/5515
f 5699/6395/5337 5535/6398/5336 5660/6399/5516 5744/6396/5514
f 5744/6396/5514 5660/6399/5516 5578/6390/5510 5658/6387/5507
f 5662/6397/5515 5744/6396/5514 5658/6387/5507 5579/6386/5506
f 5535/6398/5336 5696/6400/5353 5745/6401/5517 5660/6399/5516
f 5696/6400/5353 5539/6237/5352 5693/6240/5379 5745/6401/5517
f 5745/6401/5517 5693/6240/5379 5546/6245/5383 5659/6392/5512
f 5660/6399/5516 5745/6401/5517 5659/6392/5512 5578/6390/5510
f 5579/6386/5506 5661/6389/5509 5746/6402/5518 5663/6403/5519
f 5661/6389/5509 5577/6378/5498 5681/6404/5520 5746/6402/5518
f 5746/6402/5518 5681/6404/5520 5581/6405/5521 5664/6406/5522
f 5663/6403/5519 5746/6402/5518 5664/6406/5522 5580/6407/5523
f 5531/6394/5327 5662/6397/5515 5747/6408/5524 5668/6409/5328
f 5662/6397/5515 5579/6386/5506 5663/6403/5519 5747/6408/5524
f 5747/6408/5524 5663/6403/5519 5580/6407/5523 5665/6410/5525
f 5668/6409/5328 5747/6408/5524 5665/6410/5525 5582/6411/5329
f 5580/6407/5523 5664/6406/5522 5748/6412/5526 5665/6410/5525
f 5664/6406/5522 5581/6405/5521 5670/6413/5527 5748/6412/5526
f 5748/6412/5526 5670/6413/5527 5583/6414/5528 5667/6415/5529
f 5665/6410/5525 5748/6412/5526 5667/6415/5529 5582/6411/5329
f 5582/6188/5329 5667/6416/5529 5749/6417/5530 5666/6189/5330
f 5667/6416/5529 5583/6418/5528 5669/6419/5531 5749/6417/5530
f 5749/6417/5530 5669/6419/5531 5584/6206/5347 5680/6205/5346
f 5666/6189/5330 5749/6417/5530 5680/6205/5346 5533/6190/5331
f 5583/6418/5528 5671/6420/5532 5750/6421/5533 5669/6419/5531
f 5671/6420/5532 5585/6422/5534 5674/6423/5535 5750/6421/5533
f 5750/6421/5533 5674/6423/5535 5587/6424/5536 5675/6425/5537
f 5669/6419/5531 5750/6421/5533 5675/6425/5537 5584/6206/5347
f 5581/6405/5521 5678/6426/5538 5751/6427/5539 5670/6413/5527
f 5678/6426/5538 5586/6428/5540 5673/6429/5541 5751/6427/5539
f 5751/6427/5539 5673/6429/5541 5585/6430/5534 5671/6431/5532
f 5670/6413/5527 5751/6427/5539 5671/6431/5532 5583/6414/5528
f 5573/6358/5482 5684/6361/5485 5752/6432/5542 5672/6433/5543
f 5684/6361/5485 5571/6363/5487 5676/6434/5544 5752/6432/5542
f 5752/6432/5542 5676/6434/5544 5587/6424/5536 5674/6423/5535
f 5672/6433/5543 5752/6432/5542 5674/6423/5535 5585/6422/5534
f 5575/6366/5490 5683/6369/5493 5753/6435/5545 5677/6436/5546
f 5683/6369/5493 5573/6374/5482 5672/6437/5543 5753/6435/5545
f 5753/6435/5545 5672/6437/5543 5585/6430/5534 5673/6429/5541
f 5677/6436/5546 5753/6435/5545 5673/6429/5541 5586/6428/5540
f 5571/6363/5487 5685/6365/5489 5754/6438/5547 5676/6434/5544
f 5685/6365/5489 5532/6197/5338 5679/6204/5345 5754/6438/5547
f 5754/6438/5547 5679/6204/5345 5584/6206/5347 5675/6425/5537
f 5676/6434/5544 5754/6438/5547 5675/6425/5537 5587/6424/5536
f 5577/6378/5498 5682/6381/5501 5755/6439/5548 5681/6404/5520
f 5682/6381/5501 5575/6366/5490 5677/6436/5546 5755/6439/5548
f 5755/6439/5548 5677/6436/5546 5586/6428/5540 5678/6426/5538
f 5681/6404/5520 5755/6439/5548 5678/6426/5538 5581/6405/5521
f 5756/6440/5549 5814/6441/5550 5926/6442/5551 5816/6443/5552
f 5814/6441/5550 5757/6444/5553 5894/6445/5554 5926/6442/5551
f 5926/6442/5551 5894/6445/5554 5808/6446/5555 5892/6447/5556
f 5816/6443/5552 5926/6442/5551 5892/6447/5556 5759/6448/5557
f 5756/6440/5549 5817/6449/5558 5927/6450/5559 5814/6441/5550
f 5817/6449/5558 5760/6451/5560 5818/6452/5561 5927/6450/5559
f 5927/6450/5559 5818/6452/5561 5761/6453/5562 5925/6454/5563
f 5814/6441/5550 5927/6450/5559 5925/6454/5563 5757/6444/5553
f 5758/6455/5564 5924/6456/5565 5928/6457/5566 5815/6458/5567
f 5924/6456/5565 5762/6459/5568 5819/6460/5569 5928/6457/5566
f 5928/6457/5566 5819/6460/5569 5760/6451/5560 5817/6449/5558
f 5815/6458/5567 5928/6457/5566 5817/6449/5558 5756/6440/5549
f 5758/6455/5564 5815/6458/5567 5929/6461/5570 5905/6462/5571
f 5815/6458/5567 5756/6440/5549 5816/6443/5552 5929/6461/5570
f 5929/6461/5570 5816/6443/5552 5759/6448/5557 5906/6463/5572
f 5905/6462/5571 5929/6461/5570 5906/6463/5572 5810/6464/5573
f 5760/6451/5560 5820/6465/5574 5930/6466/5575 5818/6452/5561
f 5820/6465/5574 5763/6467/5576 5822/6468/5577 5930/6466/5575
f 5930/6466/5575 5822/6468/5577 5765/6469/5578 5922/6470/5579
f 5818/6452/5561 5930/6466/5575 5922/6470/5579 5761/6453/5562
f 5762/6459/5568 5923/6471/5580 5931/6472/5581 5819/6460/5569
f 5923/6471/5580 5764/6473/5582 5821/6474/5583 5931/6472/5581
f 5931/6472/5581 5821/6474/5583 5763/6467/5576 5820/6465/5574
f 5819/6460/5569 5931/6472/5581 5820/6465/5574 5760/6451/5560
f 5764/6473/5582 5921/6475/5584 5932/6476/5585 5821/6474/5583
f 5921/6475/5584 5768/6477/5586 5825/6478/5587 5932/6476/5585
f 5932/6476/5585 5825/6478/5587 5766/6479/5588 5823/6480/5589
f 5821/6474/5583 5932/6476/5585 5823/6480/5589 5763/6467/5576
f 5763/6467/5576 5823/6480/5589 5933/6481/5590 5822/6468/5577
f 5823/6480/5589 5766/6479/5588 5826/6482/5591 5933/6481/5590
f 5933/6481/5590 5826/6482/5591 5769/6483/5592 5827/6484/5593
f 5822/6468/5577 5933/6481/5590 5827/6484/5593 5765/6469/5578
f 5768/6477/5586 5850/6485/5594 5934/6486/5595 5825/6478/5587
f 5850/6485/5594 5787/6487/5596 5849/6488/5597 5934/6486/5595
f 5934/6486/5595 5849/6488/5597 5767/6489/5598 5824/6490/5599
f 5825/6478/5587 5934/6486/5595 5824/6490/5599 5766/6479/5588
f 5766/6479/5588 5824/6490/5599 5935/6491/5600 5826/6482/5591
f 5824/6490/5599 5767/6489/5598 5920/6492/5601 5935/6491/5600
f 5935/6491/5600 5920/6492/5601 5770/6493/5602 5828/6494/5603
f 5826/6482/5591 5935/6491/5600 5828/6494/5603 5769/6483/5592
f 5765/6495/5578 5827/6496/5593 5936/6497/5604 5919/6498/5605
f 5827/6496/5593 5769/6499/5592 5829/6500/5606 5936/6497/5604
f 5936/6497/5604 5829/6500/5606 5771/6501/5607 5830/6502/5608
f 5919/6498/5605 5936/6497/5604 5830/6502/5608 5772/6503/5609
f 5769/6499/5592 5828/6504/5603 5937/6505/5610 5829/6500/5606
f 5828/6504/5603 5770/6506/5602 5918/6507/5611 5937/6505/5610
f 5937/6505/5610 5918/6507/5611 5773/6508/5612 5831/6509/5613
f 5829/6500/5606 5937/6505/5610 5831/6509/5613 5771/6501/5607
f 5772/6503/5609 5830/6502/5608 5938/6510/5614 5917/6511/5615
f 5830/6502/5608 5771/6501/5607 5832/6512/5616 5938/6510/5614
f 5938/6510/5614 5832/6512/5616 5774/6513/5617 5833/6514/5618
f 5917/6511/5615 5938/6510/5614 5833/6514/5618 5775/6515/5619
f 5771/6501/5607 5831/6509/5613 5939/6516/5620 5832/6512/5616
f 5831/6509/5613 5773/6508/5612 5916/6517/5621 5939/6516/5620
f 5939/6516/5620 5916/6517/5621 5776/6518/5622 5834/6519/5623
f 5832/6512/5616 5939/6516/5620 5834/6519/5623 5774/6513/5617
f 5775/6515/5619 5833/6514/5618 5940/6520/5624 5915/6521/5625
f 5833/6514/5618 5774/6513/5617 5835/6522/5626 5940/6520/5624
f 5940/6520/5624 5835/6522/5626 5777/6523/5627 5836/6524/5628
f 5915/6521/5625 5940/6520/5624 5836/6524/5628 5778/6525/5629
f 5774/6513/5617 5834/6519/5623 5941/6526/5630 5835/6522/5626
f 5834/6519/5623 5776/6518/5622 5914/6527/5631 5941/6526/5630
f 5941/6526/5630 5914/6527/5631 5779/6528/5632 5837/6529/5633
f 5835/6522/5626 5941/6526/5630 5837/6529/5633 5777/6523/5627
f 5778/6525/5629 5836/6524/5628 5942/6530/5634 5913/6531/5635
f 5836/6524/5628 5777/6523/5627 5838/6532/5636 5942/6530/5634
f 5942/6530/5634 5838/6532/5636 5780/6533/5637 5839/6534/5638
f 5913/6531/5635 5942/6530/5634 5839/6534/5638 5781/6535/5639
f 5777/6523/5627 5837/6529/5633 5943/6536/5640 5838/6532/5636
f 5837/6529/5633 5779/6528/5632 5912/6537/5641 5943/6536/5640
f 5943/6536/5640 5912/6537/5641 5782/6538/5642 5840/6539/5643
f 5838/6532/5636 5943/6536/5640 5840/6539/5643 5780/6533/5637
f 5781/6540/5639 5839/6541/5638 5944/6542/5644 5870/6543/5645
f 5839/6541/5638 5780/6544/5637 5841/6545/5646 5944/6542/5644
f 5944/6542/5644 5841/6545/5646 5783/6546/5647 5842/6547/5648
f 5870/6543/5645 5944/6542/5644 5842/6547/5648 5784/6548/5649
f 5780/6544/5637 5840/6549/5643 5945/6550/5650 5841/6545/5646
f 5840/6549/5643 5782/6551/5642 5847/6552/5651 5945/6550/5650
f 5945/6550/5650 5847/6552/5651 5785/6553/5652 5843/6554/5653
f 5841/6545/5646 5945/6550/5650 5843/6554/5653 5783/6546/5647
f 5784/6548/5649 5842/6547/5648 5946/6555/5654 5871/6556/5655
f 5842/6547/5648 5783/6546/5647 5844/6557/5656 5946/6555/5654
f 5946/6555/5654 5844/6557/5656 5768/6477/5586 5921/6475/5584
f 5871/6556/5655 5946/6555/5654 5921/6475/5584 5764/6473/5582
f 5783/6546/5647 5843/6554/5653 5947/6558/5657 5844/6557/5656
f 5843/6554/5653 5785/6553/5652 5846/6559/5658 5947/6558/5657
f 5947/6558/5657 5846/6559/5658 5787/6487/5596 5850/6485/5594
f 5844/6557/5656 5947/6558/5657 5850/6485/5594 5768/6477/5586
f 5785/6553/5652 5845/6560/5659 5948/6561/5660 5846/6559/5658
f 5845/6560/5659 5786/6562/5661 5852/6563/5662 5948/6561/5660
f 5948/6561/5660 5852/6563/5662 5788/6564/5663 5848/6565/5664
f 5846/6559/5658 5948/6561/5660 5848/6565/5664 5787/6487/5596
f 5782/6551/5642 5864/6566/5665 5949/6567/5666 5847/6552/5651
f 5864/6566/5665 5792/6568/5667 5862/6569/5668 5949/6567/5666
f 5949/6567/5666 5862/6569/5668 5786/6562/5661 5845/6560/5659
f 5847/6552/5651 5949/6567/5666 5845/6560/5659 5785/6553/5652
f 5787/6487/5596 5848/6565/5664 5950/6570/5669 5849/6488/5597
f 5848/6565/5664 5788/6564/5663 5851/6571/5670 5950/6570/5669
f 5950/6570/5669 5851/6571/5670 5789/6572/5671 5868/6573/5672
f 5849/6488/5597 5950/6570/5669 5868/6573/5672 5767/6489/5598
f 5790/6574/5673 5856/6575/5674 5951/6576/5675 5853/6577/5676
f 5856/6575/5674 5793/6578/5677 5858/6579/5678 5951/6576/5675
f 5951/6576/5675 5858/6579/5678 5789/6572/5671 5851/6571/5670
f 5853/6577/5676 5951/6576/5675 5851/6571/5670 5788/6564/5663
f 5792/6568/5667 5855/6580/5679 5952/6581/5680 5862/6569/5668
f 5855/6580/5679 5790/6574/5673 5853/6577/5676 5952/6581/5680
f 5952/6581/5680 5853/6577/5676 5788/6564/5663 5852/6563/5662
f 5862/6569/5668 5952/6581/5680 5852/6563/5662 5786/6562/5661
f 5791/6582/5681 5860/6583/5682 5953/6584/5683 5854/6585/5684
f 5860/6583/5682 5794/6586/5685 5857/6587/5686 5953/6584/5683
f 5953/6584/5683 5857/6587/5686 5793/6588/5677 5856/6589/5674
f 5854/6585/5684 5953/6584/5683 5856/6589/5674 5790/6590/5673
f 5795/6591/5687 5865/6592/5688 5954/6593/5689 5863/6594/5690
f 5865/6592/5688 5791/6582/5681 5854/6585/5684 5954/6593/5689
f 5954/6593/5689 5854/6585/5684 5790/6590/5673 5855/6595/5679
f 5863/6594/5690 5954/6593/5689 5855/6595/5679 5792/6596/5667
f 5770/6506/5602 5859/6597/5691 5955/6598/5692 5918/6507/5611
f 5859/6597/5691 5793/6588/5677 5857/6587/5686 5955/6598/5692
f 5955/6598/5692 5857/6587/5686 5794/6586/5685 5861/6599/5693
f 5918/6507/5611 5955/6598/5692 5861/6599/5693 5773/6508/5612
f 5767/6489/5598 5868/6573/5672 5956/6600/5694 5920/6492/5601
f 5868/6573/5672 5789/6572/5671 5858/6579/5678 5956/6600/5694
f 5956/6600/5694 5858/6579/5678 5793/6578/5677 5859/6601/5691
f 5920/6492/5601 5956/6600/5694 5859/6601/5691 5770/6493/5602
f 5773/6508/5612 5861/6599/5693 5957/6602/5695 5916/6517/5621
f 5861/6599/5693 5794/6586/5685 5860/6583/5682 5957/6602/5695
f 5957/6602/5695 5860/6583/5682 5791/6582/5681 5867/6603/5696
f 5916/6517/5621 5957/6602/5695 5867/6603/5696 5776/6518/5622
f 5779/6528/5632 5866/6604/5697 5958/6605/5698 5912/6537/5641
f 5866/6604/5697 5795/6591/5687 5863/6594/5690 5958/6605/5698
f 5958/6605/5698 5863/6594/5690 5792/6596/5667 5864/6606/5665
f 5912/6537/5641 5958/6605/5698 5864/6606/5665 5782/6538/5642
f 5776/6518/5622 5867/6603/5696 5959/6607/5699 5914/6527/5631
f 5867/6603/5696 5791/6582/5681 5865/6592/5688 5959/6607/5699
f 5959/6607/5699 5865/6592/5688 5795/6591/5687 5866/6604/5697
f 5914/6527/5631 5959/6607/5699 5866/6604/5697 5779/6528/5632
f 5796/6608/5700 5869/6609/5701 5960/6610/5702 5873/6611/5703
f 5869/6609/5701 5784/6548/5649 5871/6556/5655 5960/6610/5702
f 5960/6610/5702 5871/6556/5655 5764/6473/5582 5923/6471/5580
f 5873/6611/5703 5960/6610/5702 5923/6471/5580 5762/6459/5568
f 5798/6612/5704 5876/6613/5705 5961/6614/5706 5874/6615/5707
f 5876/6613/5705 5781/6540/5639 5870/6543/5645 5961/6614/5706
f 5961/6614/5706 5870/6543/5645 5784/6548/5649 5869/6609/5701
f 5874/6615/5707 5961/6614/5706 5869/6609/5701 5796/6608/5700
f 5799/6616/5708 5875/6617/5709 5962/6618/5710 5910/6619/5711
f 5875/6617/5709 5798/6612/5704 5874/6615/5707 5962/6618/5710
f 5962/6618/5710 5874/6615/5707 5796/6608/5700 5872/6620/5712
f 5910/6619/5711 5962/6618/5710 5872/6620/5712 5797/6621/5713
f 5797/6621/5713 5872/6620/5712 5963/6622/5714 5911/6623/5715
f 5872/6620/5712 5796/6608/5700 5873/6611/5703 5963/6622/5714
f 5963/6622/5714 5873/6611/5703 5762/6459/5568 5924/6456/5565
f 5911/6623/5715 5963/6622/5714 5924/6456/5565 5758/6455/5564
f 5801/6624/5716 5878/6625/5717 5964/6626/5718 5909/6627/5719
f 5878/6625/5717 5800/6628/5720 5877/6629/5721 5964/6626/5718
f 5964/6626/5718 5877/6629/5721 5798/6630/5704 5875/6631/5709
f 5909/6627/5719 5964/6626/5718 5875/6631/5709 5799/6632/5708
f 5800/6628/5720 5879/6633/5722 5965/6634/5723 5877/6629/5721
f 5879/6633/5722 5778/6525/5629 5913/6531/5635 5965/6634/5723
f 5965/6634/5723 5913/6531/5635 5781/6535/5639 5876/6635/5705
f 5877/6629/5721 5965/6634/5723 5876/6635/5705 5798/6630/5704
f 5803/6636/5724 5881/6637/5725 5966/6638/5726 5908/6639/5727
f 5881/6637/5725 5802/6640/5728 5880/6641/5729 5966/6638/5726
f 5966/6638/5726 5880/6641/5729 5800/6628/5720 5878/6625/5717
f 5908/6639/5727 5966/6638/5726 5878/6625/5717 5801/6624/5716
f 5802/6640/5728 5882/6642/5730 5967/6643/5731 5880/6641/5729
f 5882/6642/5730 5775/6515/5619 5915/6521/5625 5967/6643/5731
f 5967/6643/5731 5915/6521/5625 5778/6525/5629 5879/6633/5722
f 5880/6641/5729 5967/6643/5731 5879/6633/5722 5800/6628/5720
f 5805/6644/5732 5884/6645/5733 5968/6646/5734 5887/6647/5735
f 5884/6645/5733 5804/6648/5736 5883/6649/5737 5968/6646/5734
f 5968/6646/5734 5883/6649/5737 5802/6640/5728 5881/6637/5725
f 5887/6647/5735 5968/6646/5734 5881/6637/5725 5803/6636/5724
f 5804/6648/5736 5885/6650/5738 5969/6651/5739 5883/6649/5737
f 5885/6650/5738 5772/6503/5609 5917/6511/5615 5969/6651/5739
f 5969/6651/5739 5917/6511/5615 5775/6515/5619 5882/6642/5730
f 5883/6649/5737 5969/6651/5739 5882/6642/5730 5802/6640/5728
f 5757/6652/5553 5925/6653/5563 5970/6654/5740 5888/6655/5741
f 5925/6653/5563 5761/6656/5562 5886/6657/5742 5970/6654/5740
f 5970/6654/5740 5886/6657/5742 5804/6648/5736 5884/6645/5733
f 5888/6655/5741 5970/6654/5740 5884/6645/5733 5805/6644/5732
f 5761/6656/5562 5922/6658/5579 5971/6659/5743 5886/6657/5742
f 5922/6658/5579 5765/6495/5578 5919/6498/5605 5971/6659/5743
f 5971/6659/5743 5919/6498/5605 5772/6503/5609 5885/6650/5738
f 5886/6657/5742 5971/6659/5743 5885/6650/5738 5804/6648/5736
f 5805/6644/5732 5887/6647/5735 5972/6660/5744 5889/6661/5745
f 5887/6647/5735 5803/6636/5724 5907/6662/5746 5972/6660/5744
f 5972/6660/5744 5907/6662/5746 5807/6663/5747 5890/6664/5748
f 5889/6661/5745 5972/6660/5744 5890/6664/5748 5806/6665/5749
f 5757/6652/5553 5888/6655/5741 5973/6666/5750 5894/6667/5554
f 5888/6655/5741 5805/6644/5732 5889/6661/5745 5973/6666/5750
f 5973/6666/5750 5889/6661/5745 5806/6665/5749 5891/6668/5751
f 5894/6667/5554 5973/6666/5750 5891/6668/5751 5808/6669/5555
f 5806/6665/5749 5890/6664/5748 5974/6670/5752 5891/6668/5751
f 5890/6664/5748 5807/6663/5747 5896/6671/5753 5974/6670/5752
f 5974/6670/5752 5896/6671/5753 5809/6672/5754 5893/6673/5755
f 5891/6668/5751 5974/6670/5752 5893/6673/5755 5808/6669/5555
f 5808/6446/5555 5893/6674/5755 5975/6675/5756 5892/6447/5556
f 5893/6674/5755 5809/6676/5754 5895/6677/5757 5975/6675/5756
f 5975/6675/5756 5895/6677/5757 5810/6464/5573 5906/6463/5572
f 5892/6447/5556 5975/6675/5756 5906/6463/5572 5759/6448/5557
f 5809/6676/5754 5897/6678/5758 5976/6679/5759 5895/6677/5757
f 5897/6678/5758 5811/6680/5760 5900/6681/5761 5976/6679/5759
f 5976/6679/5759 5900/6681/5761 5813/6682/5762 5901/6683/5763
f 5895/6677/5757 5976/6679/5759 5901/6683/5763 5810/6464/5573
f 5807/6663/5747 5904/6684/5764 5977/6685/5765 5896/6671/5753
f 5904/6684/5764 5812/6686/5766 5899/6687/5767 5977/6685/5765
f 5977/6685/5765 5899/6687/5767 5811/6688/5760 5897/6689/5758
f 5896/6671/5753 5977/6685/5765 5897/6689/5758 5809/6672/5754
f 5799/6616/5708 5910/6619/5711 5978/6690/5768 5898/6691/5769
f 5910/6619/5711 5797/6621/5713 5902/6692/5770 5978/6690/5768
f 5978/6690/5768 5902/6692/5770 5813/6682/5762 5900/6681/5761
f 5898/6691/5769 5978/6690/5768 5900/6681/5761 5811/6680/5760
f 5801/6624/5716 5909/6627/5719 5979/6693/5771 5903/6694/5772
f 5909/6627/5719 5799/6632/5708 5898/6695/5769 5979/6693/5771
f 5979/6693/5771 5898/6695/5769 5811/6688/5760 5899/6687/5767
f 5903/6694/5772 5979/6693/5771 5899/6687/5767 5812/6686/5766
f 5797/6621/5713 5911/6623/5715 5980/6696/5773 5902/6692/5770
f 5911/6623/5715 5758/6455/5564 5905/6462/5571 5980/6696/5773
f 5980/6696/5773 5905/6462/5571 5810/6464/5573 5901/6683/5763
f 5902/6692/5770 5980/6696/5773 5901/6683/5763 5813/6682/5762
f 5803/6636/5724 5908/6639/5727 5981/6697/5774 5907/6662/5746
f 5908/6639/5727 5801/6624/5716 5903/6694/5772 5981/6697/5774
f 5981/6697/5774 5903/6694/5772 5812/6686/5766 5904/6684/5764
f 5907/6662/5746 5981/6697/5774 5904/6684/5764 5807/6663/5747
f 5982/6698/5775 6040/6699/5776 6152/6700/5777 6042/6701/5778
f 6040/6699/5776 5983/6702/5779 6120/6703/5780 6152/6700/5777
f 6152/6700/5777 6120/6703/5780 6034/6704/5781 6118/6705/5782
f 6042/6701/5778 6152/6700/5777 6118/6705/5782 5985/6706/5783
f 5982/6698/5775 6043/6707/5784 6153/6708/5785 6040/6699/5776
f 6043/6707/5784 5986/6709/5786 6044/6710/5787 6153/6708/5785
f 6153/6708/5785 6044/6710/5787 5987/6711/5788 6151/6712/5789
f 6040/6699/5776 6153/6708/5785 6151/6712/5789 5983/6702/5779
f 5984/6713/5790 6150/6714/5791 6154/6715/5792 6041/6716/5793
f 6150/6714/5791 5988/6717/5794 6045/6718/5795 6154/6715/5792
f 6154/6715/5792 6045/6718/5795 5986/6709/5786 6043/6707/5784
f 6041/6716/5793 6154/6715/5792 6043/6707/5784 5982/6698/5775
f 5984/6713/5790 6041/6716/5793 6155/6719/5796 6131/6720/5797
f 6041/6716/5793 5982/6698/5775 6042/6701/5778 6155/6719/5796
f 6155/6719/5796 6042/6701/5778 5985/6706/5783 6132/6721/5798
f 6131/6720/5797 6155/6719/5796 6132/6721/5798 6036/6722/5799
f 5986/6709/5786 6046/6723/5800 6156/6724/5801 6044/6710/5787
f 6046/6723/5800 5989/6725/5802 6048/6726/5803 6156/6724/5801
f 6156/6724/5801 6048/6726/5803 5991/6727/5804 6148/6728/5805
f 6044/6710/5787 6156/6724/5801 6148/6728/5805 5987/6711/5788
f 5988/6717/5794 6149/6729/5806 6157/6730/5807 6045/6718/5795
f 6149/6729/5806 5990/6731/5808 6047/6732/5809 6157/6730/5807
f 6157/6730/5807 6047/6732/5809 5989/6725/5802 6046/6723/5800
f 6045/6718/5795 6157/6730/5807 6046/6723/5800 5986/6709/5786
f 5990/6731/5808 6147/6733/5810 6158/6734/5811 6047/6732/5809
f 6147/6733/5810 5994/6735/5812 6051/6736/5813 6158/6734/5811
f 6158/6734/5811 6051/6736/5813 5992/6737/5814 6049/6738/5815
f 6047/6732/5809 6158/6734/5811 6049/6738/5815 5989/6725/5802
f 5989/6725/5802 6049/6738/5815 6159/6739/5816 6048/6726/5803
f 6049/6738/5815 5992/6737/5814 6052/6740/5817 6159/6739/5816
f 6159/6739/5816 6052/6740/5817 5995/6741/5818 6053/6742/5819
f 6048/6726/5803 6159/6739/5816 6053/6742/5819 5991/6727/5804
f 5994/6735/5812 6076/6743/5820 6160/6744/5821 6051/6736/5813
f 6076/6743/5820 6013/6745/5822 6075/6746/5823 6160/6744/5821
f 6160/6744/5821 6075/6746/5823 5993/6747/5824 6050/6748/5825
f 6051/6736/5813 6160/6744/5821 6050/6748/5825 5992/6737/5814
f 5992/6737/5814 6050/6748/5825 6161/6749/5826 6052/6740/5817
f 6050/6748/5825 5993/6747/5824 6146/6750/5827 6161/6749/5826
f 6161/6749/5826 6146/6750/5827 5996/6751/5828 6054/6752/5829
f 6052/6740/5817 6161/6749/5826 6054/6752/5829 5995/6741/5818
f 5991/6753/5804 6053/6754/5819 6162/6755/5830 6145/6756/5831
f 6053/6754/5819 5995/6757/5818 6055/6758/5832 6162/6755/5830
f 6162/6755/5830 6055/6758/5832 5997/6759/5833 6056/6760/5834
f 6145/6756/5831 6162/6755/5830 6056/6760/5834 5998/6761/5835
f 5995/6757/5818 6054/6762/5829 6163/6763/5836 6055/6758/5832
f 6054/6762/5829 5996/6764/5828 6144/6765/5837 6163/6763/5836
f 6163/6763/5836 6144/6765/5837 5999/6766/5838 6057/6767/5839
f 6055/6758/5832 6163/6763/5836 6057/6767/5839 5997/6759/5833
f 5998/6761/5835 6056/6760/5834 6164/6768/5840 6143/6769/5841
f 6056/6760/5834 5997/6759/5833 6058/6770/5842 6164/6768/5840
f 6164/6768/5840 6058/6770/5842 6000/6771/5843 6059/6772/5844
f 6143/6769/5841 6164/6768/5840 6059/6772/5844 6001/6773/5845
f 5997/6759/5833 6057/6767/5839 6165/6774/5846 6058/6770/5842
f 6057/6767/5839 5999/6766/5838 6142/6775/5847 6165/6774/5846
f 6165/6774/5846 6142/6775/5847 6002/6776/5848 6060/6777/5849
f 6058/6770/5842 6165/6774/5846 6060/6777/5849 6000/6771/5843
f 6001/6773/5845 6059/6772/5844 6166/6778/5850 6141/6779/5851
f 6059/6772/5844 6000/6771/5843 6061/6780/5852 6166/6778/5850
f 6166/6778/5850 6061/6780/5852 6003/6781/5853 6062/6782/5854
f 6141/6779/5851 6166/6778/5850 6062/6782/5854 6004/6783/5855
f 6000/6771/5843 6060/6777/5849 6167/6784/5856 6061/6780/5852
f 6060/6777/5849 6002/6776/5848 6140/6785/5857 6167/6784/5856
f 6167/6784/5856 6140/6785/5857 6005/6786/5858 6063/6787/5859
f 6061/6780/5852 6167/6784/5856 6063/6787/5859 6003/6781/5853
f 6004/6783/5855 6062/6782/5854 6168/6788/5860 6139/6789/5861
f 6062/6782/5854 6003/6781/5853 6064/6790/5862 6168/6788/5860
f 6168/6788/5860 6064/6790/5862 6006/6791/5863 6065/6792/5864
f 6139/6789/5861 6168/6788/5860 6065/6792/5864 6007/6793/5865
f 6003/6781/5853 6063/6787/5859 6169/6794/5866 6064/6790/5862
f 6063/6787/5859 6005/6786/5858 6138/6795/5867 6169/6794/5866
f 6169/6794/5866 6138/6795/5867 6008/6796/5868 6066/6797/5869
f 6064/6790/5862 6169/6794/5866 6066/6797/5869 6006/6791/5863
f 6007/6798/5865 6065/6799/5864 6170/6800/5870 6096/6801/5871
f 6065/6799/5864 6006/6802/5863 6067/6803/5872 6170/6800/5870
f 6170/6800/5870 6067/6803/5872 6009/6804/5873 6068/6805/5874
f 6096/6801/5871 6170/6800/5870 6068/6805/5874 6010/6806/5875
f 6006/6802/5863 6066/6807/5869 6171/6808/5876 6067/6803/5872
f 6066/6807/5869 6008/6809/5868 6073/6810/5877 6171/6808/5876
f 6171/6808/5876 6073/6810/5877 6011/6811/5878 6069/6812/5879
f 6067/6803/5872 6171/6808/5876 6069/6812/5879 6009/6804/5873
f 6010/6806/5875 6068/6805/5874 6172/6813/5880 6097/6814/5881
f 6068/6805/5874 6009/6804/5873 6070/6815/5882 6172/6813/5880
f 6172/6813/5880 6070/6815/5882 5994/6735/5812 6147/6733/5810
f 6097/6814/5881 6172/6813/5880 6147/6733/5810 5990/6731/5808
f 6009/6804/5873 6069/6812/5879 6173/6816/5883 6070/6815/5882
f 6069/6812/5879 6011/6811/5878 6072/6817/5884 6173/6816/5883
f 6173/6816/5883 6072/6817/5884 6013/6745/5822 6076/6743/5820
f 6070/6815/5882 6173/6816/5883 6076/6743/5820 5994/6735/5812
f 6011/6811/5878 6071/6818/5885 6174/6819/5886 6072/6817/5884
f 6071/6818/5885 6012/6820/5887 6078/6821/5888 6174/6819/5886
f 6174/6819/5886 6078/6821/5888 6014/6822/5889 6074/6823/5890
f 6072/6817/5884 6174/6819/5886 6074/6823/5890 6013/6745/5822
f 6008/6809/5868 6090/6824/5891 6175/6825/5892 6073/6810/5877
f 6090/6824/5891 6018/6826/5893 6088/6827/5894 6175/6825/5892
f 6175/6825/5892 6088/6827/5894 6012/6820/5887 6071/6818/5885
f 6073/6810/5877 6175/6825/5892 6071/6818/5885 6011/6811/5878
f 6013/6745/5822 6074/6823/5890 6176/6828/5895 6075/6746/5823
f 6074/6823/5890 6014/6822/5889 6077/6829/5896 6176/6828/5895
f 6176/6828/5895 6077/6829/5896 6015/6830/5897 6094/6831/5898
f 6075/6746/5823 6176/6828/5895 6094/6831/5898 5993/6747/5824
f 6016/6832/5899 6082/6833/5900 6177/6834/5901 6079/6835/5902
f 6082/6833/5900 6019/6836/5903 6084/6837/5904 6177/6834/5901
f 6177/6834/5901 6084/6837/5904 6015/6830/5897 6077/6829/5896
f 6079/6835/5902 6177/6834/5901 6077/6829/5896 6014/6822/5889
f 6018/6826/5893 6081/6838/5905 6178/6839/5906 6088/6827/5894
f 6081/6838/5905 6016/6832/5899 6079/6835/5902 6178/6839/5906
f 6178/6839/5906 6079/6835/5902 6014/6822/5889 6078/6821/5888
f 6088/6827/5894 6178/6839/5906 6078/6821/5888 6012/6820/5887
f 6017/6840/5907 6086/6841/5908 6179/6842/5909 6080/6843/5910
f 6086/6841/5908 6020/6844/5911 6083/6845/5912 6179/6842/5909
f 6179/6842/5909 6083/6845/5912 6019/6846/5903 6082/6847/5900
f 6080/6843/5910 6179/6842/5909 6082/6847/5900 6016/6848/5899
f 6021/6849/5913 6091/6850/5914 6180/6851/5915 6089/6852/5916
f 6091/6850/5914 6017/6840/5907 6080/6843/5910 6180/6851/5915
f 6180/6851/5915 6080/6843/5910 6016/6848/5899 6081/6853/5905
f 6089/6852/5916 6180/6851/5915 6081/6853/5905 6018/6854/5893
f 5996/6764/5828 6085/6855/5917 6181/6856/5918 6144/6765/5837
f 6085/6855/5917 6019/6846/5903 6083/6845/5912 6181/6856/5918
f 6181/6856/5918 6083/6845/5912 6020/6844/5911 6087/6857/5919
f 6144/6765/5837 6181/6856/5918 6087/6857/5919 5999/6766/5838
f 5993/6747/5824 6094/6831/5898 6182/6858/5920 6146/6750/5827
f 6094/6831/5898 6015/6830/5897 6084/6837/5904 6182/6858/5920
f 6182/6858/5920 6084/6837/5904 6019/6836/5903 6085/6859/5917
f 6146/6750/5827 6182/6858/5920 6085/6859/5917 5996/6751/5828
f 5999/6766/5838 6087/6857/5919 6183/6860/5921 6142/6775/5847
f 6087/6857/5919 6020/6844/5911 6086/6841/5908 6183/6860/5921
f 6183/6860/5921 6086/6841/5908 6017/6840/5907 6093/6861/5922
f 6142/6775/5847 6183/6860/5921 6093/6861/5922 6002/6776/5848
f 6005/6786/5858 6092/6862/5923 6184/6863/5924 6138/6795/5867
f 6092/6862/5923 6021/6849/5913 6089/6852/5916 6184/6863/5924
f 6184/6863/5924 6089/6852/5916 6018/6854/5893 6090/6864/5891
f 6138/6795/5867 6184/6863/5924 6090/6864/5891 6008/6796/5868
f 6002/6776/5848 6093/6861/5922 6185/6865/5925 6140/6785/5857
f 6093/6861/5922 6017/6840/5907 6091/6850/5914 6185/6865/5925
f 6185/6865/5925 6091/6850/5914 6021/6849/5913 6092/6862/5923
f 6140/6785/5857 6185/6865/5925 6092/6862/5923 6005/6786/5858
f 6022/6866/5926 6095/6867/5927 6186/6868/5928 6099/6869/5929
f 6095/6867/5927 6010/6806/5875 6097/6814/5881 6186/6868/5928
f 6186/6868/5928 6097/6814/5881 5990/6731/5808 6149/6729/5806
f 6099/6869/5929 6186/6868/5928 6149/6729/5806 5988/6717/5794
f 6024/6870/5930 6102/6871/5931 6187/6872/5932 6100/6873/5933
f 6102/6871/5931 6007/6798/5865 6096/6801/5871 6187/6872/5932
f 6187/6872/5932 6096/6801/5871 6010/6806/5875 6095/6867/5927
f 6100/6873/5933 6187/6872/5932 6095/6867/5927 6022/6866/5926
f 6025/6874/5934 6101/6875/5935 6188/6876/5936 6136/6877/5937
f 6101/6875/5935 6024/6870/5930 6100/6873/5933 6188/6876/5936
f 6188/6876/5936 6100/6873/5933 6022/6866/5926 6098/6878/5938
f 6136/6877/5937 6188/6876/5936 6098/6878/5938 6023/6879/5939
f 6023/6879/5939 6098/6878/5938 6189/6880/5940 6137/6881/5941
f 6098/6878/5938 6022/6866/5926 6099/6869/5929 6189/6880/5940
f 6189/6880/5940 6099/6869/5929 5988/6717/5794 6150/6714/5791
f 6137/6881/5941 6189/6880/5940 6150/6714/5791 5984/6713/5790
f 6027/6882/5942 6104/6883/5943 6190/6884/5944 6135/6885/5945
f 6104/6883/5943 6026/6886/5946 6103/6887/5947 6190/6884/5944
f 6190/6884/5944 6103/6887/5947 6024/6888/5930 6101/6889/5935
f 6135/6885/5945 6190/6884/5944 6101/6889/5935 6025/6890/5934
f 6026/6886/5946 6105/6891/5948 6191/6892/5949 6103/6887/5947
f 6105/6891/5948 6004/6783/5855 6139/6789/5861 6191/6892/5949
f 6191/6892/5949 6139/6789/5861 6007/6793/5865 6102/6893/5931
f 6103/6887/5947 6191/6892/5949 6102/6893/5931 6024/6888/5930
f 6029/6894/5950 6107/6895/5951 6192/6896/5952 6134/6897/5953
f 6107/6895/5951 6028/6898/5954 6106/6899/5955 6192/6896/5952
f 6192/6896/5952 6106/6899/5955 6026/6886/5946 6104/6883/5943
f 6134/6897/5953 6192/6896/5952 6104/6883/5943 6027/6882/5942
f 6028/6898/5954 6108/6900/5956 6193/6901/5957 6106/6899/5955
f 6108/6900/5956 6001/6773/5845 6141/6779/5851 6193/6901/5957
f 6193/6901/5957 6141/6779/5851 6004/6783/5855 6105/6891/5948
f 6106/6899/5955 6193/6901/5957 6105/6891/5948 6026/6886/5946
f 6031/6902/5958 6110/6903/5959 6194/6904/5960 6113/6905/5961
f 6110/6903/5959 6030/6906/5962 6109/6907/5963 6194/6904/5960
f 6194/6904/5960 6109/6907/5963 6028/6898/5954 6107/6895/5951
f 6113/6905/5961 6194/6904/5960 6107/6895/5951 6029/6894/5950
f 6030/6906/5962 6111/6908/5964 6195/6909/5965 6109/6907/5963
f 6111/6908/5964 5998/6761/5835 6143/6769/5841 6195/6909/5965
f 6195/6909/5965 6143/6769/5841 6001/6773/5845 6108/6900/5956
f 6109/6907/5963 6195/6909/5965 6108/6900/5956 6028/6898/5954
f 5983/6910/5779 6151/6911/5789 6196/6912/5966 6114/6913/5967
f 6151/6911/5789 5987/6914/5788 6112/6915/5968 6196/6912/5966
f 6196/6912/5966 6112/6915/5968 6030/6906/5962 6110/6903/5959
f 6114/6913/5967 6196/6912/5966 6110/6903/5959 6031/6902/5958
f 5987/6914/5788 6148/6916/5805 6197/6917/5969 6112/6915/5968
f 6148/6916/5805 5991/6753/5804 6145/6756/5831 6197/6917/5969
f 6197/6917/5969 6145/6756/5831 5998/6761/5835 6111/6908/5964
f 6112/6915/5968 6197/6917/5969 6111/6908/5964 6030/6906/5962
f 6031/6902/5958 6113/6905/5961 6198/6918/5970 6115/6919/5971
f 6113/6905/5961 6029/6894/5950 6133/6920/5972 6198/6918/5970
f 6198/6918/5970 6133/6920/5972 6033/6921/5973 6116/6922/5974
f 6115/6919/5971 6198/6918/5970 6116/6922/5974 6032/6923/5975
f 5983/6910/5779 6114/6913/5967 6199/6924/5976 6120/6925/5780
f 6114/6913/5967 6031/6902/5958 6115/6919/5971 6199/6924/5976
f 6199/6924/5976 6115/6919/5971 6032/6923/5975 6117/6926/5977
f 6120/6925/5780 6199/6924/5976 6117/6926/5977 6034/6927/5781
f 6032/6923/5975 6116/6922/5974 6200/6928/5978 6117/6926/5977
f 6116/6922/5974 6033/6921/5973 6122/6929/5979 6200/6928/5978
f 6200/6928/5978 6122/6929/5979 6035/6930/5980 6119/6931/5981
f 6117/6926/5977 6200/6928/5978 6119/6931/5981 6034/6927/5781
f 6034/6704/5781 6119/6932/5981 6201/6933/5982 6118/6705/5782
f 6119/6932/5981 6035/6934/5980 6121/6935/5983 6201/6933/5982
f 6201/6933/5982 6121/6935/5983 6036/6722/5799 6132/6721/5798
f 6118/6705/5782 6201/6933/5982 6132/6721/5798 5985/6706/5783
f 6035/6934/5980 6123/6936/5984 6202/6937/5985 6121/6935/5983
f 6123/6936/5984 6037/6938/5986 6126/6939/5987 6202/6937/5985
f 6202/6937/5985 6126/6939/5987 6039/6940/5988 6127/6941/5989
f 6121/6935/5983 6202/6937/5985 6127/6941/5989 6036/6722/5799
f 6033/6921/5973 6130/6942/5990 6203/6943/5991 6122/6929/5979
f 6130/6942/5990 6038/6944/5992 6125/6945/5993 6203/6943/5991
f 6203/6943/5991 6125/6945/5993 6037/6946/5986 6123/6947/5984
f 6122/6929/5979 6203/6943/5991 6123/6947/5984 6035/6930/5980
f 6025/6874/5934 6136/6877/5937 6204/6948/5994 6124/6949/5995
f 6136/6877/5937 6023/6879/5939 6128/6950/5996 6204/6948/5994
f 6204/6948/5994 6128/6950/5996 6039/6940/5988 6126/6939/5987
f 6124/6949/5995 6204/6948/5994 6126/6939/5987 6037/6938/5986
f 6027/6882/5942 6135/6885/5945 6205/6951/5997 6129/6952/5998
f 6135/6885/5945 6025/6890/5934 6124/6953/5995 6205/6951/5997
f 6205/6951/5997 6124/6953/5995 6037/6946/5986 6125/6945/5993
f 6129/6952/5998 6205/6951/5997 6125/6945/5993 6038/6944/5992
f 6023/6879/5939 6137/6881/5941 6206/6954/5999 6128/6950/5996
f 6137/6881/5941 5984/6713/5790 6131/6720/5797 6206/6954/5999
f 6206/6954/5999 6131/6720/5797 6036/6722/5799 6127/6941/5989
f 6128/6950/5996 6206/6954/5999 6127/6941/5989 6039/6940/5988
f 6029/6894/5950 6134/6897/5953 6207/6955/6000 6133/6920/5972
f 6134/6897/5953 6027/6882/5942 6129/6952/5998 6207/6955/6000
f 6207/6955/6000 6129/6952/5998 6038/6944/5992 6130/6942/5990
f 6133/6920/5972 6207/6955/6000 6130/6942/5990 6033/6921/5973
f 6208/6956/6001 6274/6957/6002 6402/6958/6003 6276/6959/6004
f 6274/6957/6002 6209/6960/6005 6354/6961/6006 6402/6958/6003
f 6402/6958/6003 6354/6961/6006 6260/6962/6007 6352/6963/6008
f 6276/6959/6004 6402/6958/6003 6352/6963/6008 6211/6964/6009
f 6208/6956/6001 6277/6965/6010 6403/6966/6011 6274/6957/6002
f 6277/6965/6010 6212/6967/6012 6278/6968/6013 6403/6966/6011
f 6403/6966/6011 6278/6968/6013 6213/6969/6014 6385/6970/6015
f 6274/6957/6002 6403/6966/6011 6385/6970/6015 6209/6960/6005
f 6210/6971/6016 6384/6972/6017 6404/6973/6018 6275/6974/6019
f 6384/6972/6017 6214/6975/6020 6279/6976/6021 6404/6973/6018
f 6404/6973/6018 6279/6976/6021 6212/6967/6012 6277/6965/6010
f 6275/6974/6019 6404/6973/6018 6277/6965/6010 6208/6956/6001
f 6210/6971/6016 6275/6974/6019 6405/6977/6022 6365/6978/6023
f 6275/6974/6019 6208/6956/6001 6276/6959/6004 6405/6977/6022
f 6405/6977/6022 6276/6959/6004 6211/6964/6009 6366/6979/6024
f 6365/6978/6023 6405/6977/6022 6366/6979/6024 6262/6980/6025
f 6212/6967/6012 6280/6981/6026 6406/6982/6027 6278/6968/6013
f 6280/6981/6026 6215/6983/6028 6282/6984/6029 6406/6982/6027
f 6406/6982/6027 6282/6984/6029 6217/6985/6030 6382/6986/6031
f 6278/6968/6013 6406/6982/6027 6382/6986/6031 6213/6969/6014
f 6214/6975/6020 6383/6987/6032 6407/6988/6033 6279/6976/6021
f 6383/6987/6032 6216/6989/6034 6281/6990/6035 6407/6988/6033
f 6407/6988/6033 6281/6990/6035 6215/6983/6028 6280/6981/6026
f 6279/6976/6021 6407/6988/6033 6280/6981/6026 6212/6967/6012
f 6273/6991/6036 6393/6992/6037 6408/6993/6038 6401/6994/6039
f 6393/6992/6037 6220/6995/6040 6285/6996/6041 6408/6993/6038
f 6408/6993/6038 6285/6996/6041 6218/6997/6042 6283/6998/6043
f 6401/6994/6039 6408/6993/6038 6283/6998/6043 6266/6999/6044
f 6266/6999/6044 6283/6998/6043 6409/7000/6045 6400/7001/6046
f 6283/6998/6043 6218/6997/6042 6286/7002/6047 6409/7000/6045
f 6409/7000/6045 6286/7002/6047 6221/7003/6048 6387/7004/6049
f 6400/7001/6046 6409/7000/6045 6387/7004/6049 6267/7005/6050
f 6220/6995/6040 6310/7006/6051 6410/7007/6052 6285/6996/6041
f 6310/7006/6051 6239/7008/6053 6309/7009/6054 6410/7007/6052
f 6410/7007/6052 6309/7009/6054 6219/7010/6055 6284/7011/6056
f 6285/6996/6041 6410/7007/6052 6284/7011/6056 6218/6997/6042
f 6218/6997/6042 6284/7011/6056 6411/7012/6057 6286/7002/6047
f 6284/7011/6056 6219/7010/6055 6380/7013/6058 6411/7012/6057
f 6411/7012/6057 6380/7013/6058 6222/7014/6059 6288/7015/6060
f 6286/7002/6047 6411/7012/6057 6288/7015/6060 6221/7003/6048
f 6267/7016/6050 6387/7017/6049 6412/7018/6061 6399/7019/6062
f 6387/7017/6049 6221/7020/6048 6289/7021/6063 6412/7018/6061
f 6412/7018/6061 6289/7021/6063 6223/7022/6064 6388/7023/6065
f 6399/7019/6062 6412/7018/6061 6388/7023/6065 6268/7024/6066
f 6221/7020/6048 6288/7025/6060 6413/7026/6067 6289/7021/6063
f 6288/7025/6060 6222/7027/6059 6378/7028/6068 6413/7026/6067
f 6413/7026/6067 6378/7028/6068 6225/7029/6069 6291/7030/6070
f 6289/7021/6063 6413/7026/6067 6291/7030/6070 6223/7022/6064
f 6268/7024/6066 6388/7023/6065 6414/7031/6071 6398/7032/6072
f 6388/7023/6065 6223/7022/6064 6292/7033/6073 6414/7031/6071
f 6414/7031/6071 6292/7033/6073 6226/7034/6074 6389/7035/6075
f 6398/7032/6072 6414/7031/6071 6389/7035/6075 6269/7036/6076
f 6223/7022/6064 6291/7030/6070 6415/7037/6077 6292/7033/6073
f 6291/7030/6070 6225/7029/6069 6376/7038/6078 6415/7037/6077
f 6415/7037/6077 6376/7038/6078 6228/7039/6079 6294/7040/6080
f 6292/7033/6073 6415/7037/6077 6294/7040/6080 6226/7034/6074
f 6269/7036/6076 6389/7035/6075 6416/7041/6081 6397/7042/6082
f 6389/7035/6075 6226/7034/6074 6295/7043/6083 6416/7041/6081
f 6416/7041/6081 6295/7043/6083 6229/7044/6084 6390/7045/6085
f 6397/7042/6082 6416/7041/6081 6390/7045/6085 6270/7046/6086
f 6226/7034/6074 6294/7040/6080 6417/7047/6087 6295/7043/6083
f 6294/7040/6080 6228/7039/6079 6374/7048/6088 6417/7047/6087
f 6417/7047/6087 6374/7048/6088 6231/7049/6089 6297/7050/6090
f 6295/7043/6083 6417/7047/6087 6297/7050/6090 6229/7044/6084
f 6270/7046/6086 6390/7045/6085 6418/7051/6091 6396/7052/6092
f 6390/7045/6085 6229/7044/6084 6298/7053/6093 6418/7051/6091
f 6418/7051/6091 6298/7053/6093 6232/7054/6094 6391/7055/6095
f 6396/7052/6092 6418/7051/6091 6391/7055/6095 6271/7056/6096
f 6229/7044/6084 6297/7050/6090 6419/7057/6097 6298/7053/6093
f 6297/7050/6090 6231/7049/6089 6372/7058/6098 6419/7057/6097
f 6419/7057/6097 6372/7058/6098 6234/7059/6099 6300/7060/6100
f 6298/7053/6093 6419/7057/6097 6300/7060/6100 6232/7054/6094
f 6271/7061/6096 6391/7062/6095 6420/7063/6101 6395/7064/6102
f 6391/7062/6095 6232/7065/6094 6301/7066/6103 6420/7063/6101
f 6420/7063/6101 6301/7066/6103 6235/7067/6104 6392/7068/6105
f 6395/7064/6102 6420/7063/6101 6392/7068/6105 6272/7069/6106
f 6232/7065/6094 6300/7070/6100 6421/7071/6107 6301/7066/6103
f 6300/7070/6100 6234/7072/6099 6307/7073/6108 6421/7071/6107
f 6421/7071/6107 6307/7073/6108 6237/7074/6109 6303/7075/6110
f 6301/7066/6103 6421/7071/6107 6303/7075/6110 6235/7067/6104
f 6272/7069/6106 6392/7068/6105 6422/7076/6111 6394/7077/6112
f 6392/7068/6105 6235/7067/6104 6304/7078/6113 6422/7076/6111
f 6422/7076/6111 6304/7078/6113 6220/6995/6040 6393/6992/6037
f 6394/7077/6112 6422/7076/6111 6393/6992/6037 6273/6991/6036
f 6235/7067/6104 6303/7075/6110 6423/7079/6114 6304/7078/6113
f 6303/7075/6110 6237/7074/6109 6306/7080/6115 6423/7079/6114
f 6423/7079/6114 6306/7080/6115 6239/7008/6053 6310/7006/6051
f 6304/7078/6113 6423/7079/6114 6310/7006/6051 6220/6995/6040
f 6237/7074/6109 6305/7081/6116 6424/7082/6117 6306/7080/6115
f 6305/7081/6116 6238/7083/6118 6312/7084/6119 6424/7082/6117
f 6424/7082/6117 6312/7084/6119 6240/7085/6120 6308/7086/6121
f 6306/7080/6115 6424/7082/6117 6308/7086/6121 6239/7008/6053
f 6234/7072/6099 6324/7087/6122 6425/7088/6123 6307/7073/6108
f 6324/7087/6122 6244/7089/6124 6322/7090/6125 6425/7088/6123
f 6425/7088/6123 6322/7090/6125 6238/7083/6118 6305/7081/6116
f 6307/7073/6108 6425/7088/6123 6305/7081/6116 6237/7074/6109
f 6239/7008/6053 6308/7086/6121 6426/7091/6126 6309/7009/6054
f 6308/7086/6121 6240/7085/6120 6311/7092/6127 6426/7091/6126
f 6426/7091/6126 6311/7092/6127 6241/7093/6128 6328/7094/6129
f 6309/7009/6054 6426/7091/6126 6328/7094/6129 6219/7010/6055
f 6242/7095/6130 6316/7096/6131 6427/7097/6132 6313/7098/6133
f 6316/7096/6131 6245/7099/6134 6318/7100/6135 6427/7097/6132
f 6427/7097/6132 6318/7100/6135 6241/7093/6128 6311/7092/6127
f 6313/7098/6133 6427/7097/6132 6311/7092/6127 6240/7085/6120
f 6244/7089/6124 6315/7101/6136 6428/7102/6137 6322/7090/6125
f 6315/7101/6136 6242/7095/6130 6313/7098/6133 6428/7102/6137
f 6428/7102/6137 6313/7098/6133 6240/7085/6120 6312/7084/6119
f 6322/7090/6125 6428/7102/6137 6312/7084/6119 6238/7083/6118
f 6243/7103/6138 6320/7104/6139 6429/7105/6140 6314/7106/6141
f 6320/7104/6139 6246/7107/6142 6317/7108/6143 6429/7105/6140
f 6429/7105/6140 6317/7108/6143 6245/7109/6134 6316/7110/6131
f 6314/7106/6141 6429/7105/6140 6316/7110/6131 6242/7111/6130
f 6247/7112/6144 6325/7113/6145 6430/7114/6146 6323/7115/6147
f 6325/7113/6145 6243/7103/6138 6314/7106/6141 6430/7114/6146
f 6430/7114/6146 6314/7106/6141 6242/7111/6130 6315/7116/6136
f 6323/7115/6147 6430/7114/6146 6315/7116/6136 6244/7117/6124
f 6222/7027/6059 6319/7118/6148 6431/7119/6149 6378/7028/6068
f 6319/7118/6148 6245/7109/6134 6317/7108/6143 6431/7119/6149
f 6431/7119/6149 6317/7108/6143 6246/7107/6142 6321/7120/6150
f 6378/7028/6068 6431/7119/6149 6321/7120/6150 6225/7029/6069
f 6219/7010/6055 6328/7094/6129 6432/7121/6151 6380/7013/6058
f 6328/7094/6129 6241/7093/6128 6318/7100/6135 6432/7121/6151
f 6432/7121/6151 6318/7100/6135 6245/7099/6134 6319/7122/6148
f 6380/7013/6058 6432/7121/6151 6319/7122/6148 6222/7014/6059
f 6225/7029/6069 6321/7120/6150 6433/7123/6152 6376/7038/6078
f 6321/7120/6150 6246/7107/6142 6320/7104/6139 6433/7123/6152
f 6433/7123/6152 6320/7104/6139 6243/7103/6138 6327/7124/6153
f 6376/7038/6078 6433/7123/6152 6327/7124/6153 6228/7039/6079
f 6231/7049/6089 6326/7125/6154 6434/7126/6155 6372/7058/6098
f 6326/7125/6154 6247/7112/6144 6323/7115/6147 6434/7126/6155
f 6434/7126/6155 6323/7115/6147 6244/7117/6124 6324/7127/6122
f 6372/7058/6098 6434/7126/6155 6324/7127/6122 6234/7059/6099
f 6228/7039/6079 6327/7124/6153 6435/7128/6156 6374/7048/6088
f 6327/7124/6153 6243/7103/6138 6325/7113/6145 6435/7128/6156
f 6435/7128/6156 6325/7113/6145 6247/7112/6144 6326/7125/6154
f 6374/7048/6088 6435/7128/6156 6326/7125/6154 6231/7049/6089
f 6248/7129/6157 6329/7130/6158 6436/7131/6159 6333/7132/6160
f 6329/7130/6158 6236/7133/6161 6331/7134/6162 6436/7131/6159
f 6436/7131/6159 6331/7134/6162 6216/6989/6034 6383/6987/6032
f 6333/7132/6160 6436/7131/6159 6383/6987/6032 6214/6975/6020
f 6250/7135/6163 6336/7136/5705 6437/7137/6164 6334/7138/6165
f 6336/7136/5705 6233/7139/6166 6330/7140/6167 6437/7137/6164
f 6437/7137/6164 6330/7140/6167 6236/7133/6161 6329/7130/6158
f 6334/7138/6165 6437/7137/6164 6329/7130/6158 6248/7129/6157
f 6251/7141/6168 6335/7142/6169 6438/7143/6170 6370/7144/6171
f 6335/7142/6169 6250/7135/6163 6334/7138/6165 6438/7143/6170
f 6438/7143/6170 6334/7138/6165 6248/7129/6157 6332/7145/6172
f 6370/7144/6171 6438/7143/6170 6332/7145/6172 6249/7146/6173
f 6249/7146/6173 6332/7145/6172 6439/7147/6174 6371/7148/6175
f 6332/7145/6172 6248/7129/6157 6333/7132/6160 6439/7147/6174
f 6439/7147/6174 6333/7132/6160 6214/6975/6020 6384/6972/6017
f 6371/7148/6175 6439/7147/6174 6384/6972/6017 6210/6971/6016
f 6253/7149/6176 6338/7150/6177 6440/7151/6178 6369/7152/6179
f 6338/7150/6177 6252/7153/6180 6337/7154/6181 6440/7151/6178
f 6440/7151/6178 6337/7154/6181 6250/7155/6163 6335/7156/6169
f 6369/7152/6179 6440/7151/6178 6335/7156/6169 6251/7157/6168
f 6252/7153/6180 6339/7158/6182 6441/7159/6183 6337/7154/6181
f 6339/7158/6182 6230/7160/6184 6373/7161/6185 6441/7159/6183
f 6441/7159/6183 6373/7161/6185 6233/7162/6166 6336/7163/5705
f 6337/7154/6181 6441/7159/6183 6336/7163/5705 6250/7155/6163
f 6255/7164/6186 6341/7165/6187 6442/7166/6188 6368/7167/6189
f 6341/7165/6187 6254/7168/6190 6340/7169/6191 6442/7166/6188
f 6442/7166/6188 6340/7169/6191 6252/7153/6180 6338/7150/6177
f 6368/7167/6189 6442/7166/6188 6338/7150/6177 6253/7149/6176
f 6254/7168/6190 6342/7170/6192 6443/7171/6193 6340/7169/6191
f 6342/7170/6192 6227/7172/6194 6375/7173/6195 6443/7171/6193
f 6443/7171/6193 6375/7173/6195 6230/7160/6184 6339/7158/6182
f 6340/7169/6191 6443/7171/6193 6339/7158/6182 6252/7153/6180
f 6257/7174/6196 6344/7175/6197 6444/7176/6198 6347/7177/6199
f 6344/7175/6197 6256/7178/6200 6343/7179/6201 6444/7176/6198
f 6444/7176/6198 6343/7179/6201 6254/7168/6190 6341/7165/6187
f 6347/7177/6199 6444/7176/6198 6341/7165/6187 6255/7164/6186
f 6256/7178/6200 6345/7180/6202 6445/7181/6203 6343/7179/6201
f 6345/7180/6202 6224/7182/6204 6377/7183/6205 6445/7181/6203
f 6445/7181/6203 6377/7183/6205 6227/7172/6194 6342/7170/6192
f 6343/7179/6201 6445/7181/6203 6342/7170/6192 6254/7168/6190
f 6209/7184/6005 6385/7185/6015 6446/7186/6206 6348/7187/6207
f 6385/7185/6015 6213/7188/6014 6346/7189/6208 6446/7186/6206
f 6446/7186/6206 6346/7189/6208 6256/7178/6200 6344/7175/6197
f 6348/7187/6207 6446/7186/6206 6344/7175/6197 6257/7174/6196
f 6213/7188/6014 6382/7190/6031 6447/7191/6209 6346/7189/6208
f 6382/7190/6031 6217/7192/6030 6379/7193/6210 6447/7191/6209
f 6447/7191/6209 6379/7193/6210 6224/7182/6204 6345/7180/6202
f 6346/7189/6208 6447/7191/6209 6345/7180/6202 6256/7178/6200
f 6257/7174/6196 6347/7177/6199 6448/7194/6211 6349/7195/6212
f 6347/7177/6199 6255/7164/6186 6367/7196/6213 6448/7194/6211
f 6448/7194/6211 6367/7196/6213 6259/7197/6214 6350/7198/6215
f 6349/7195/6212 6448/7194/6211 6350/7198/6215 6258/7199/6216
f 6209/7184/6005 6348/7187/6207 6449/7200/6217 6354/7201/6006
f 6348/7187/6207 6257/7174/6196 6349/7195/6212 6449/7200/6217
f 6449/7200/6217 6349/7195/6212 6258/7199/6216 6351/7202/6218
f 6354/7201/6006 6449/7200/6217 6351/7202/6218 6260/7203/6007
f 6258/7199/6216 6350/7198/6215 6450/7204/6219 6351/7202/6218
f 6350/7198/6215 6259/7197/6214 6356/7205/6220 6450/7204/6219
f 6450/7204/6219 6356/7205/6220 6261/7206/6221 6353/7207/6222
f 6351/7202/6218 6450/7204/6219 6353/7207/6222 6260/7203/6007
f 6260/6962/6007 6353/7208/6222 6451/7209/6223 6352/6963/6008
f 6353/7208/6222 6261/7210/6221 6355/7211/6224 6451/7209/6223
f 6451/7209/6223 6355/7211/6224 6262/6980/6025 6366/6979/6024
f 6352/6963/6008 6451/7209/6223 6366/6979/6024 6211/6964/6009
f 6261/7210/6221 6357/7212/6225 6452/7213/6226 6355/7211/6224
f 6357/7212/6225 6263/7214/6227 6360/7215/6228 6452/7213/6226
f 6452/7213/6226 6360/7215/6228 6265/7216/6229 6361/7217/6230
f 6355/7211/6224 6452/7213/6226 6361/7217/6230 6262/6980/6025
f 6259/7197/6214 6364/7218/6231 6453/7219/6232 6356/7205/6220
f 6364/7218/6231 6264/7220/6233 6359/7221/6234 6453/7219/6232
f 6453/7219/6232 6359/7221/6234 6263/7222/6227 6357/7223/6225
f 6356/7205/6220 6453/7219/6232 6357/7223/6225 6261/7206/6221
f 6251/7141/6168 6370/7144/6171 6454/7224/6235 6358/7225/6236
f 6370/7144/6171 6249/7146/6173 6362/7226/6237 6454/7224/6235
f 6454/7224/6235 6362/7226/6237 6265/7216/6229 6360/7215/6228
f 6358/7225/6236 6454/7224/6235 6360/7215/6228 6263/7214/6227
f 6253/7149/6176 6369/7152/6179 6455/7227/6238 6363/7228/6239
f 6369/7152/6179 6251/7157/6168 6358/7229/6236 6455/7227/6238
f 6455/7227/6238 6358/7229/6236 6263/7222/6227 6359/7221/6234
f 6363/7228/6239 6455/7227/6238 6359/7221/6234 6264/7220/6233
f 6249/7146/6173 6371/7148/6175 6456/7230/6240 6362/7226/6237
f 6371/7148/6175 6210/6971/6016 6365/6978/6023 6456/7230/6240
f 6456/7230/6240 6365/6978/6023 6262/6980/6025 6361/7217/6230
f 6362/7226/6237 6456/7230/6240 6361/7217/6230 6265/7216/6229
f 6255/7164/6186 6368/7167/6189 6457/7231/6241 6367/7196/6213
f 6368/7167/6189 6253/7149/6176 6363/7228/6239 6457/7231/6241
f 6457/7231/6241 6363/7228/6239 6264/7220/6233 6364/7218/6231
f 6367/7196/6213 6457/7231/6241 6364/7218/6231 6259/7197/6214
f 6236/7133/6161 6302/7232/6242 6458/7233/6243 6331/7134/6162
f 6302/7232/6242 6272/7069/6106 6394/7077/6112 6458/7233/6243
f 6458/7233/6243 6394/7077/6112 6273/6991/6036 6381/7234/6244
f 6331/7134/6162 6458/7233/6243 6381/7234/6244 6216/6989/6034
f 6233/7139/6166 6299/7235/6245 6459/7236/6246 6330/7140/6167
f 6299/7235/6245 6271/7061/6096 6395/7064/6102 6459/7236/6246
f 6459/7236/6246 6395/7064/6102 6272/7069/6106 6302/7232/6242
f 6330/7140/6167 6459/7236/6246 6302/7232/6242 6236/7133/6161
f 6230/7160/6184 6296/7237/6247 6460/7238/6248 6373/7161/6185
f 6296/7237/6247 6270/7046/6086 6396/7052/6092 6460/7238/6248
f 6460/7238/6248 6396/7052/6092 6271/7056/6096 6299/7239/6245
f 6373/7161/6185 6460/7238/6248 6299/7239/6245 6233/7162/6166
f 6227/7172/6194 6293/7240/6249 6461/7241/6250 6375/7173/6195
f 6293/7240/6249 6269/7036/6076 6397/7042/6082 6461/7241/6250
f 6461/7241/6250 6397/7042/6082 6270/7046/6086 6296/7237/6247
f 6375/7173/6195 6461/7241/6250 6296/7237/6247 6230/7160/6184
f 6224/7182/6204 6290/7242/6251 6462/7243/6252 6377/7183/6205
f 6290/7242/6251 6268/7024/6066 6398/7032/6072 6462/7243/6252
f 6462/7243/6252 6398/7032/6072 6269/7036/6076 6293/7240/6249
f 6377/7183/6205 6462/7243/6252 6293/7240/6249 6227/7172/6194
f 6217/7192/6030 6287/7244/6253 6463/7245/6254 6379/7193/6210
f 6287/7244/6253 6267/7016/6050 6399/7019/6062 6463/7245/6254
f 6463/7245/6254 6399/7019/6062 6268/7024/6066 6290/7242/6251
f 6379/7193/6210 6463/7245/6254 6290/7242/6251 6224/7182/6204
f 6215/6983/6028 6386/7246/6255 6464/7247/6256 6282/6984/6029
f 6386/7246/6255 6266/6999/6044 6400/7001/6046 6464/7247/6256
f 6464/7247/6256 6400/7001/6046 6267/7005/6050 6287/7248/6253
f 6282/6984/6029 6464/7247/6256 6287/7248/6253 6217/6985/6030
f 6216/6989/6034 6381/7234/6244 6465/7249/6257 6281/6990/6035
f 6381/7234/6244 6273/6991/6036 6401/6994/6039 6465/7249/6257
f 6465/7249/6257 6401/6994/6039 6266/6999/6044 6386/7246/6255
f 6281/6990/6035 6465/7249/6257 6386/7246/6255 6215/6983/6028
f 6466/7250/6258 6532/7251/6259 6660/7252/6260 6534/7253/6261
f 6532/7251/6259 6467/7254/6262 6612/7255/6263 6660/7252/6260
f 6660/7252/6260 6612/7255/6263 6518/7256/6264 6610/7257/6265
f 6534/7253/6261 6660/7252/6260 6610/7257/6265 6469/7258/6266
f 6466/7250/6258 6535/7259/6267 6661/7260/6268 6532/7251/6259
f 6535/7259/6267 6470/7261/6269 6536/7262/6270 6661/7260/6268
f 6661/7260/6268 6536/7262/6270 6471/7263/6271 6643/7264/6272
f 6532/7251/6259 6661/7260/6268 6643/7264/6272 6467/7254/6262
f 6468/7265/6273 6642/7266/6274 6662/7267/6275 6533/7268/6276
f 6642/7266/6274 6472/7269/6277 6537/7270/6278 6662/7267/6275
f 6662/7267/6275 6537/7270/6278 6470/7261/6269 6535/7259/6267
f 6533/7268/6276 6662/7267/6275 6535/7259/6267 6466/7250/6258
f 6468/7265/6273 6533/7268/6276 6663/7271/6279 6623/7272/6280
f 6533/7268/6276 6466/7250/6258 6534/7253/6261 6663/7271/6279
f 6663/7271/6279 6534/7253/6261 6469/7258/6266 6624/7273/6281
f 6623/7272/6280 6663/7271/6279 6624/7273/6281 6520/7274/6282
f 6470/7261/6269 6538/7275/6283 6664/7276/6284 6536/7262/6270
f 6538/7275/6283 6473/7277/6285 6540/7278/6286 6664/7276/6284
f 6664/7276/6284 6540/7278/6286 6475/7279/6287 6640/7280/6288
f 6536/7262/6270 6664/7276/6284 6640/7280/6288 6471/7263/6271
f 6472/7269/6277 6641/7281/6289 6665/7282/6290 6537/7270/6278
f 6641/7281/6289 6474/7283/6291 6539/7284/6292 6665/7282/6290
f 6665/7282/6290 6539/7284/6292 6473/7277/6285 6538/7275/6283
f 6537/7270/6278 6665/7282/6290 6538/7275/6283 6470/7261/6269
f 6531/7285/6293 6651/7286/6294 6666/7287/6295 6659/7288/6296
f 6651/7286/6294 6478/7289/6297 6543/7290/6298 6666/7287/6295
f 6666/7287/6295 6543/7290/6298 6476/7291/6299 6541/7292/6300
f 6659/7288/6296 6666/7287/6295 6541/7292/6300 6524/7293/6301
f 6524/7293/6301 6541/7292/6300 6667/7294/6302 6658/7295/6303
f 6541/7292/6300 6476/7291/6299 6544/7296/6304 6667/7294/6302
f 6667/7294/6302 6544/7296/6304 6479/7297/6305 6645/7298/6306
f 6658/7295/6303 6667/7294/6302 6645/7298/6306 6525/7299/6307
f 6478/7289/6297 6568/7300/6308 6668/7301/6309 6543/7290/6298
f 6568/7300/6308 6497/7302/6310 6567/7303/6311 6668/7301/6309
f 6668/7301/6309 6567/7303/6311 6477/7304/6312 6542/7305/6313
f 6543/7290/6298 6668/7301/6309 6542/7305/6313 6476/7291/6299
f 6476/7291/6299 6542/7305/6313 6669/7306/6314 6544/7296/6304
f 6542/7305/6313 6477/7304/6312 6638/7307/6315 6669/7306/6314
f 6669/7306/6314 6638/7307/6315 6480/7308/6316 6546/7309/6317
f 6544/7296/6304 6669/7306/6314 6546/7309/6317 6479/7297/6305
f 6525/7310/6307 6645/7311/6306 6670/7312/6318 6657/7313/6319
f 6645/7311/6306 6479/7314/6305 6547/7315/6320 6670/7312/6318
f 6670/7312/6318 6547/7315/6320 6481/7316/6321 6646/7317/6322
f 6657/7313/6319 6670/7312/6318 6646/7317/6322 6526/7318/6323
f 6479/7314/6305 6546/7319/6317 6671/7320/6324 6547/7315/6320
f 6546/7319/6317 6480/7321/6316 6636/7322/6325 6671/7320/6324
f 6671/7320/6324 6636/7322/6325 6483/7323/6326 6549/7324/6327
f 6547/7315/6320 6671/7320/6324 6549/7324/6327 6481/7316/6321
f 6526/7318/6323 6646/7317/6322 6672/7325/6328 6656/7326/6329
f 6646/7317/6322 6481/7316/6321 6550/7327/6330 6672/7325/6328
f 6672/7325/6328 6550/7327/6330 6484/7328/6331 6647/7329/6332
f 6656/7326/6329 6672/7325/6328 6647/7329/6332 6527/7330/6333
f 6481/7316/6321 6549/7324/6327 6673/7331/6334 6550/7327/6330
f 6549/7324/6327 6483/7323/6326 6634/7332/6335 6673/7331/6334
f 6673/7331/6334 6634/7332/6335 6486/7333/6336 6552/7334/6337
f 6550/7327/6330 6673/7331/6334 6552/7334/6337 6484/7328/6331
f 6527/7330/6333 6647/7329/6332 6674/7335/6338 6655/7336/6339
f 6647/7329/6332 6484/7328/6331 6553/7337/6340 6674/7335/6338
f 6674/7335/6338 6553/7337/6340 6487/7338/6341 6648/7339/6342
f 6655/7336/6339 6674/7335/6338 6648/7339/6342 6528/7340/6343
f 6484/7328/6331 6552/7334/6337 6675/7341/6344 6553/7337/6340
f 6552/7334/6337 6486/7333/6336 6632/7342/6345 6675/7341/6344
f 6675/7341/6344 6632/7342/6345 6489/7343/6346 6555/7344/6347
f 6553/7337/6340 6675/7341/6344 6555/7344/6347 6487/7338/6341
f 6528/7340/6343 6648/7339/6342 6676/7345/6348 6654/7346/6349
f 6648/7339/6342 6487/7338/6341 6556/7347/6350 6676/7345/6348
f 6676/7345/6348 6556/7347/6350 6490/7348/6351 6649/7349/6352
f 6654/7346/6349 6676/7345/6348 6649/7349/6352 6529/7350/6353
f 6487/7338/6341 6555/7344/6347 6677/7351/6354 6556/7347/6350
f 6555/7344/6347 6489/7343/6346 6630/7352/6355 6677/7351/6354
f 6677/7351/6354 6630/7352/6355 6492/7353/6356 6558/7354/6357
f 6556/7347/6350 6677/7351/6354 6558/7354/6357 6490/7348/6351
f 6529/7355/6353 6649/7356/6352 6678/7357/6358 6653/7358/6359
f 6649/7356/6352 6490/7359/6351 6559/7360/6360 6678/7357/6358
f 6678/7357/6358 6559/7360/6360 6493/7361/6361 6650/7362/6362
f 6653/7358/6359 6678/7357/6358 6650/7362/6362 6530/7363/6363
f 6490/7359/6351 6558/7364/6357 6679/7365/6364 6559/7360/6360
f 6558/7364/6357 6492/7366/6356 6565/7367/6365 6679/7365/6364
f 6679/7365/6364 6565/7367/6365 6495/7368/6366 6561/7369/6367
f 6559/7360/6360 6679/7365/6364 6561/7369/6367 6493/7361/6361
f 6530/7363/6363 6650/7362/6362 6680/7370/6368 6652/7371/6369
f 6650/7362/6362 6493/7361/6361 6562/7372/6370 6680/7370/6368
f 6680/7370/6368 6562/7372/6370 6478/7289/6297 6651/7286/6294
f 6652/7371/6369 6680/7370/6368 6651/7286/6294 6531/7285/6293
f 6493/7361/6361 6561/7369/6367 6681/7373/6371 6562/7372/6370
f 6561/7369/6367 6495/7368/6366 6564/7374/6372 6681/7373/6371
f 6681/7373/6371 6564/7374/6372 6497/7302/6310 6568/7300/6308
f 6562/7372/6370 6681/7373/6371 6568/7300/6308 6478/7289/6297
f 6495/7368/6366 6563/7375/6373 6682/7376/6374 6564/7374/6372
f 6563/7375/6373 6496/7377/6375 6570/7378/6376 6682/7376/6374
f 6682/7376/6374 6570/7378/6376 6498/7379/6377 6566/7380/6378
f 6564/7374/6372 6682/7376/6374 6566/7380/6378 6497/7302/6310
f 6492/7366/6356 6582/7381/6379 6683/7382/6380 6565/7367/6365
f 6582/7381/6379 6502/7383/6381 6580/7384/6382 6683/7382/6380
f 6683/7382/6380 6580/7384/6382 6496/7377/6375 6563/7375/6373
f 6565/7367/6365 6683/7382/6380 6563/7375/6373 6495/7368/6366
f 6497/7302/6310 6566/7380/6378 6684/7385/6383 6567/7303/6311
f 6566/7380/6378 6498/7379/6377 6569/7386/6384 6684/7385/6383
f 6684/7385/6383 6569/7386/6384 6499/7387/6385 6586/7388/6386
f 6567/7303/6311 6684/7385/6383 6586/7388/6386 6477/7304/6312
f 6500/7389/6387 6574/7390/6388 6685/7391/6389 6571/7392/6390
f 6574/7390/6388 6503/7393/6391 6576/7394/6392 6685/7391/6389
f 6685/7391/6389 6576/7394/6392 6499/7387/6385 6569/7386/6384
f 6571/7392/6390 6685/7391/6389 6569/7386/6384 6498/7379/6377
f 6502/7383/6381 6573/7395/6393 6686/7396/6394 6580/7384/6382
f 6573/7395/6393 6500/7389/6387 6571/7392/6390 6686/7396/6394
f 6686/7396/6394 6571/7392/6390 6498/7379/6377 6570/7378/6376
f 6580/7384/6382 6686/7396/6394 6570/7378/6376 6496/7377/6375
f 6501/7397/6395 6578/7398/6396 6687/7399/6397 6572/7400/6398
f 6578/7398/6396 6504/7401/6399 6575/7402/6400 6687/7399/6397
f 6687/7399/6397 6575/7402/6400 6503/7403/6391 6574/7404/6388
f 6572/7400/6398 6687/7399/6397 6574/7404/6388 6500/7405/6387
f 6505/7406/6401 6583/7407/6402 6688/7408/6403 6581/7409/6404
f 6583/7407/6402 6501/7397/6395 6572/7400/6398 6688/7408/6403
f 6688/7408/6403 6572/7400/6398 6500/7405/6387 6573/7410/6393
f 6581/7409/6404 6688/7408/6403 6573/7410/6393 6502/7411/6381
f 6480/7321/6316 6577/7412/6405 6689/7413/6406 6636/7322/6325
f 6577/7412/6405 6503/7403/6391 6575/7402/6400 6689/7413/6406
f 6689/7413/6406 6575/7402/6400 6504/7401/6399 6579/7414/6407
f 6636/7322/6325 6689/7413/6406 6579/7414/6407 6483/7323/6326
f 6477/7304/6312 6586/7388/6386 6690/7415/6408 6638/7307/6315
f 6586/7388/6386 6499/7387/6385 6576/7394/6392 6690/7415/6408
f 6690/7415/6408 6576/7394/6392 6503/7393/6391 6577/7416/6405
f 6638/7307/6315 6690/7415/6408 6577/7416/6405 6480/7308/6316
f 6483/7323/6326 6579/7414/6407 6691/7417/6409 6634/7332/6335
f 6579/7414/6407 6504/7401/6399 6578/7398/6396 6691/7417/6409
f 6691/7417/6409 6578/7398/6396 6501/7397/6395 6585/7418/6410
f 6634/7332/6335 6691/7417/6409 6585/7418/6410 6486/7333/6336
f 6489/7343/6346 6584/7419/6411 6692/7420/6412 6630/7352/6355
f 6584/7419/6411 6505/7406/6401 6581/7409/6404 6692/7420/6412
f 6692/7420/6412 6581/7409/6404 6502/7411/6381 6582/7421/6379
f 6630/7352/6355 6692/7420/6412 6582/7421/6379 6492/7353/6356
f 6486/7333/6336 6585/7418/6410 6693/7422/6413 6632/7342/6345
f 6585/7418/6410 6501/7397/6395 6583/7407/6402 6693/7422/6413
f 6693/7422/6413 6583/7407/6402 6505/7406/6401 6584/7419/6411
f 6632/7342/6345 6693/7422/6413 6584/7419/6411 6489/7343/6346
f 6506/7423/6414 6587/7424/6415 6694/7425/6416 6591/7426/6417
f 6587/7424/6415 6494/7427/6418 6589/7428/6419 6694/7425/6416
f 6694/7425/6416 6589/7428/6419 6474/7283/6291 6641/7281/6289
f 6591/7426/6417 6694/7425/6416 6641/7281/6289 6472/7269/6277
f 6508/7429/6420 6594/7430/6421 6695/7431/6422 6592/7432/6423
f 6594/7430/6421 6491/7433/6424 6588/7434/6425 6695/7431/6422
f 6695/7431/6422 6588/7434/6425 6494/7427/6418 6587/7424/6415
f 6592/7432/6423 6695/7431/6422 6587/7424/6415 6506/7423/6414
f 6509/7435/6426 6593/7436/6427 6696/7437/6428 6628/7438/6429
f 6593/7436/6427 6508/7429/6420 6592/7432/6423 6696/7437/6428
f 6696/7437/6428 6592/7432/6423 6506/7423/6414 6590/7439/6430
f 6628/7438/6429 6696/7437/6428 6590/7439/6430 6507/7440/6431
f 6507/7440/6431 6590/7439/6430 6697/7441/6432 6629/7442/6433
f 6590/7439/6430 6506/7423/6414 6591/7426/6417 6697/7441/6432
f 6697/7441/6432 6591/7426/6417 6472/7269/6277 6642/7266/6274
f 6629/7442/6433 6697/7441/6432 6642/7266/6274 6468/7265/6273
f 6511/7443/6434 6596/7444/6435 6698/7445/6436 6627/7446/6437
f 6596/7444/6435 6510/7447/6438 6595/7448/6439 6698/7445/6436
f 6698/7445/6436 6595/7448/6439 6508/7449/6420 6593/7450/6427
f 6627/7446/6437 6698/7445/6436 6593/7450/6427 6509/7451/6426
f 6510/7447/6438 6597/7452/6440 6699/7453/6441 6595/7448/6439
f 6597/7452/6440 6488/7454/6442 6631/7455/6443 6699/7453/6441
f 6699/7453/6441 6631/7455/6443 6491/7456/6424 6594/7457/6421
f 6595/7448/6439 6699/7453/6441 6594/7457/6421 6508/7449/6420
f 6513/7458/6444 6599/7459/6445 6700/7460/6446 6626/7461/6447
f 6599/7459/6445 6512/7462/6448 6598/7463/6449 6700/7460/6446
f 6700/7460/6446 6598/7463/6449 6510/7447/6438 6596/7444/6435
f 6626/7461/6447 6700/7460/6446 6596/7444/6435 6511/7443/6434
f 6512/7462/6448 6600/7464/6450 6701/7465/6451 6598/7463/6449
f 6600/7464/6450 6485/7466/6452 6633/7467/6453 6701/7465/6451
f 6701/7465/6451 6633/7467/6453 6488/7454/6442 6597/7452/6440
f 6598/7463/6449 6701/7465/6451 6597/7452/6440 6510/7447/6438
f 6515/7468/6454 6602/7469/6455 6702/7470/6456 6605/7471/6457
f 6602/7469/6455 6514/7472/6458 6601/7473/6459 6702/7470/6456
f 6702/7470/6456 6601/7473/6459 6512/7462/6448 6599/7459/6445
f 6605/7471/6457 6702/7470/6456 6599/7459/6445 6513/7458/6444
f 6514/7472/6458 6603/7474/6460 6703/7475/6461 6601/7473/6459
f 6603/7474/6460 6482/7476/6462 6635/7477/6463 6703/7475/6461
f 6703/7475/6461 6635/7477/6463 6485/7466/6452 6600/7464/6450
f 6601/7473/6459 6703/7475/6461 6600/7464/6450 6512/7462/6448
f 6467/7478/6262 6643/7479/6272 6704/7480/6464 6606/7481/6465
f 6643/7479/6272 6471/7482/6271 6604/7483/6466 6704/7480/6464
f 6704/7480/6464 6604/7483/6466 6514/7472/6458 6602/7469/6455
f 6606/7481/6465 6704/7480/6464 6602/7469/6455 6515/7468/6454
f 6471/7482/6271 6640/7484/6288 6705/7485/6467 6604/7483/6466
f 6640/7484/6288 6475/7486/6287 6637/7487/6468 6705/7485/6467
f 6705/7485/6467 6637/7487/6468 6482/7476/6462 6603/7474/6460
f 6604/7483/6466 6705/7485/6467 6603/7474/6460 6514/7472/6458
f 6515/7468/6454 6605/7471/6457 6706/7488/6469 6607/7489/6470
f 6605/7471/6457 6513/7458/6444 6625/7490/6471 6706/7488/6469
f 6706/7488/6469 6625/7490/6471 6517/7491/6472 6608/7492/6473
f 6607/7489/6470 6706/7488/6469 6608/7492/6473 6516/7493/6474
f 6467/7478/6262 6606/7481/6465 6707/7494/6475 6612/7495/6263
f 6606/7481/6465 6515/7468/6454 6607/7489/6470 6707/7494/6475
f 6707/7494/6475 6607/7489/6470 6516/7493/6474 6609/7496/6476
f 6612/7495/6263 6707/7494/6475 6609/7496/6476 6518/7497/6264
f 6516/7493/6474 6608/7492/6473 6708/7498/6477 6609/7496/6476
f 6608/7492/6473 6517/7491/6472 6614/7499/6478 6708/7498/6477
f 6708/7498/6477 6614/7499/6478 6519/7500/6479 6611/7501/6480
f 6609/7496/6476 6708/7498/6477 6611/7501/6480 6518/7497/6264
f 6518/7256/6264 6611/7502/6480 6709/7503/6481 6610/7257/6265
f 6611/7502/6480 6519/7504/6479 6613/7505/6482 6709/7503/6481
f 6709/7503/6481 6613/7505/6482 6520/7274/6282 6624/7273/6281
f 6610/7257/6265 6709/7503/6481 6624/7273/6281 6469/7258/6266
f 6519/7504/6479 6615/7506/6483 6710/7507/6484 6613/7505/6482
f 6615/7506/6483 6521/7508/6485 6618/7509/6486 6710/7507/6484
f 6710/7507/6484 6618/7509/6486 6523/7510/6487 6619/7511/6488
f 6613/7505/6482 6710/7507/6484 6619/7511/6488 6520/7274/6282
f 6517/7491/6472 6622/7512/6489 6711/7513/6490 6614/7499/6478
f 6622/7512/6489 6522/7514/6491 6617/7515/6492 6711/7513/6490
f 6711/7513/6490 6617/7515/6492 6521/7516/6485 6615/7517/6483
f 6614/7499/6478 6711/7513/6490 6615/7517/6483 6519/7500/6479
f 6509/7435/6426 6628/7438/6429 6712/7518/6493 6616/7519/6494
f 6628/7438/6429 6507/7440/6431 6620/7520/6495 6712/7518/6493
f 6712/7518/6493 6620/7520/6495 6523/7510/6487 6618/7509/6486
f 6616/7519/6494 6712/7518/6493 6618/7509/6486 6521/7508/6485
f 6511/7443/6434 6627/7446/6437 6713/7521/6496 6621/7522/6497
f 6627/7446/6437 6509/7451/6426 6616/7523/6494 6713/7521/6496
f 6713/7521/6496 6616/7523/6494 6521/7516/6485 6617/7515/6492
f 6621/7522/6497 6713/7521/6496 6617/7515/6492 6522/7514/6491
f 6507/7440/6431 6629/7442/6433 6714/7524/6498 6620/7520/6495
f 6629/7442/6433 6468/7265/6273 6623/7272/6280 6714/7524/6498
f 6714/7524/6498 6623/7272/6280 6520/7274/6282 6619/7511/6488
f 6620/7520/6495 6714/7524/6498 6619/7511/6488 6523/7510/6487
f 6513/7458/6444 6626/7461/6447 6715/7525/6499 6625/7490/6471
f 6626/7461/6447 6511/7443/6434 6621/7522/6497 6715/7525/6499
f 6715/7525/6499 6621/7522/6497 6522/7514/6491 6622/7512/6489
f 6625/7490/6471 6715/7525/6499 6622/7512/6489 6517/7491/6472
f 6494/7427/6418 6560/7526/6500 6716/7527/6501 6589/7428/6419
f 6560/7526/6500 6530/7363/6363 6652/7371/6369 6716/7527/6501
f 6716/7527/6501 6652/7371/6369 6531/7285/6293 6639/7528/6502
f 6589/7428/6419 6716/7527/6501 6639/7528/6502 6474/7283/6291
f 6491/7433/6424 6557/7529/6503 6717/7530/6504 6588/7434/6425
f 6557/7529/6503 6529/7355/6353 6653/7358/6359 6717/7530/6504
f 6717/7530/6504 6653/7358/6359 6530/7363/6363 6560/7526/6500
f 6588/7434/6425 6717/7530/6504 6560/7526/6500 6494/7427/6418
f 6488/7454/6442 6554/7531/6505 6718/7532/6506 6631/7455/6443
f 6554/7531/6505 6528/7340/6343 6654/7346/6349 6718/7532/6506
f 6718/7532/6506 6654/7346/6349 6529/7350/6353 6557/7533/6503
f 6631/7455/6443 6718/7532/6506 6557/7533/6503 6491/7456/6424
f 6485/7466/6452 6551/7534/6507 6719/7535/6508 6633/7467/6453
f 6551/7534/6507 6527/7330/6333 6655/7336/6339 6719/7535/6508
f 6719/7535/6508 6655/7336/6339 6528/7340/6343 6554/7531/6505
f 6633/7467/6453 6719/7535/6508 6554/7531/6505 6488/7454/6442
f 6482/7476/6462 6548/7536/6509 6720/7537/6510 6635/7477/6463
f 6548/7536/6509 6526/7318/6323 6656/7326/6329 6720/7537/6510
f 6720/7537/6510 6656/7326/6329 6527/7330/6333 6551/7534/6507
f 6635/7477/6463 6720/7537/6510 6551/7534/6507 6485/7466/6452
f 6475/7486/6287 6545/7538/6511 6721/7539/6512 6637/7487/6468
f 6545/7538/6511 6525/7310/6307 6657/7313/6319 6721/7539/6512
f 6721/7539/6512 6657/7313/6319 6526/7318/6323 6548/7536/6509
f 6637/7487/6468 6721/7539/6512 6548/7536/6509 6482/7476/6462
f 6473/7277/6285 6644/7540/6513 6722/7541/6514 6540/7278/6286
f 6644/7540/6513 6524/7293/6301 6658/7295/6303 6722/7541/6514
f 6722/7541/6514 6658/7295/6303 6525/7299/6307 6545/7542/6511
f 6540/7278/6286 6722/7541/6514 6545/7542/6511 6475/7279/6287
f 6474/7283/6291 6639/7528/6502 6723/7543/6515 6539/7284/6292
f 6639/7528/6502 6531/7285/6293 6659/7288/6296 6723/7543/6515
f 6723/7543/6515 6659/7288/6296 6524/7293/6301 6644/7540/6513
f 6539/7284/6292 6723/7543/6515 6644/7540/6513 6473/7277/6285
f 6724/7544/6516 6790/7545/6517 6918/7546/6518 6792/7547/6519
f 6790/7545/6517 6725/7548/6520 6870/7549/6521 6918/7546/6518
f 6918/7546/6518 6870/7549/6521 6776/7550/6522 6868/7551/6523
f 6792/7547/6519 6918/7546/6518 6868/7551/6523 6727/7552/6524
f 6724/7544/6516 6793/7553/6525 6919/7554/6526 6790/7545/6517
f 6793/7553/6525 6728/7555/6527 6794/7556/6528 6919/7554/6526
f 6919/7554/6526 6794/7556/6528 6729/7557/6529 6901/7558/6530
f 6790/7545/6517 6919/7554/6526 6901/7558/6530 6725/7548/6520
f 6726/7559/6531 6900/7560/6532 6920/7561/6533 6791/7562/6534
f 6900/7560/6532 6730/7563/6535 6795/7564/6536 6920/7561/6533
f 6920/7561/6533 6795/7564/6536 6728/7555/6527 6793/7553/6525
f 6791/7562/6534 6920/7561/6533 6793/7553/6525 6724/7544/6516
f 6726/7559/6531 6791/7562/6534 6921/7565/6537 6881/7566/6538
f 6791/7562/6534 6724/7544/6516 6792/7547/6519 6921/7565/6537
f 6921/7565/6537 6792/7547/6519 6727/7552/6524 6882/7567/6539
f 6881/7566/6538 6921/7565/6537 6882/7567/6539 6778/7568/6540
f 6728/7555/6527 6796/7569/6541 6922/7570/6542 6794/7556/6528
f 6796/7569/6541 6731/7571/6543 6798/7572/6544 6922/7570/6542
f 6922/7570/6542 6798/7572/6544 6733/7573/6545 6898/7574/6546
f 6794/7556/6528 6922/7570/6542 6898/7574/6546 6729/7557/6529
f 6730/7563/6535 6899/7575/6547 6923/7576/6548 6795/7564/6536
f 6899/7575/6547 6732/7577/6549 6797/7578/6550 6923/7576/6548
f 6923/7576/6548 6797/7578/6550 6731/7571/6543 6796/7569/6541
f 6795/7564/6536 6923/7576/6548 6796/7569/6541 6728/7555/6527
f 6789/7579/6551 6909/7580/6552 6924/7581/6553 6917/7582/6554
f 6909/7580/6552 6736/7583/6555 6801/7584/6556 6924/7581/6553
f 6924/7581/6553 6801/7584/6556 6734/7585/6557 6799/7586/6558
f 6917/7582/6554 6924/7581/6553 6799/7586/6558 6782/7587/6559
f 6782/7587/6559 6799/7586/6558 6925/7588/6560 6916/7589/6561
f 6799/7586/6558 6734/7585/6557 6802/7590/6562 6925/7588/6560
f 6925/7588/6560 6802/7590/6562 6737/7591/6563 6903/7592/6564
f 6916/7589/6561 6925/7588/6560 6903/7592/6564 6783/7593/6565
f 6736/7583/6555 6826/7594/6566 6926/7595/6567 6801/7584/6556
f 6826/7594/6566 6755/7596/6568 6825/7597/6569 6926/7595/6567
f 6926/7595/6567 6825/7597/6569 6735/7598/6570 6800/7599/6571
f 6801/7584/6556 6926/7595/6567 6800/7599/6571 6734/7585/6557
f 6734/7585/6557 6800/7599/6571 6927/7600/6572 6802/7590/6562
f 6800/7599/6571 6735/7598/6570 6896/7601/6573 6927/7600/6572
f 6927/7600/6572 6896/7601/6573 6738/7602/6574 6804/7603/6575
f 6802/7590/6562 6927/7600/6572 6804/7603/6575 6737/7591/6563
f 6783/7604/6565 6903/7605/6564 6928/7606/6576 6915/7607/6577
f 6903/7605/6564 6737/7608/6563 6805/7609/6578 6928/7606/6576
f 6928/7606/6576 6805/7609/6578 6739/7610/6579 6904/7611/6580
f 6915/7607/6577 6928/7606/6576 6904/7611/6580 6784/7612/6581
f 6737/7608/6563 6804/7613/6575 6929/7614/6582 6805/7609/6578
f 6804/7613/6575 6738/7615/6574 6894/7616/6583 6929/7614/6582
f 6929/7614/6582 6894/7616/6583 6741/7617/6584 6807/7618/6585
f 6805/7609/6578 6929/7614/6582 6807/7618/6585 6739/7610/6579
f 6784/7612/6581 6904/7611/6580 6930/7619/6586 6914/7620/6587
f 6904/7611/6580 6739/7610/6579 6808/7621/6588 6930/7619/6586
f 6930/7619/6586 6808/7621/6588 6742/7622/6589 6905/7623/6590
f 6914/7620/6587 6930/7619/6586 6905/7623/6590 6785/7624/6591
f 6739/7610/6579 6807/7618/6585 6931/7625/6592 6808/7621/6588
f 6807/7618/6585 6741/7617/6584 6892/7626/6593 6931/7625/6592
f 6931/7625/6592 6892/7626/6593 6744/7627/6594 6810/7628/6595
f 6808/7621/6588 6931/7625/6592 6810/7628/6595 6742/7622/6589
f 6785/7624/6591 6905/7623/6590 6932/7629/6596 6913/7630/6597
f 6905/7623/6590 6742/7622/6589 6811/7631/6598 6932/7629/6596
f 6932/7629/6596 6811/7631/6598 6745/7632/6599 6906/7633/6600
f 6913/7630/6597 6932/7629/6596 6906/7633/6600 6786/7634/6601
f 6742/7622/6589 6810/7628/6595 6933/7635/6602 6811/7631/6598
f 6810/7628/6595 6744/7627/6594 6890/7636/6603 6933/7635/6602
f 6933/7635/6602 6890/7636/6603 6747/7637/6604 6813/7638/6605
f 6811/7631/6598 6933/7635/6602 6813/7638/6605 6745/7632/6599
f 6786/7634/6601 6906/7633/6600 6934/7639/6606 6912/7640/6607
f 6906/7633/6600 6745/7632/6599 6814/7641/6608 6934/7639/6606
f 6934/7639/6606 6814/7641/6608 6748/7642/6609 6907/7643/6610
f 6912/7640/6607 6934/7639/6606 6907/7643/6610 6787/7644/6611
f 6745/7632/6599 6813/7638/6605 6935/7645/6612 6814/7641/6608
f 6813/7638/6605 6747/7637/6604 6888/7646/6613 6935/7645/6612
f 6935/7645/6612 6888/7646/6613 6750/7647/6614 6816/7648/6615
f 6814/7641/6608 6935/7645/6612 6816/7648/6615 6748/7642/6609
f 6787/7649/6611 6907/7650/6610 6936/7651/6616 6911/7652/6617
f 6907/7650/6610 6748/7653/6609 6817/7654/6618 6936/7651/6616
f 6936/7651/6616 6817/7654/6618 6751/7655/6619 6908/7656/6620
f 6911/7652/6617 6936/7651/6616 6908/7656/6620 6788/7657/6621
f 6748/7653/6609 6816/7658/6615 6937/7659/6622 6817/7654/6618
f 6816/7658/6615 6750/7660/6614 6823/7661/6623 6937/7659/6622
f 6937/7659/6622 6823/7661/6623 6753/7662/6624 6819/7663/6625
f 6817/7654/6618 6937/7659/6622 6819/7663/6625 6751/7655/6619
f 6788/7657/6621 6908/7656/6620 6938/7664/6626 6910/7665/6627
f 6908/7656/6620 6751/7655/6619 6820/7666/6628 6938/7664/6626
f 6938/7664/6626 6820/7666/6628 6736/7583/6555 6909/7580/6552
f 6910/7665/6627 6938/7664/6626 6909/7580/6552 6789/7579/6551
f 6751/7655/6619 6819/7663/6625 6939/7667/6629 6820/7666/6628
f 6819/7663/6625 6753/7662/6624 6822/7668/6630 6939/7667/6629
f 6939/7667/6629 6822/7668/6630 6755/7596/6568 6826/7594/6566
f 6820/7666/6628 6939/7667/6629 6826/7594/6566 6736/7583/6555
f 6753/7662/6624 6821/7669/6631 6940/7670/6632 6822/7668/6630
f 6821/7669/6631 6754/7671/6633 6828/7672/6634 6940/7670/6632
f 6940/7670/6632 6828/7672/6634 6756/7673/6635 6824/7674/6636
f 6822/7668/6630 6940/7670/6632 6824/7674/6636 6755/7596/6568
f 6750/7660/6614 6840/7675/6637 6941/7676/6638 6823/7661/6623
f 6840/7675/6637 6760/7677/6639 6838/7678/6640 6941/7676/6638
f 6941/7676/6638 6838/7678/6640 6754/7671/6633 6821/7669/6631
f 6823/7661/6623 6941/7676/6638 6821/7669/6631 6753/7662/6624
f 6755/7596/6568 6824/7674/6636 6942/7679/6641 6825/7597/6569
f 6824/7674/6636 6756/7673/6635 6827/7680/6642 6942/7679/6641
f 6942/7679/6641 6827/7680/6642 6757/7681/6643 6844/7682/6644
f 6825/7597/6569 6942/7679/6641 6844/7682/6644 6735/7598/6570
f 6758/7683/6645 6832/7684/6646 6943/7685/6647 6829/7686/6648
f 6832/7684/6646 6761/7687/6649 6834/7688/6650 6943/7685/6647
f 6943/7685/6647 6834/7688/6650 6757/7681/6643 6827/7680/6642
f 6829/7686/6648 6943/7685/6647 6827/7680/6642 6756/7673/6635
f 6760/7677/6639 6831/7689/6651 6944/7690/6652 6838/7678/6640
f 6831/7689/6651 6758/7683/6645 6829/7686/6648 6944/7690/6652
f 6944/7690/6652 6829/7686/6648 6756/7673/6635 6828/7672/6634
f 6838/7678/6640 6944/7690/6652 6828/7672/6634 6754/7671/6633
f 6759/7691/6653 6836/7692/6654 6945/7693/6655 6830/7694/6656
f 6836/7692/6654 6762/7695/6657 6833/7696/6658 6945/7693/6655
f 6945/7693/6655 6833/7696/6658 6761/7697/6649 6832/7698/6646
f 6830/7694/6656 6945/7693/6655 6832/7698/6646 6758/7699/6645
f 6763/7700/6659 6841/7701/6660 6946/7702/6661 6839/7703/6662
f 6841/7701/6660 6759/7691/6653 6830/7694/6656 6946/7702/6661
f 6946/7702/6661 6830/7694/6656 6758/7699/6645 6831/7704/6651
f 6839/7703/6662 6946/7702/6661 6831/7704/6651 6760/7705/6639
f 6738/7615/6574 6835/7706/6663 6947/7707/6664 6894/7616/6583
f 6835/7706/6663 6761/7697/6649 6833/7696/6658 6947/7707/6664
f 6947/7707/6664 6833/7696/6658 6762/7695/6657 6837/7708/6665
f 6894/7616/6583 6947/7707/6664 6837/7708/6665 6741/7617/6584
f 6735/7598/6570 6844/7682/6644 6948/7709/6666 6896/7601/6573
f 6844/7682/6644 6757/7681/6643 6834/7688/6650 6948/7709/6666
f 6948/7709/6666 6834/7688/6650 6761/7687/6649 6835/7710/6663
f 6896/7601/6573 6948/7709/6666 6835/7710/6663 6738/7602/6574
f 6741/7617/6584 6837/7708/6665 6949/7711/6667 6892/7626/6593
f 6837/7708/6665 6762/7695/6657 6836/7692/6654 6949/7711/6667
f 6949/7711/6667 6836/7692/6654 6759/7691/6653 6843/7712/6668
f 6892/7626/6593 6949/7711/6667 6843/7712/6668 6744/7627/6594
f 6747/7637/6604 6842/7713/6669 6950/7714/6670 6888/7646/6613
f 6842/7713/6669 6763/7700/6659 6839/7703/6662 6950/7714/6670
f 6950/7714/6670 6839/7703/6662 6760/7705/6639 6840/7715/6637
f 6888/7646/6613 6950/7714/6670 6840/7715/6637 6750/7647/6614
f 6744/7627/6594 6843/7712/6668 6951/7716/6671 6890/7636/6603
f 6843/7712/6668 6759/7691/6653 6841/7701/6660 6951/7716/6671
f 6951/7716/6671 6841/7701/6660 6763/7700/6659 6842/7713/6669
f 6890/7636/6603 6951/7716/6671 6842/7713/6669 6747/7637/6604
f 6764/7717/6672 6845/7718/6673 6952/7719/6674 6849/7720/6675
f 6845/7718/6673 6752/7721/6676 6847/7722/6677 6952/7719/6674
f 6952/7719/6674 6847/7722/6677 6732/7577/6549 6899/7575/6547
f 6849/7720/6675 6952/7719/6674 6899/7575/6547 6730/7563/6535
f 6766/7723/6678 6852/7724/6679 6953/7725/6680 6850/7726/6681
f 6852/7724/6679 6749/7727/6682 6846/7728/6683 6953/7725/6680
f 6953/7725/6680 6846/7728/6683 6752/7721/6676 6845/7718/6673
f 6850/7726/6681 6953/7725/6680 6845/7718/6673 6764/7717/6672
f 6767/7729/6684 6851/7730/6685 6954/7731/6686 6886/7732/6687
f 6851/7730/6685 6766/7723/6678 6850/7726/6681 6954/7731/6686
f 6954/7731/6686 6850/7726/6681 6764/7717/6672 6848/7733/6688
f 6886/7732/6687 6954/7731/6686 6848/7733/6688 6765/7734/6689
f 6765/7734/6689 6848/7733/6688 6955/7735/6690 6887/7736/6691
f 6848/7733/6688 6764/7717/6672 6849/7720/6675 6955/7735/6690
f 6955/7735/6690 6849/7720/6675 6730/7563/6535 6900/7560/6532
f 6887/7736/6691 6955/7735/6690 6900/7560/6532 6726/7559/6531
f 6769/7737/6692 6854/7738/6693 6956/7739/6694 6885/7740/6695
f 6854/7738/6693 6768/7741/6696 6853/7742/6697 6956/7739/6694
f 6956/7739/6694 6853/7742/6697 6766/7743/6678 6851/7744/6685
f 6885/7740/6695 6956/7739/6694 6851/7744/6685 6767/7745/6684
f 6768/7741/6696 6855/7746/6698 6957/7747/6699 6853/7742/6697
f 6855/7746/6698 6746/7748/6700 6889/7749/6701 6957/7747/6699
f 6957/7747/6699 6889/7749/6701 6749/7750/6682 6852/7751/6679
f 6853/7742/6697 6957/7747/6699 6852/7751/6679 6766/7743/6678
f 6771/7752/6702 6857/7753/6703 6958/7754/6704 6884/7755/6705
f 6857/7753/6703 6770/7756/6706 6856/7757/6707 6958/7754/6704
f 6958/7754/6704 6856/7757/6707 6768/7741/6696 6854/7738/6693
f 6884/7755/6705 6958/7754/6704 6854/7738/6693 6769/7737/6692
f 6770/7756/6706 6858/7758/6708 6959/7759/6709 6856/7757/6707
f 6858/7758/6708 6743/7760/6710 6891/7761/6711 6959/7759/6709
f 6959/7759/6709 6891/7761/6711 6746/7748/6700 6855/7746/6698
f 6856/7757/6707 6959/7759/6709 6855/7746/6698 6768/7741/6696
f 6773/7762/6712 6860/7763/6713 6960/7764/6714 6863/7765/6715
f 6860/7763/6713 6772/7766/6716 6859/7767/6717 6960/7764/6714
f 6960/7764/6714 6859/7767/6717 6770/7756/6706 6857/7753/6703
f 6863/7765/6715 6960/7764/6714 6857/7753/6703 6771/7752/6702
f 6772/7766/6716 6861/7768/6718 6961/7769/6719 6859/7767/6717
f 6861/7768/6718 6740/7770/6720 6893/7771/6721 6961/7769/6719
f 6961/7769/6719 6893/7771/6721 6743/7760/6710 6858/7758/6708
f 6859/7767/6717 6961/7769/6719 6858/7758/6708 6770/7756/6706
f 6725/7772/6520 6901/7773/6530 6962/7774/6722 6864/7775/6723
f 6901/7773/6530 6729/7776/6529 6862/7777/6724 6962/7774/6722
f 6962/7774/6722 6862/7777/6724 6772/7766/6716 6860/7763/6713
f 6864/7775/6723 6962/7774/6722 6860/7763/6713 6773/7762/6712
f 6729/7776/6529 6898/7778/6546 6963/7779/6725 6862/7777/6724
f 6898/7778/6546 6733/7780/6545 6895/7781/6726 6963/7779/6725
f 6963/7779/6725 6895/7781/6726 6740/7770/6720 6861/7768/6718
f 6862/7777/6724 6963/7779/6725 6861/7768/6718 6772/7766/6716
f 6773/7762/6712 6863/7765/6715 6964/7782/6727 6865/7783/6728
f 6863/7765/6715 6771/7752/6702 6883/7784/6729 6964/7782/6727
f 6964/7782/6727 6883/7784/6729 6775/7785/6730 6866/7786/6731
f 6865/7783/6728 6964/7782/6727 6866/7786/6731 6774/7787/6732
f 6725/7772/6520 6864/7775/6723 6965/7788/6733 6870/7789/6521
f 6864/7775/6723 6773/7762/6712 6865/7783/6728 6965/7788/6733
f 6965/7788/6733 6865/7783/6728 6774/7787/6732 6867/7790/6734
f 6870/7789/6521 6965/7788/6733 6867/7790/6734 6776/7791/6522
f 6774/7787/6732 6866/7786/6731 6966/7792/6735 6867/7790/6734
f 6866/7786/6731 6775/7785/6730 6872/7793/6736 6966/7792/6735
f 6966/7792/6735 6872/7793/6736 6777/7794/6737 6869/7795/6738
f 6867/7790/6734 6966/7792/6735 6869/7795/6738 6776/7791/6522
f 6776/7550/6522 6869/7796/6738 6967/7797/6739 6868/7551/6523
f 6869/7796/6738 6777/7798/6737 6871/7799/6740 6967/7797/6739
f 6967/7797/6739 6871/7799/6740 6778/7568/6540 6882/7567/6539
f 6868/7551/6523 6967/7797/6739 6882/7567/6539 6727/7552/6524
f 6777/7798/6737 6873/7800/6741 6968/7801/6742 6871/7799/6740
f 6873/7800/6741 6779/7802/6743 6876/7803/6744 6968/7801/6742
f 6968/7801/6742 6876/7803/6744 6781/7804/6745 6877/7805/6746
f 6871/7799/6740 6968/7801/6742 6877/7805/6746 6778/7568/6540
f 6775/7785/6730 6880/7806/6747 6969/7807/6748 6872/7793/6736
f 6880/7806/6747 6780/7808/6749 6875/7809/6750 6969/7807/6748
f 6969/7807/6748 6875/7809/6750 6779/7810/6743 6873/7811/6741
f 6872/7793/6736 6969/7807/6748 6873/7811/6741 6777/7794/6737
f 6767/7729/6684 6886/7732/6687 6970/7812/6751 6874/7813/6752
f 6886/7732/6687 6765/7734/6689 6878/7814/6753 6970/7812/6751
f 6970/7812/6751 6878/7814/6753 6781/7804/6745 6876/7803/6744
f 6874/7813/6752 6970/7812/6751 6876/7803/6744 6779/7802/6743
f 6769/7737/6692 6885/7740/6695 6971/7815/6754 6879/7816/6755
f 6885/7740/6695 6767/7745/6684 6874/7817/6752 6971/7815/6754
f 6971/7815/6754 6874/7817/6752 6779/7810/6743 6875/7809/6750
f 6879/7816/6755 6971/7815/6754 6875/7809/6750 6780/7808/6749
f 6765/7734/6689 6887/7736/6691 6972/7818/6756 6878/7814/6753
f 6887/7736/6691 6726/7559/6531 6881/7566/6538 6972/7818/6756
f 6972/7818/6756 6881/7566/6538 6778/7568/6540 6877/7805/6746
f 6878/7814/6753 6972/7818/6756 6877/7805/6746 6781/7804/6745
f 6771/7752/6702 6884/7755/6705 6973/7819/6757 6883/7784/6729
f 6884/7755/6705 6769/7737/6692 6879/7816/6755 6973/7819/6757
f 6973/7819/6757 6879/7816/6755 6780/7808/6749 6880/7806/6747
f 6883/7784/6729 6973/7819/6757 6880/7806/6747 6775/7785/6730
f 6752/7721/6676 6818/7820/6758 6974/7821/6759 6847/7722/6677
f 6818/7820/6758 6788/7657/6621 6910/7665/6627 6974/7821/6759
f 6974/7821/6759 6910/7665/6627 6789/7579/6551 6897/7822/6760
f 6847/7722/6677 6974/7821/6759 6897/7822/6760 6732/7577/6549
f 6749/7727/6682 6815/7823/6761 6975/7824/6762 6846/7728/6683
f 6815/7823/6761 6787/7649/6611 6911/7652/6617 6975/7824/6762
f 6975/7824/6762 6911/7652/6617 6788/7657/6621 6818/7820/6758
f 6846/7728/6683 6975/7824/6762 6818/7820/6758 6752/7721/6676
f 6746/7748/6700 6812/7825/6763 6976/7826/6764 6889/7749/6701
f 6812/7825/6763 6786/7634/6601 6912/7640/6607 6976/7826/6764
f 6976/7826/6764 6912/7640/6607 6787/7644/6611 6815/7827/6761
f 6889/7749/6701 6976/7826/6764 6815/7827/6761 6749/7750/6682
f 6743/7760/6710 6809/7828/6765 6977/7829/6766 6891/7761/6711
f 6809/7828/6765 6785/7624/6591 6913/7630/6597 6977/7829/6766
f 6977/7829/6766 6913/7630/6597 6786/7634/6601 6812/7825/6763
f 6891/7761/6711 6977/7829/6766 6812/7825/6763 6746/7748/6700
f 6740/7770/6720 6806/7830/6767 6978/7831/6768 6893/7771/6721
f 6806/7830/6767 6784/7612/6581 6914/7620/6587 6978/7831/6768
f 6978/7831/6768 6914/7620/6587 6785/7624/6591 6809/7828/6765
f 6893/7771/6721 6978/7831/6768 6809/7828/6765 6743/7760/6710
f 6733/7780/6545 6803/7832/6769 6979/7833/6770 6895/7781/6726
f 6803/7832/6769 6783/7604/6565 6915/7607/6577 6979/7833/6770
f 6979/7833/6770 6915/7607/6577 6784/7612/6581 6806/7830/6767
f 6895/7781/6726 6979/7833/6770 6806/7830/6767 6740/7770/6720
f 6731/7571/6543 6902/7834/6771 6980/7835/6772 6798/7572/6544
f 6902/7834/6771 6782/7587/6559 6916/7589/6561 6980/7835/6772
f 6980/7835/6772 6916/7589/6561 6783/7593/6565 6803/7836/6769
f 6798/7572/6544 6980/7835/6772 6803/7836/6769 6733/7573/6545
f 6732/7577/6549 6897/7822/6760 6981/7837/6773 6797/7578/6550
f 6897/7822/6760 6789/7579/6551 6917/7582/6554 6981/7837/6773
f 6981/7837/6773 6917/7582/6554 6782/7587/6559 6902/7834/6771
f 6797/7578/6550 6981/7837/6773 6902/7834/6771 6731/7571/6543
